time, id, name, x, y, z, h, p, r, speed, wheel_angle, wheel_rot
0.000, 0, Ego, -394.190, -86.372, 0.000, 3.892, 0.000, 0.000, 27.780, 0.000, 0.000
0.000, 1, NPC, -445.408, -134.087, 0.000, 3.892, 0.000, 0.000, 27.780, 0.000, 0.000
0.050, 0, Ego, -395.207, -87.319, 0.000, 3.892, 0.000, 0.000, 27.780, 0.000, 3.969
0.050, 1, NPC, -446.425, -135.034, 0.000, 3.892, 0.000, 0.000, 27.780, 0.000, 3.969
0.100, 0, Ego, -396.223, -88.266, 0.000, 3.892, 0.000, 0.000, 27.780, 0.000, 1.654
0.100, 1, NPC, -447.441, -135.981, 0.000, 3.892, 0.000, 0.000, 27.780, 0.000, 1.654
0.150, 0, Ego, -397.239, -89.213, 0.000, 3.892, 0.000, 0.000, 27.780, 0.000, 5.623
0.150, 1, NPC, -448.457, -136.927, 0.000, 3.892, 0.000, 0.000, 27.780, 0.000, 5.623
0.200, 0, Ego, -398.256, -90.159, 0.000, 3.892, 0.000, 0.000, 27.780, 0.000, 3.308
0.200, 1, NPC, -449.474, -137.874, 0.000, 3.892, 0.000, 0.000, 27.780, 0.000, 3.308
0.250, 0, Ego, -399.272, -91.106, 0.000, 3.892, 0.000, 0.000, 27.780, 0.000, 0.993
0.250, 1, NPC, -450.490, -138.821, 0.000, 3.892, 0.000, 0.000, 27.780, 0.000, 0.993
0.300, 0, Ego, -400.288, -92.053, 0.000, 3.892, 0.000, 0.000, 27.780, 0.000, 4.962
0.300, 1, NPC, -451.506, -139.768, 0.000, 3.892, 0.000, 0.000, 27.780, 0.000, 4.962
0.350, 0, Ego, -401.304, -93.000, 0.000, 3.892, 0.000, 0.000, 27.780, 0.000, 2.647
0.350, 1, NPC, -452.523, -140.715, 0.000, 3.892, 0.000, 0.000, 27.780, 0.000, 2.647
0.400, 0, Ego, -402.321, -93.947, 0.000, 3.892, 0.000, 0.000, 27.780, 0.000, 0.333
0.400, 1, NPC, -453.539, -141.661, 0.000, 3.892, 0.000, 0.000, 27.780, 0.000, 0.333
0.450, 0, Ego, -403.337, -94.893, 0.000, 3.892, 0.000, 0.000, 27.780, 0.000, 4.301
0.450, 1, NPC, -454.555, -142.608, 0.000, 3.892, 0.000, 0.000, 27.780, 0.000, 4.301
0.500, 0, Ego, -404.353, -95.840, 0.000, 3.892, 0.000, 0.000, 27.780, 0.000, 1.987
0.500, 1, NPC, -455.572, -143.555, 0.000, 3.892, 0.000, 0.000, 27.780, 0.000, 1.987
0.550, 0, Ego, -405.370, -96.787, 0.000, 3.892, 0.000, 0.000, 27.780, 0.000, 5.955
0.550, 1, NPC, -456.588, -144.502, 0.000, 3.892, 0.000, 0.000, 27.780, 0.000, 5.955
0.600, 0, Ego, -406.386, -97.734, 0.000, 3.892, 0.000, 0.000, 27.780, 0.000, 3.641
0.600, 1, NPC, -457.604, -145.449, 0.000, 3.892, 0.000, 0.000, 27.780, 0.000, 3.641
0.650, 0, Ego, -407.402, -98.681, 0.000, 3.892, 0.000, 0.000, 27.780, 0.000, 1.326
0.650, 1, NPC, -458.621, -146.395, 0.000, 3.892, 0.000, 0.000, 27.780, 0.000, 1.326
0.700, 0, Ego, -408.419, -99.627, 0.000, 3.892, 0.000, 0.000, 27.780, 0.000, 5.295
0.700, 1, NPC, -459.637, -147.342, 0.000, 3.892, 0.000, 0.000, 27.780, 0.000, 5.295
0.750, 0, Ego, -409.435, -100.574, 0.000, 3.892, 0.000, 0.000, 27.780, 0.000, 2.980
0.750, 1, NPC, -460.653, -148.289, 0.000, 3.892, 0.000, 0.000, 27.780, 0.000, 2.980
0.800, 0, Ego, -410.451, -101.521, 0.000, 3.892, 0.000, 0.000, 27.780, 0.000, 0.665
0.800, 1, NPC, -461.670, -149.236, 0.000, 3.892, 0.000, 0.000, 27.780, 0.000, 0.665
0.850, 0, Ego, -411.468, -102.468, 0.000, 3.892, 0.000, 0.000, 27.780, 0.000, 4.634
0.850, 1, NPC, -462.686, -150.182, 0.000, 3.892, 0.000, 0.000, 27.780, 0.000, 4.634
0.900, 0, Ego, -412.484, -103.415, 0.000, 3.892, 0.000, 0.000, 27.780, 0.000, 2.319
0.900, 1, NPC, -463.702, -151.129, 0.000, 3.892, 0.000, 0.000, 27.780, 0.000, 2.319
0.950, 0, Ego, -413.500, -104.361, 0.000, 3.892, 0.000, 0.000, 27.780, 0.000, 0.005
0.950, 1, NPC, -464.718, -152.076, 0.000, 3.892, 0.000, 0.000, 27.780, 0.000, 0.005
1.000, 0, Ego, -414.517, -105.308, 0.000, 3.892, 0.000, 0.000, 27.780, 0.000, 3.973
1.000, 1, NPC, -465.735, -153.023, 0.000, 3.892, 0.000, 0.000, 27.780, 0.000, 3.973
1.050, 0, Ego, -415.533, -106.255, 0.000, 3.892, 0.000, 0.000, 27.780, 0.000, 1.659
1.050, 1, NPC, -466.751, -153.970, 0.000, 3.892, 0.000, 0.000, 27.780, 0.000, 1.659
1.100, 0, Ego, -416.549, -107.202, 0.000, 3.892, 0.000, 0.000, 27.780, 0.000, 5.627
1.100, 1, NPC, -467.767, -154.916, 0.000, 3.892, 0.000, 0.000, 27.780, 0.000, 5.627
1.150, 0, Ego, -417.566, -108.149, 0.000, 3.892, 0.000, 0.000, 27.780, 0.000, 3.313
1.150, 1, NPC, -468.784, -155.863, 0.000, 3.892, 0.000, 0.000, 27.780, 0.000, 3.313
1.200, 0, Ego, -418.582, -109.095, 0.000, 3.892, 0.000, 0.000, 27.780, 0.000, 0.998
1.200, 1, NPC, -469.800, -156.810, 0.000, 3.892, 0.000, 0.000, 27.780, 0.000, 0.998
1.250, 0, Ego, -419.598, -110.042, 0.000, 3.892, 0.000, 0.000, 27.780, 0.000, 4.967
1.250, 1, NPC, -470.816, -157.757, 0.000, 3.892, 0.000, 0.000, 27.780, 0.000, 4.967
1.300, 0, Ego, -420.614, -110.989, 0.000, 3.892, 0.000, 0.000, 27.780, 0.000, 2.652
1.300, 1, NPC, -471.833, -158.704, 0.000, 3.892, 0.000, 0.000, 27.780, 0.000, 2.652
1.350, 0, Ego, -421.631, -111.936, 0.000, 3.892, 0.000, 0.000, 27.780, 0.000, 0.337
1.350, 1, NPC, -472.849, -159.650, 0.000, 3.892, 0.000, 0.000, 27.780, 0.000, 0.337
1.400, 0, Ego, -422.647, -112.883, 0.000, 3.892, 0.000, 0.000, 27.780, 0.000, 4.306
1.400, 1, NPC, -473.865, -160.597, 0.000, 3.892, 0.000, 0.000, 27.780, 0.000, 4.306
1.450, 0, Ego, -423.663, -113.829, 0.000, 3.892, 0.000, 0.000, 27.780, 0.000, 1.991
1.450, 1, NPC, -474.882, -161.544, 0.000, 3.892, 0.000, 0.000, 27.780, 0.000, 1.991
1.500, 0, Ego, -424.680, -114.776, 0.000, 3.892, 0.000, 0.000, 27.780, 0.000, 5.960
1.500, 1, NPC, -475.898, -162.491, 0.000, 3.892, 0.000, 0.000, 27.780, 0.000, 5.960
1.550, 0, Ego, -425.696, -115.723, 0.000, 3.892, 0.000, 0.000, 27.780, 0.000, 3.645
1.550, 1, NPC, -476.914, -163.438, 0.000, 3.892, 0.000, 0.000, 27.780, 0.000, 3.645
1.600, 0, Ego, -426.712, -116.670, 0.000, 3.892, 0.000, 0.000, 27.780, 0.000, 1.331
1.600, 1, NPC, -477.931, -164.384, 0.000, 3.892, 0.000, 0.000, 27.780, 0.000, 1.331
1.650, 0, Ego, -427.729, -117.617, 0.000, 3.892, 0.000, 0.000, 27.780, 0.000, 5.299
1.650, 1, NPC, -478.947, -165.331, 0.000, 3.892, 0.000, 0.000, 27.780, 0.000, 5.299
1.700, 0, Ego, -428.745, -118.563, 0.000, 3.892, 0.000, 0.000, 27.780, 0.000, 2.985
1.700, 1, NPC, -479.963, -166.278, 0.000, 3.892, 0.000, 0.000, 27.780, 0.000, 2.985
1.750, 0, Ego, -429.761, -119.510, 0.000, 3.892, 0.000, 0.000, 27.780, 0.000, 0.670
1.750, 1, NPC, -480.980, -167.225, 0.000, 3.892, 0.000, 0.000, 27.780, 0.000, 0.670
1.800, 0, Ego, -430.778, -120.457, 0.000, 3.892, 0.000, 0.000, 27.780, 0.000, 4.638
1.800, 1, NPC, -481.996, -168.172, 0.000, 3.892, 0.000, 0.000, 27.780, 0.000, 4.638
1.850, 0, Ego, -431.794, -121.404, 0.000, 3.892, 0.000, 0.000, 27.780, 0.000, 2.324
1.850, 1, NPC, -483.012, -169.118, 0.000, 3.892, 0.000, 0.000, 27.780, 0.000, 2.324
1.900, 0, Ego, -432.810, -122.351, 0.000, 3.892, 0.000, 0.000, 27.780, 0.000, 0.009
1.900, 1, NPC, -484.029, -170.065, 0.000, 3.892, 0.000, 0.000, 27.780, 0.000, 0.009
1.950, 0, Ego, -433.827, -123.297, 0.000, 3.892, 0.000, 0.000, 27.780, 0.000, 3.978
1.950, 1, NPC, -485.045, -171.012, 0.000, 3.892, 0.000, 0.000, 27.780, 0.000, 3.978
2.000, 0, Ego, -434.843, -124.244, 0.000, 3.892, 0.000, 0.000, 27.780, 0.000, 1.663
2.000, 1, NPC, -486.061, -171.959, 0.000, 3.892, 0.000, 0.000, 27.780, 0.000, 1.663
2.050, 0, Ego, -435.859, -125.191, 0.000, 3.892, 0.000, 0.000, 27.780, 0.000, 5.632
2.050, 1, NPC, -487.077, -172.906, 0.000, 3.892, 0.000, 0.000, 27.780, 0.000, 5.632
2.100, 0, Ego, -436.876, -126.138, 0.000, 3.892, 0.000, 0.000, 27.780, 0.000, 3.317
2.100, 1, NPC, -488.094, -173.852, 0.000, 3.892, 0.000, 0.000, 27.780, 0.000, 3.317
2.150, 0, Ego, -437.892, -127.084, 0.000, 3.892, 0.000, 0.000, 27.780, 0.000, 1.003
2.150, 1, NPC, -489.110, -174.799, 0.000, 3.892, 0.000, 0.000, 27.780, 0.000, 1.003
2.200, 0, Ego, -438.908, -128.031, 0.000, 3.892, 0.000, 0.000, 27.780, 0.000, 4.971
2.200, 1, NPC, -490.126, -175.746, 0.000, 3.892, 0.000, 0.000, 27.780, 0.000, 4.971
2.250, 0, Ego, -439.924, -128.978, 0.000, 3.892, 0.000, 0.000, 27.780, 0.000, 2.657
2.250, 1, NPC, -491.143, -176.693, 0.000, 3.892, 0.000, 0.000, 27.780, 0.000, 2.657
2.300, 0, Ego, -440.941, -129.925, 0.000, 3.892, 0.000, 0.000, 27.780, 0.000, 0.342
2.300, 1, NPC, -492.159, -177.640, 0.000, 3.892, 0.000, 0.000, 27.780, 0.000, 0.342
2.350, 0, Ego, -441.957, -130.872, 0.000, 3.892, 0.000, 0.000, 27.780, 0.000, 4.310
2.350, 1, NPC, -493.175, -178.586, 0.000, 3.892, 0.000, 0.000, 27.780, 0.000, 4.310
2.400, 0, Ego, -442.973, -131.818, 0.000, 3.892, 0.000, 0.000, 27.780, 0.000, 1.996
2.400, 1, NPC, -494.192, -179.533, 0.000, 3.892, 0.000, 0.000, 27.780, 0.000, 1.996
2.450, 0, Ego, -443.990, -132.765, 0.000, 3.892, 0.000, 0.000, 27.780, 0.000, 5.964
2.450, 1, NPC, -495.208, -180.480, 0.000, 3.892, 0.000, 0.000, 27.780, 0.000, 5.964
2.500, 0, Ego, -445.006, -133.712, 0.000, 3.892, 0.000, 0.000, 27.780, 0.000, 3.650
2.500, 1, NPC, -496.224, -181.427, 0.000, 3.892, 0.000, 0.000, 27.780, 0.000, 3.650
2.550, 0, Ego, -446.022, -134.659, 0.000, 3.892, 0.000, 0.000, 27.780, 0.000, 1.335
2.550, 1, NPC, -497.241, -182.374, 0.000, 3.892, 0.000, 0.000, 27.780, 0.000, 1.335
2.600, 0, Ego, -447.039, -135.606, 0.000, 3.892, 0.000, 0.000, 27.780, 0.000, 5.304
2.600, 1, NPC, -498.257, -183.320, 0.000, 3.892, 0.000, 0.000, 27.780, 0.000, 5.304
2.650, 0, Ego, -448.055, -136.552, 0.000, 3.892, 0.000, 0.000, 27.780, 0.000, 2.989
2.650, 1, NPC, -499.273, -184.267, 0.000, 3.892, 0.000, 0.000, 27.780, 0.000, 2.989
2.700, 0, Ego, -449.071, -137.499, 0.000, 3.892, 0.000, 0.000, 27.780, 0.000, 0.675
2.700, 1, NPC, -500.290, -185.214, 0.000, 3.892, 0.000, 0.000, 27.780, 0.000, 0.675
2.750, 0, Ego, -450.088, -138.446, 0.000, 3.892, 0.000, 0.000, 27.780, 0.000, 4.643
2.750, 1, NPC, -501.306, -186.161, 0.000, 3.892, 0.000, 0.000, 27.780, 0.000, 4.643
2.800, 0, Ego, -451.104, -139.393, 0.000, 3.892, 0.000, 0.000, 27.780, 0.000, 2.329
2.800, 1, NPC, -502.322, -187.108, 0.000, 3.892, 0.000, 0.000, 27.780, 0.000, 2.329
2.850, 0, Ego, -452.120, -140.340, 0.000, 3.892, 0.000, 0.000, 27.780, 0.000, 0.014
2.850, 1, NPC, -503.339, -188.054, 0.000, 3.892, 0.000, 0.000, 27.780, 0.000, 0.014
2.900, 0, Ego, -453.137, -141.286, 0.000, 3.892, 0.000, 0.000, 27.780, 0.000, 3.982
2.900, 1, NPC, -504.355, -189.001, 0.000, 3.892, 0.000, 0.000, 27.780, 0.000, 3.982
2.950, 0, Ego, -454.153, -142.233, 0.000, 3.892, 0.000, 0.000, 27.780, 0.000, 1.668
2.950, 1, NPC, -505.371, -189.948, 0.000, 3.892, 0.000, 0.000, 27.780, 0.000, 1.668
3.000, 0, Ego, -455.169, -143.180, 0.000, 3.892, 0.000, 0.000, 27.780, 0.000, 5.636
3.000, 1, NPC, -506.387, -190.895, 0.000, 3.892, 0.000, 0.000, 27.780, 0.000, 5.636
3.050, 0, Ego, -456.186, -144.127, 0.000, 3.892, 0.000, 0.000, 27.780, 0.000, 3.322
3.050, 1, NPC, -507.404, -191.842, 0.000, 3.892, 0.000, 0.000, 27.780, 0.000, 3.322
3.100, 0, Ego, -457.202, -145.074, 0.000, 3.892, 0.000, 0.000, 27.780, 0.000, 1.007
3.100, 1, NPC, -508.420, -192.788, 0.000, 3.892, 0.000, 0.000, 27.780, 0.000, 1.007
3.150, 0, Ego, -458.218, -146.020, 0.000, 3.892, 0.000, 0.000, 27.780, 0.000, 4.976
3.150, 1, NPC, -509.436, -193.735, 0.000, 3.892, 0.000, 0.000, 27.780, 0.000, 4.976
3.200, 0, Ego, -459.234, -146.967, 0.000, 3.892, 0.000, 0.000, 27.780, 0.000, 2.661
3.200, 1, NPC, -510.453, -194.682, 0.000, 3.892, 0.000, 0.000, 27.780, 0.000, 2.661
3.250, 0, Ego, -460.251, -147.914, 0.000, 3.892, 0.000, 0.000, 27.780, 0.000, 0.347
3.250, 1, NPC, -511.469, -195.629, 0.000, 3.892, 0.000, 0.000, 27.780, 0.000, 0.347
3.300, 0, Ego, -461.267, -148.861, 0.000, 3.892, 0.000, 0.000, 27.780, 0.000, 4.315
3.300, 1, NPC, -512.485, -196.576, 0.000, 3.892, 0.000, 0.000, 27.780, 0.000, 4.315
3.350, 0, Ego, -462.283, -149.808, 0.000, 3.892, 0.000, 0.000, 27.780, 0.000, 2.001
3.350, 1, NPC, -513.502, -197.522, 0.000, 3.892, 0.000, 0.000, 27.780, 0.000, 2.001
3.400, 0, Ego, -463.300, -150.754, 0.000, 3.892, 0.000, 0.000, 27.780, 0.000, 5.969
3.400, 1, NPC, -514.518, -198.469, 0.000, 3.892, 0.000, 0.000, 27.780, 0.000, 5.969
3.450, 0, Ego, -464.316, -151.701, 0.000, 3.892, 0.000, 0.000, 27.780, 0.000, 3.654
3.450, 1, NPC, -515.534, -199.416, 0.000, 3.892, 0.000, 0.000, 27.780, 0.000, 3.654
3.500, 0, Ego, -465.332, -152.648, 0.000, 3.892, 0.000, 0.000, 27.780, 0.000, 1.340
3.500, 1, NPC, -516.551, -200.363, 0.000, 3.892, 0.000, 0.000, 27.780, 0.000, 1.340
3.550, 0, Ego, -466.349, -153.595, 0.000, 3.892, 0.000, 0.000, 27.780, 0.000, 5.308
3.550, 1, NPC, -517.567, -201.309, 0.000, 3.892, 0.000, 0.000, 27.780, 0.000, 5.308
3.600, 0, Ego, -467.365, -154.542, 0.000, 3.892, 0.000, 0.000, 27.780, 0.000, 2.994
3.600, 1, NPC, -518.583, -202.256, 0.000, 3.892, 0.000, 0.000, 27.780, 0.000, 2.994
3.650, 0, Ego, -468.381, -155.488, 0.000, 3.892, 0.000, 0.000, 27.780, 0.000, 0.679
3.650, 1, NPC, -519.600, -203.203, 0.000, 3.892, 0.000, 0.000, 27.780, 0.000, 0.679
3.700, 0, Ego, -469.398, -156.435, 0.000, 3.892, 0.000, 0.000, 27.780, 0.000, 4.648
3.700, 1, NPC, -520.616, -204.150, 0.000, 3.892, 0.000, 0.000, 27.780, 0.000, 4.648
3.750, 0, Ego, -470.414, -157.382, 0.000, 3.892, 0.000, 0.000, 27.780, 0.000, 2.333
3.750, 1, NPC, -521.632, -205.097, 0.000, 3.892, 0.000, 0.000, 27.780, 0.000, 2.333
3.800, 0, Ego, -471.430, -158.329, 0.000, 3.892, 0.000, 0.000, 27.780, 0.000, 0.019
3.800, 1, NPC, -522.648, -206.043, 0.000, 3.892, 0.000, 0.000, 27.780, 0.000, 0.019
3.850, 0, Ego, -472.447, -159.276, 0.000, 3.892, 0.000, 0.000, 27.780, 0.000, 3.987
3.850, 1, NPC, -523.665, -206.990, 0.000, 3.892, 0.000, 0.000, 27.780, 0.000, 3.987
3.900, 0, Ego, -473.463, -160.222, 0.000, 3.892, 0.000, 0.000, 27.780, 0.000, 1.672
3.900, 1, NPC, -524.681, -207.937, 0.000, 3.892, 0.000, 0.000, 27.780, 0.000, 1.672
3.950, 0, Ego, -474.479, -161.169, 0.000, 3.892, 0.000, 0.000, 27.780, 0.000, 5.641
3.950, 1, NPC, -525.697, -208.884, 0.000, 3.892, 0.000, 0.000, 27.780, 0.000, 5.641
4.000, 0, Ego, -475.496, -162.116, 0.000, 3.892, 0.000, 0.000, 27.780, 0.000, 3.326
4.000, 1, NPC, -526.714, -209.831, 0.000, 3.892, 0.000, 0.000, 27.780, 0.000, 3.326
4.050, 0, Ego, -476.512, -163.063, 0.000, 3.892, 0.000, 0.000, 27.780, 0.000, 1.012
4.050, 1, NPC, -527.730, -210.777, 0.000, 3.892, 0.000, 0.000, 27.780, 0.000, 1.012
4.100, 0, Ego, -477.528, -164.010, 0.000, 3.892, 0.000, 0.000, 27.780, 0.000, 4.980
4.100, 1, NPC, -528.746, -211.724, 0.000, 3.892, 0.000, 0.000, 27.780, 0.000, 4.980
4.150, 0, Ego, -478.544, -164.956, 0.000, 3.892, 0.000, 0.000, 27.780, 0.000, 2.666
4.150, 1, NPC, -529.763, -212.671, 0.000, 3.892, 0.000, 0.000, 27.780, 0.000, 2.666
4.200, 0, Ego, -479.561, -165.903, 0.000, 3.892, 0.000, 0.000, 27.780, 0.000, 0.351
4.200, 1, NPC, -530.779, -213.618, 0.000, 3.892, 0.000, 0.000, 27.780, 0.000, 0.351
4.250, 0, Ego, -480.577, -166.850, 0.000, 3.892, 0.000, 0.000, 27.780, 0.000, 4.320
4.250, 1, NPC, -531.795, -214.565, 0.000, 3.892, 0.000, 0.000, 27.780, 0.000, 4.320
4.300, 0, Ego, -481.593, -167.797, 0.000, 3.892, 0.000, 0.000, 27.780, 0.000, 2.005
4.300, 1, NPC, -532.812, -215.511, 0.000, 3.892, 0.000, 0.000, 27.780, 0.000, 2.005
4.350, 0, Ego, -482.610, -168.744, 0.000, 3.892, 0.000, 0.000, 27.780, 0.000, 5.974
4.350, 1, NPC, -533.828, -216.458, 0.000, 3.892, 0.000, 0.000, 27.780, 0.000, 5.974
4.400, 0, Ego, -483.626, -169.690, 0.000, 3.892, 0.000, 0.000, 27.780, 0.000, 3.659
4.400, 1, NPC, -534.844, -217.405, 0.000, 3.892, 0.000, 0.000, 27.780, 0.000, 3.659
4.450, 0, Ego, -484.642, -170.637, 0.000, 3.892, 0.000, 0.000, 27.780, 0.000, 1.344
4.450, 1, NPC, -535.861, -218.352, 0.000, 3.892, 0.000, 0.000, 27.780, 0.000, 1.344
4.500, 0, Ego, -485.659, -171.584, 0.000, 3.892, 0.000, 0.000, 27.780, 0.000, 5.313
4.500, 1, NPC, -536.877, -219.299, 0.000, 3.892, 0.000, 0.000, 27.780, 0.000, 5.313
4.550, 0, Ego, -486.675, -172.531, 0.000, 3.892, 0.000, 0.000, 27.780, 0.000, 2.998
4.550, 1, NPC, -537.893, -220.245, 0.000, 3.892, 0.000, 0.000, 27.780, 0.000, 2.998
4.600, 0, Ego, -487.691, -173.478, 0.000, 3.892, 0.000, 0.000, 27.780, 0.000, 0.684
4.600, 1, NPC, -538.910, -221.192, 0.000, 3.892, 0.000, 0.000, 27.780, 0.000, 0.684
4.650, 0, Ego, -488.708, -174.424, 0.000, 3.892, 0.000, 0.000, 27.780, 0.000, 4.652
4.650, 1, NPC, -539.926, -222.139, 0.000, 3.892, 0.000, 0.000, 27.780, 0.000, 4.652
4.700, 0, Ego, -489.724, -175.371, 0.000, 3.892, 0.000, 0.000, 27.780, 0.000, 2.338
4.700, 1, NPC, -540.942, -223.086, 0.000, 3.892, 0.000, 0.000, 27.780, 0.000, 2.338
4.750, 0, Ego, -490.740, -176.318, 0.000, 3.892, 0.000, 0.000, 27.780, 0.000, 0.023
4.750, 1, NPC, -541.958, -224.033, 0.000, 3.892, 0.000, 0.000, 27.780, 0.000, 0.023
4.800, 0, Ego, -491.757, -177.265, 0.000, 3.892, 0.000, 0.000, 27.780, 0.000, 3.992
4.800, 1, NPC, -542.975, -224.979, 0.000, 3.892, 0.000, 0.000, 27.780, 0.000, 3.992
4.850, 0, Ego, -492.773, -178.211, 0.000, 3.892, 0.000, 0.000, 27.780, 0.000, 1.677
4.850, 1, NPC, -543.991, -225.926, 0.000, 3.892, 0.000, 0.000, 27.780, 0.000, 1.677
4.900, 0, Ego, -493.789, -179.158, 0.000, 3.892, 0.000, 0.000, 27.780, 0.000, 5.646
4.900, 1, NPC, -545.007, -226.873, 0.000, 3.892, 0.000, 0.000, 27.780, 0.000, 5.646
4.950, 0, Ego, -494.806, -180.105, 0.000, 3.892, 0.000, 0.000, 27.780, 0.000, 3.331
4.950, 1, NPC, -546.024, -227.820, 0.000, 3.892, 0.000, 0.000, 27.780, 0.000, 3.331
5.000, 0, Ego, -495.822, -181.052, 0.000, 3.892, 0.000, 0.000, 27.780, 0.000, 1.016
5.000, 1, NPC, -547.040, -228.767, 0.000, 3.892, 0.000, 0.000, 27.780, 0.000, 1.016
5.050, 0, Ego, -496.838, -181.999, 0.000, 3.892, 0.000, 0.000, 27.780, 0.000, 4.985
5.050, 1, NPC, -548.056, -229.713, 0.000, 3.892, 0.000, 0.000, 27.780, 0.000, 4.985
5.100, 0, Ego, -497.854, -182.945, 0.000, 3.892, 0.000, 0.000, 27.780, 0.000, 2.670
5.100, 1, NPC, -549.058, -230.647, 0.000, 3.892, 0.000, 0.000, 27.380, 0.000, 2.613
5.150, 0, Ego, -498.871, -183.892, 0.000, 3.892, 0.000, 0.000, 27.780, 0.000, 0.356
5.150, 1, NPC, -550.045, -231.566, 0.000, 3.892, 0.000, 0.000, 26.980, 0.000, 0.184
5.200, 0, Ego, -499.887, -184.839, 0.000, 3.892, 0.000, 0.000, 27.780, 0.000, 4.324
5.200, 1, NPC, -551.018, -232.472, 0.000, 3.892, 0.000, 0.000, 26.580, 0.000, 3.982
5.250, 0, Ego, -500.903, -185.786, 0.000, 3.892, 0.000, 0.000, 27.780, 0.000, 2.010
5.250, 1, NPC, -551.975, -233.364, 0.000, 3.892, 0.000, 0.000, 26.180, 0.000, 1.438
5.300, 0, Ego, -501.920, -186.733, 0.000, 3.892, 0.000, 0.000, 27.780, 0.000, 5.978
5.300, 1, NPC, -552.918, -234.243, 0.000, 3.892, 0.000, 0.000, 25.780, 0.000, 5.121
5.350, 0, Ego, -502.936, -187.679, 0.000, 3.892, 0.000, 0.000, 27.780, 0.000, 3.664
5.350, 1, NPC, -553.847, -235.108, 0.000, 3.892, 0.000, 0.000, 25.380, 0.000, 2.464
5.400, 0, Ego, -503.952, -188.626, 0.000, 3.892, 0.000, 0.000, 27.780, 0.000, 1.349
5.400, 1, NPC, -554.761, -235.959, 0.000, 3.892, 0.000, 0.000, 24.980, 0.000, 6.032
5.450, 0, Ego, -504.969, -189.573, 0.000, 3.892, 0.000, 0.000, 27.780, 0.000, 5.318
5.450, 1, NPC, -555.660, -236.797, 0.000, 3.892, 0.000, 0.000, 24.580, 0.000, 3.261
5.500, 0, Ego, -505.985, -190.520, 0.000, 3.892, 0.000, 0.000, 27.780, 0.000, 3.003
5.500, 1, NPC, -556.545, -237.621, 0.000, 3.892, 0.000, 0.000, 24.180, 0.000, 0.432
5.550, 0, Ego, -507.001, -191.467, 0.000, 3.892, 0.000, 0.000, 27.780, 0.000, 0.688
5.550, 1, NPC, -557.415, -238.432, 0.000, 3.892, 0.000, 0.000, 23.780, 0.000, 3.829
5.600, 0, Ego, -508.018, -192.413, 0.000, 3.892, 0.000, 0.000, 27.780, 0.000, 4.657
5.600, 1, NPC, -558.270, -239.228, 0.000, 3.892, 0.000, 0.000, 23.380, 0.000, 0.886
5.650, 0, Ego, -509.034, -193.360, 0.000, 3.892, 0.000, 0.000, 27.780, 0.000, 2.342
5.650, 1, NPC, -559.111, -240.012, 0.000, 3.892, 0.000, 0.000, 22.980, 0.000, 4.168
5.700, 0, Ego, -510.050, -194.307, 0.000, 3.892, 0.000, 0.000, 27.780, 0.000, 0.028
5.700, 1, NPC, -559.937, -240.781, 0.000, 3.892, 0.000, 0.000, 22.580, 0.000, 1.111
5.750, 0, Ego, -511.067, -195.254, 0.000, 3.892, 0.000, 0.000, 27.780, 0.000, 3.996
5.750, 1, NPC, -560.748, -241.537, 0.000, 3.892, 0.000, 0.000, 22.180, 0.000, 4.280
5.800, 0, Ego, -512.083, -196.201, 0.000, 3.892, 0.000, 0.000, 27.780, 0.000, 1.682
5.800, 1, NPC, -561.545, -242.279, 0.000, 3.892, 0.000, 0.000, 21.780, 0.000, 1.108
5.850, 0, Ego, -513.099, -197.147, 0.000, 3.892, 0.000, 0.000, 27.780, 0.000, 5.650
5.850, 1, NPC, -562.327, -243.008, 0.000, 3.892, 0.000, 0.000, 21.380, 0.000, 4.162
5.900, 0, Ego, -514.116, -198.094, 0.000, 3.892, 0.000, 0.000, 27.780, 0.000, 3.336
5.900, 1, NPC, -563.095, -243.723, 0.000, 3.892, 0.000, 0.000, 20.980, 0.000, 0.876
5.950, 0, Ego, -515.132, -199.041, 0.000, 3.892, 0.000, 0.000, 27.780, 0.000, 1.021
5.950, 1, NPC, -563.848, -244.425, 0.000, 3.892, 0.000, 0.000, 20.580, 0.000, 3.816
6.000, 0, Ego, -516.148, -199.988, 0.000, 3.892, 0.000, 0.000, 27.780, 0.000, 4.990
6.000, 1, NPC, -564.586, -245.112, 0.000, 3.892, 0.000, 0.000, 20.180, 0.000, 0.416
6.050, 0, Ego, -517.164, -200.935, 0.000, 3.892, 0.000, 0.000, 27.780, 0.000, 2.675
6.050, 1, NPC, -565.310, -245.786, 0.000, 3.892, 0.000, 0.000, 19.780, 0.000, 3.241
6.100, 0, Ego, -518.181, -201.881, 0.000, 3.892, 0.000, 0.000, 27.780, 0.000, 0.360
6.100, 1, NPC, -566.019, -246.447, 0.000, 3.892, 0.000, 0.000, 19.380, 0.000, 6.010
6.150, 0, Ego, -519.197, -202.828, 0.000, 3.892, 0.000, 0.000, 27.780, 0.000, 4.329
6.150, 1, NPC, -566.713, -247.094, 0.000, 3.892, 0.000, 0.000, 18.980, 0.000, 2.438
6.200, 0, Ego, -520.213, -203.775, 0.000, 3.892, 0.000, 0.000, 27.780, 0.000, 2.014
6.200, 1, NPC, -567.393, -247.727, 0.000, 3.892, 0.000, 0.000, 18.580, 0.000, 5.093
6.250, 0, Ego, -521.230, -204.722, 0.000, 3.892, 0.000, 0.000, 27.780, 0.000, 5.983
6.250, 1, NPC, -568.058, -248.347, 0.000, 3.892, 0.000, 0.000, 18.180, 0.000, 1.406
6.300, 0, Ego, -522.246, -205.669, 0.000, 3.892, 0.000, 0.000, 27.780, 0.000, 3.668
6.300, 1, NPC, -568.708, -248.953, 0.000, 3.892, 0.000, 0.000, 17.780, 0.000, 3.946
6.350, 0, Ego, -523.262, -206.615, 0.000, 3.892, 0.000, 0.000, 27.780, 0.000, 1.354
6.350, 1, NPC, -569.344, -249.545, 0.000, 3.892, 0.000, 0.000, 17.380, 0.000, 0.146
6.400, 0, Ego, -524.279, -207.562, 0.000, 3.892, 0.000, 0.000, 27.780, 0.000, 5.322
6.400, 1, NPC, -569.965, -250.124, 0.000, 3.892, 0.000, 0.000, 16.980, 0.000, 2.572
6.450, 0, Ego, -525.295, -208.509, 0.000, 3.892, 0.000, 0.000, 27.780, 0.000, 3.008
6.450, 1, NPC, -570.572, -250.689, 0.000, 3.892, 0.000, 0.000, 16.580, 0.000, 4.940
6.500, 0, Ego, -526.311, -209.456, 0.000, 3.892, 0.000, 0.000, 27.780, 0.000, 0.693
6.500, 1, NPC, -571.164, -251.240, 0.000, 3.892, 0.000, 0.000, 16.180, 0.000, 0.969
6.550, 0, Ego, -527.328, -210.403, 0.000, 3.892, 0.000, 0.000, 27.780, 0.000, 4.662
6.550, 1, NPC, -571.741, -251.778, 0.000, 3.892, 0.000, 0.000, 15.780, 0.000, 3.223
6.600, 0, Ego, -528.344, -211.349, 0.000, 3.892, 0.000, 0.000, 27.780, 0.000, 2.347
6.600, 1, NPC, -572.304, -252.302, 0.000, 3.892, 0.000, 0.000, 15.380, 0.000, 5.420
6.650, 0, Ego, -529.360, -212.296, 0.000, 3.892, 0.000, 0.000, 27.780, 0.000, 0.032
6.650, 1, NPC, -572.852, -252.813, 0.000, 3.892, 0.000, 0.000, 14.980, 0.000, 1.277
6.700, 0, Ego, -530.377, -213.243, 0.000, 3.892, 0.000, 0.000, 27.780, 0.000, 4.001
6.700, 1, NPC, -573.385, -253.310, 0.000, 3.892, 0.000, 0.000, 14.580, 0.000, 3.360
6.750, 0, Ego, -531.393, -214.190, 0.000, 3.892, 0.000, 0.000, 27.780, 0.000, 1.686
6.750, 1, NPC, -573.904, -253.793, 0.000, 3.892, 0.000, 0.000, 14.180, 0.000, 5.386
6.800, 0, Ego, -532.409, -215.137, 0.000, 3.892, 0.000, 0.000, 27.780, 0.000, 5.655
6.800, 1, NPC, -574.408, -254.263, 0.000, 3.892, 0.000, 0.000, 13.780, 0.000, 1.071
6.850, 0, Ego, -533.426, -216.083, 0.000, 3.892, 0.000, 0.000, 27.780, 0.000, 3.340
6.850, 1, NPC, -574.898, -254.719, 0.000, 3.892, 0.000, 0.000, 13.380, 0.000, 2.982
6.900, 0, Ego, -534.442, -217.030, 0.000, 3.892, 0.000, 0.000, 27.780, 0.000, 1.026
6.900, 1, NPC, -575.373, -255.161, 0.000, 3.892, 0.000, 0.000, 12.980, 0.000, 4.837
6.950, 0, Ego, -535.458, -217.977, 0.000, 3.892, 0.000, 0.000, 27.780, 0.000, 4.994
6.950, 1, NPC, -575.833, -255.590, 0.000, 3.892, 0.000, 0.000, 12.580, 0.000, 0.351
7.000, 0, Ego, -536.474, -218.924, 0.000, 3.892, 0.000, 0.000, 27.780, 0.000, 2.680
7.000, 1, NPC, -576.278, -256.005, 0.000, 3.892, 0.000, 0.000, 12.180, 0.000, 2.091
7.050, 0, Ego, -537.491, -219.871, 0.000, 3.892, 0.000, 0.000, 27.780, 0.000, 0.365
7.050, 1, NPC, -576.709, -256.406, 0.000, 3.892, 0.000, 0.000, 11.780, 0.000, 3.773
7.100, 0, Ego, -538.507, -220.817, 0.000, 3.892, 0.000, 0.000, 27.780, 0.000, 4.334
7.100, 1, NPC, -577.126, -256.794, 0.000, 3.892, 0.000, 0.000, 11.380, 0.000, 5.399
7.150, 0, Ego, -539.523, -221.764, 0.000, 3.892, 0.000, 0.000, 27.780, 0.000, 2.019
7.150, 1, NPC, -577.527, -257.168, 0.000, 3.892, 0.000, 0.000, 10.980, 0.000, 0.685
7.200, 0, Ego, -540.540, -222.711, 0.000, 3.892, 0.000, 0.000, 27.780, 0.000, 5.988
7.200, 1, NPC, -577.914, -257.529, 0.000, 3.892, 0.000, 0.000, 10.580, 0.000, 2.196
7.250, 0, Ego, -541.556, -223.658, 0.000, 3.892, 0.000, 0.000, 27.780, 0.000, 3.673
7.250, 1, NPC, -578.287, -257.876, 0.000, 3.892, 0.000, 0.000, 10.180, 0.000, 3.650
7.300, 0, Ego, -542.572, -224.604, 0.000, 3.892, 0.000, 0.000, 27.780, 0.000, 1.358
7.300, 1, NPC, -578.645, -258.209, 0.000, 3.892, 0.000, 0.000, 9.780, 0.000, 5.047
7.350, 0, Ego, -543.589, -225.551, 0.000, 3.892, 0.000, 0.000, 27.780, 0.000, 5.327
7.350, 1, NPC, -578.988, -258.529, 0.000, 3.892, 0.000, 0.000, 9.380, 0.000, 0.104
7.400, 0, Ego, -544.605, -226.498, 0.000, 3.892, 0.000, 0.000, 27.780, 0.000, 3.012
7.400, 1, NPC, -579.316, -258.835, 0.000, 3.892, 0.000, 0.000, 8.980, 0.000, 1.387
7.450, 0, Ego, -545.621, -227.445, 0.000, 3.892, 0.000, 0.000, 27.780, 0.000, 0.698
7.450, 1, NPC, -579.630, -259.127, 0.000, 3.892, 0.000, 0.000, 8.580, 0.000, 2.613
7.500, 0, Ego, -546.638, -228.392, 0.000, 3.892, 0.000, 0.000, 27.780, 0.000, 4.666
7.500, 1, NPC, -579.930, -259.406, 0.000, 3.892, 0.000, 0.000, 8.180, 0.000, 3.781
7.550, 0, Ego, -547.647, -229.332, 0.000, 3.892, 0.000, 0.000, 27.580, 0.000, 2.323
7.550, 1, NPC, -580.214, -259.671, 0.000, 3.892, 0.000, 0.000, 7.780, 0.000, 4.893
7.600, 0, Ego, -548.645, -230.261, 0.000, 3.892, 0.000, 0.000, 27.280, 0.000, 6.220
7.600, 1, NPC, -580.484, -259.923, 0.000, 3.892, 0.000, 0.000, 7.380, 0.000, 5.947
7.650, 0, Ego, -549.632, -231.181, 0.000, 3.892, 0.000, 0.000, 26.980, 0.000, 3.791
7.650, 1, NPC, -580.739, -260.161, 0.000, 3.892, 0.000, 0.000, 6.980, 0.000, 0.661
7.700, 0, Ego, -550.608, -232.090, 0.000, 3.892, 0.000, 0.000, 26.680, 0.000, 1.320
7.700, 1, NPC, -580.980, -260.385, 0.000, 3.892, 0.000, 0.000, 6.580, 0.000, 1.601
7.750, 0, Ego, -551.573, -232.989, 0.000, 3.892, 0.000, 0.000, 26.380, 0.000, 5.088
7.750, 1, NPC, -581.206, -260.596, 0.000, 3.892, 0.000, 0.000, 6.180, 0.000, 2.484
7.800, 0, Ego, -552.527, -233.878, 0.000, 3.892, 0.000, 0.000, 26.080, 0.000, 2.531
7.800, 1, NPC, -581.418, -260.793, 0.000, 3.892, 0.000, 0.000, 5.780, 0.000, 3.310
7.850, 0, Ego, -553.470, -234.757, 0.000, 3.892, 0.000, 0.000, 25.780, 0.000, 6.214
7.850, 1, NPC, -581.615, -260.976, 0.000, 3.892, 0.000, 0.000, 5.380, 0.000, 4.078
7.900, 0, Ego, -554.402, -235.625, 0.000, 3.892, 0.000, 0.000, 25.480, 0.000, 3.570
7.900, 1, NPC, -581.797, -261.146, 0.000, 3.892, 0.000, 0.000, 4.980, 0.000, 4.790
7.950, 0, Ego, -555.324, -236.483, 0.000, 3.892, 0.000, 0.000, 25.180, 0.000, 0.884
7.950, 1, NPC, -581.964, -261.302, 0.000, 3.892, 0.000, 0.000, 4.580, 0.000, 5.444
8.000, 0, Ego, -556.234, -237.331, 0.000, 3.892, 0.000, 0.000, 24.880, 0.000, 4.439
8.000, 1, NPC, -582.117, -261.444, 0.000, 3.892, 0.000, 0.000, 4.180, 0.000, 6.041
8.050, 0, Ego, -557.133, -238.169, 0.000, 3.892, 0.000, 0.000, 24.580, 0.000, 1.667
8.050, 1, NPC, -582.256, -261.573, 0.000, 3.892, 0.000, 0.000, 3.780, 0.000, 0.298
8.100, 0, Ego, -558.021, -238.997, 0.000, 3.892, 0.000, 0.000, 24.280, 0.000, 5.135
8.100, 1, NPC, -582.379, -261.688, 0.000, 3.892, 0.000, 0.000, 3.380, 0.000, 0.781
8.150, 0, Ego, -558.899, -239.814, 0.000, 3.892, 0.000, 0.000, 23.980, 0.000, 2.278
8.150, 1, NPC, -582.488, -261.790, 0.000, 3.892, 0.000, 0.000, 2.980, 0.000, 1.206
8.200, 0, Ego, -559.765, -240.621, 0.000, 3.892, 0.000, 0.000, 23.680, 0.000, 5.661
8.200, 1, NPC, -582.583, -261.878, 0.000, 3.892, 0.000, 0.000, 2.580, 0.000, 1.575
8.250, 0, Ego, -560.620, -241.418, 0.000, 3.892, 0.000, 0.000, 23.380, 0.000, 2.718
8.250, 1, NPC, -582.662, -261.952, 0.000, 3.892, 0.000, 0.000, 2.180, 0.000, 1.886
8.300, 0, Ego, -561.465, -242.204, 0.000, 3.892, 0.000, 0.000, 23.080, 0.000, 6.015
8.300, 1, NPC, -582.727, -262.013, 0.000, 3.892, 0.000, 0.000, 1.780, 0.000, 2.141
8.350, 0, Ego, -562.298, -242.981, 0.000, 3.892, 0.000, 0.000, 22.780, 0.000, 2.986
8.350, 1, NPC, -582.778, -262.060, 0.000, 3.892, 0.000, 0.000, 1.380, 0.000, 2.338
8.400, 0, Ego, -563.120, -243.747, 0.000, 3.892, 0.000, 0.000, 22.480, 0.000, 6.197
8.400, 1, NPC, -582.814, -262.093, 0.000, 3.892, 0.000, 0.000, 0.980, 0.000, 2.478
8.450, 0, Ego, -563.932, -244.503, 0.000, 3.892, 0.000, 0.000, 22.180, 0.000, 3.083
8.450, 1, NPC, -582.835, -262.113, 0.000, 3.892, 0.000, 0.000, 0.580, 0.000, 2.561
8.500, 0, Ego, -564.732, -245.249, 0.000, 3.892, 0.000, 0.000, 21.880, 0.000, 6.208
8.500, 1, NPC, -582.842, -262.119, 0.000, 3.892, 0.000, 0.000, 0.180, 0.000, 2.586
8.550, 0, Ego, -565.522, -245.984, 0.000, 3.892, 0.000, 0.000, 21.580, 0.000, 3.008
8.550, 1, NPC, -582.842, -262.119, 0.000, 3.892, 0.000, 0.000, 0.000, 0.000, 2.586
8.600, 0, Ego, -566.300, -246.709, 0.000, 3.892, 0.000, 0.000, 21.280, 0.000, 6.048
8.600, 1, NPC, -582.842, -262.119, 0.000, 3.892, 0.000, 0.000, 0.000, 0.000, 2.586
8.650, 0, Ego, -567.068, -247.424, 0.000, 3.892, 0.000, 0.000, 20.980, 0.000, 2.762
8.650, 1, NPC, -582.842, -262.119, 0.000, 3.892, 0.000, 0.000, 0.000, 0.000, 2.586
8.700, 0, Ego, -567.824, -248.129, 0.000, 3.892, 0.000, 0.000, 20.680, 0.000, 5.716
8.700, 1, NPC, -582.842, -262.119, 0.000, 3.892, 0.000, 0.000, 0.000, 0.000, 2.586
8.750, 0, Ego, -568.570, -248.824, 0.000, 3.892, 0.000, 0.000, 20.380, 0.000, 2.345
8.750, 1, NPC, -582.842, -262.119, 0.000, 3.892, 0.000, 0.000, 0.000, 0.000, 2.586
8.800, 0, Ego, -569.305, -249.508, 0.000, 3.892, 0.000, 0.000, 20.080, 0.000, 5.213
8.800, 1, NPC, -582.842, -262.119, 0.000, 3.892, 0.000, 0.000, 0.000, 0.000, 2.586
8.850, 0, Ego, -570.028, -250.182, 0.000, 3.892, 0.000, 0.000, 19.780, 0.000, 1.756
8.850, 1, NPC, -582.842, -262.119, 0.000, 3.892, 0.000, 0.000, 0.000, 0.000, 2.586
8.900, 0, Ego, -570.741, -250.846, 0.000, 3.892, 0.000, 0.000, 19.480, 0.000, 4.539
8.900, 1, NPC, -582.842, -262.119, 0.000, 3.892, 0.000, 0.000, 0.000, 0.000, 2.586
8.950, 0, Ego, -571.443, -251.500, 0.000, 3.892, 0.000, 0.000, 19.180, 0.000, 0.995
8.950, 1, NPC, -582.842, -262.119, 0.000, 3.892, 0.000, 0.000, 0.000, 0.000, 2.586
9.000, 0, Ego, -572.133, -252.143, 0.000, 3.892, 0.000, 0.000, 18.880, 0.000, 3.692
9.000, 1, NPC, -582.842, -262.119, 0.000, 3.892, 0.000, 0.000, 0.000, 0.000, 2.586
9.050, 0, Ego, -572.813, -252.777, 0.000, 3.892, 0.000, 0.000, 18.580, 0.000, 0.064
9.050, 1, NPC, -582.842, -262.119, 0.000, 3.892, 0.000, 0.000, 0.000, 0.000, 2.586
9.100, 0, Ego, -573.482, -253.400, 0.000, 3.892, 0.000, 0.000, 18.280, 0.000, 2.675
9.100, 1, NPC, -582.842, -262.119, 0.000, 3.892, 0.000, 0.000, 0.000, 0.000, 2.586
9.150, 0, Ego, -574.140, -254.012, 0.000, 3.892, 0.000, 0.000, 17.980, 0.000, 5.244
9.150, 1, NPC, -582.842, -262.119, 0.000, 3.892, 0.000, 0.000, 0.000, 0.000, 2.586
9.200, 0, Ego, -574.786, -254.615, 0.000, 3.892, 0.000, 0.000, 17.680, 0.000, 1.486
9.200, 1, NPC, -582.842, -262.119, 0.000, 3.892, 0.000, 0.000, 0.000, 0.000, 2.586
9.250, 0, Ego, -575.422, -255.207, 0.000, 3.892, 0.000, 0.000, 17.380, 0.000, 3.969
9.250, 1, NPC, -582.842, -262.119, 0.000, 3.892, 0.000, 0.000, 0.000, 0.000, 2.586
9.300, 0, Ego, -576.047, -255.789, 0.000, 3.892, 0.000, 0.000, 17.080, 0.000, 0.126
9.300, 1, NPC, -582.842, -262.119, 0.000, 3.892, 0.000, 0.000, 0.000, 0.000, 2.586
9.350, 0, Ego, -576.661, -256.361, 0.000, 3.892, 0.000, 0.000, 16.780, 0.000, 2.523
9.350, 1, NPC, -582.842, -262.119, 0.000, 3.892, 0.000, 0.000, 0.000, 0.000, 2.586
9.400, 0, Ego, -577.264, -256.923, 0.000, 3.892, 0.000, 0.000, 16.480, 0.000, 4.877
9.400, 1, NPC, -582.842, -262.119, 0.000, 3.892, 0.000, 0.000, 0.000, 0.000, 2.586
9.450, 0, Ego, -577.856, -257.474, 0.000, 3.892, 0.000, 0.000, 16.180, 0.000, 0.905
9.450, 1, NPC, -582.842, -262.119, 0.000, 3.892, 0.000, 0.000, 0.000, 0.000, 2.586
9.500, 0, Ego, -578.437, -258.016, 0.000, 3.892, 0.000, 0.000, 15.880, 0.000, 3.174
9.500, 1, NPC, -582.842, -262.119, 0.000, 3.892, 0.000, 0.000, 0.000, 0.000, 2.586
9.550, 0, Ego, -579.007, -258.547, 0.000, 3.892, 0.000, 0.000, 15.580, 0.000, 5.400
9.550, 1, NPC, -582.842, -262.119, 0.000, 3.892, 0.000, 0.000, 0.000, 0.000, 2.586
9.600, 0, Ego, -579.566, -259.067, 0.000, 3.892, 0.000, 0.000, 15.280, 0.000, 1.299
9.600, 1, NPC, -582.842, -262.119, 0.000, 3.892, 0.000, 0.000, 0.000, 0.000, 2.586
9.650, 0, Ego, -580.125, -259.588, 0.000, 3.892, 0.000, 0.000, 15.280, 0.000, 3.482
9.650, 1, NPC, -582.842, -262.119, 0.000, 3.892, 0.000, 0.000, 0.000, 0.000, 2.586
9.700, 0, Ego, -580.684, -260.109, 0.000, 3.892, 0.000, 0.000, 15.280, 0.000, 5.665
9.700, 1, NPC, -582.842, -262.119, 0.000, 3.892, 0.000, 0.000, 0.000, 0.000, 2.586
9.750, 0, Ego, -581.243, -260.630, 0.000, 3.892, 0.000, 0.000, 15.280, 0.000, 1.565
9.750, 1, NPC, -582.842, -262.119, 0.000, 3.892, 0.000, 0.000, 0.000, 0.000, 2.586
9.800, 0, Ego, -581.802, -261.151, 0.000, 3.892, 0.000, 0.000, 15.280, 0.000, 3.748
9.800, 1, NPC, -582.842, -262.119, 0.000, 3.892, 0.000, 0.000, 0.000, 0.000, 2.586
9.850, 0, Ego, -582.361, -261.671, 0.000, 3.892, 0.000, 0.000, 15.280, 0.000, 5.931
9.850, 1, NPC, -582.842, -262.119, 0.000, 3.892, 0.000, 0.000, 0.000, 0.000, 2.586
9.900, 0, Ego, -582.920, -262.192, 0.000, 3.892, 0.000, 0.000, 15.280, 0.000, 1.830
9.900, 1, NPC, -582.842, -262.119, 0.000, 3.892, 0.000, 0.000, 0.000, 0.000, 2.586
9.950, 0, Ego, -583.483, -262.716, 0.000, 3.892, 0.000, 0.000, 15.380, 0.000, 4.027
9.950, 1, NPC, -582.842, -262.119, 0.000, 3.892, 0.000, 0.000, 0.000, 0.000, 2.586
10.000, 0, Ego, -584.049, -263.244, 0.000, 3.892, 0.000, 0.000, 15.480, 0.000, 6.239
10.000, 1, NPC, -582.842, -262.119, 0.000, 3.892, 0.000, 0.000, 0.000, 0.000, 2.586
10.050, 0, Ego, -584.619, -263.775, 0.000, 3.892, 0.000, 0.000, 15.580, 0.000, 2.181
10.050, 1, NPC, -582.842, -262.119, 0.000, 3.892, 0.000, 0.000, 0.000, 0.000, 2.586
10.100, 0, Ego, -585.193, -264.309, 0.000, 3.892, 0.000, 0.000, 15.680, 0.000, 4.421
10.100, 1, NPC, -582.842, -262.119, 0.000, 3.892, 0.000, 0.000, 0.000, 0.000, 2.586
10.150, 0, Ego, -585.770, -264.847, 0.000, 3.892, 0.000, 0.000, 15.780, 0.000, 0.392
10.150, 1, NPC, -582.842, -262.119, 0.000, 3.892, 0.000, 0.000, 0.000, 0.000, 2.586
10.200, 0, Ego, -586.351, -265.388, 0.000, 3.892, 0.000, 0.000, 15.880, 0.000, 2.661
10.200, 1, NPC, -582.842, -262.119, 0.000, 3.892, 0.000, 0.000, 0.000, 0.000, 2.586
10.250, 0, Ego, -586.935, -265.933, 0.000, 3.892, 0.000, 0.000, 15.980, 0.000, 4.944
10.250, 1, NPC, -582.842, -262.119, 0.000, 3.892, 0.000, 0.000, 0.000, 0.000, 2.586
10.300, 0, Ego, -587.524, -266.481, 0.000, 3.892, 0.000, 0.000, 16.080, 0.000, 0.958
10.300, 1, NPC, -582.842, -262.119, 0.000, 3.892, 0.000, 0.000, 0.000, 0.000, 2.586
10.350, 0, Ego, -588.116, -267.032, 0.000, 3.892, 0.000, 0.000, 16.180, 0.000, 3.269
10.350, 1, NPC, -582.842, -262.119, 0.000, 3.892, 0.000, 0.000, 0.000, 0.000, 2.586
10.400, 0, Ego, -588.711, -267.587, 0.000, 3.892, 0.000, 0.000, 16.280, 0.000, 5.595
10.400, 1, NPC, -582.842, -262.119, 0.000, 3.892, 0.000, 0.000, 0.000, 0.000, 2.586
10.450, 0, Ego, -589.310, -268.146, 0.000, 3.892, 0.000, 0.000, 16.380, 0.000, 1.652
10.450, 1, NPC, -582.842, -262.119, 0.000, 3.892, 0.000, 0.000, 0.000, 0.000, 2.586
10.500, 0, Ego, -589.913, -268.707, 0.000, 3.892, 0.000, 0.000, 16.480, 0.000, 4.006
10.500, 1, NPC, -582.842, -262.119, 0.000, 3.892, 0.000, 0.000, 0.000, 0.000, 2.586
10.550, 0, Ego, -590.520, -269.272, 0.000, 3.892, 0.000, 0.000, 16.580, 0.000, 0.091
10.550, 1, NPC, -582.842, -262.119, 0.000, 3.892, 0.000, 0.000, 0.000, 0.000, 2.586
10.600, 0, Ego, -591.130, -269.841, 0.000, 3.892, 0.000, 0.000, 16.680, 0.000, 2.474
10.600, 1, NPC, -582.842, -262.119, 0.000, 3.892, 0.000, 0.000, 0.000, 0.000, 2.586
10.650, 0, Ego, -591.744, -270.413, 0.000, 3.892, 0.000, 0.000, 16.780, 0.000, 4.871
10.650, 1, NPC, -582.842, -262.119, 0.000, 3.892, 0.000, 0.000, 0.000, 0.000, 2.586
10.700, 0, Ego, -592.362, -270.988, 0.000, 3.892, 0.000, 0.000, 16.880, 0.000, 1.000
10.700, 1, NPC, -582.842, -262.119, 0.000, 3.892, 0.000, 0.000, 0.000, 0.000, 2.586
10.750, 0, Ego, -592.983, -271.567, 0.000, 3.892, 0.000, 0.000, 16.980, 0.000, 3.425
10.750, 1, NPC, -582.842, -262.119, 0.000, 3.892, 0.000, 0.000, 0.000, 0.000, 2.586
10.800, 0, Ego, -593.608, -272.149, 0.000, 3.892, 0.000, 0.000, 17.080, 0.000, 5.865
10.800, 1, NPC, -582.842, -262.119, 0.000, 3.892, 0.000, 0.000, 0.000, 0.000, 2.586
10.850, 0, Ego, -594.236, -272.734, 0.000, 3.892, 0.000, 0.000, 17.180, 0.000, 2.036
10.850, 1, NPC, -582.842, -262.119, 0.000, 3.892, 0.000, 0.000, 0.000, 0.000, 2.586
10.900, 0, Ego, -594.868, -273.323, 0.000, 3.892, 0.000, 0.000, 17.280, 0.000, 4.505
10.900, 1, NPC, -582.842, -262.119, 0.000, 3.892, 0.000, 0.000, 0.000, 0.000, 2.586
10.950, 0, Ego, -595.504, -273.916, 0.000, 3.892, 0.000, 0.000, 17.380, 0.000, 0.705
10.950, 1, NPC, -582.842, -262.119, 0.000, 3.892, 0.000, 0.000, 0.000, 0.000, 2.586
11.000, 0, Ego, -596.144, -274.511, 0.000, 3.892, 0.000, 0.000, 17.480, 0.000, 3.202
11.000, 1, NPC, -582.842, -262.119, 0.000, 3.892, 0.000, 0.000, 0.000, 0.000, 2.586
11.050, 0, Ego, -596.787, -275.111, 0.000, 3.892, 0.000, 0.000, 17.580, 0.000, 5.713
11.050, 1, NPC, -582.842, -262.119, 0.000, 3.892, 0.000, 0.000, 0.000, 0.000, 2.586
11.100, 0, Ego, -597.434, -275.713, 0.000, 3.892, 0.000, 0.000, 17.680, 0.000, 1.956
11.100, 1, NPC, -582.842, -262.119, 0.000, 3.892, 0.000, 0.000, 0.000, 0.000, 2.586
11.150, 0, Ego, -598.084, -276.319, 0.000, 3.892, 0.000, 0.000, 17.780, 0.000, 4.496
11.150, 1, NPC, -582.842, -262.119, 0.000, 3.892, 0.000, 0.000, 0.000, 0.000, 2.586
11.200, 0, Ego, -598.738, -276.928, 0.000, 3.892, 0.000, 0.000, 17.880, 0.000, 0.767
11.200, 1, NPC, -582.842, -262.119, 0.000, 3.892, 0.000, 0.000, 0.000, 0.000, 2.586
11.250, 0, Ego, -599.396, -277.541, 0.000, 3.892, 0.000, 0.000, 17.980, 0.000, 3.335
11.250, 1, NPC, -582.842, -262.119, 0.000, 3.892, 0.000, 0.000, 0.000, 0.000, 2.586
11.300, 0, Ego, -600.057, -278.157, 0.000, 3.892, 0.000, 0.000, 18.080, 0.000, 5.918
11.300, 1, NPC, -582.842, -262.119, 0.000, 3.892, 0.000, 0.000, 0.000, 0.000, 2.586
11.350, 0, Ego, -600.723, -278.777, 0.000, 3.892, 0.000, 0.000, 18.180, 0.000, 2.232
11.350, 1, NPC, -582.842, -262.119, 0.000, 3.892, 0.000, 0.000, 0.000, 0.000, 2.586
11.400, 0, Ego, -601.391, -279.400, 0.000, 3.892, 0.000, 0.000, 18.280, 0.000, 4.844
11.400, 1, NPC, -582.842, -262.119, 0.000, 3.892, 0.000, 0.000, 0.000, 0.000, 2.586
11.450, 0, Ego, -602.064, -280.026, 0.000, 3.892, 0.000, 0.000, 18.380, 0.000, 1.186
11.450, 1, NPC, -582.842, -262.119, 0.000, 3.892, 0.000, 0.000, 0.000, 0.000, 2.586
11.500, 0, Ego, -602.740, -280.656, 0.000, 3.892, 0.000, 0.000, 18.480, 0.000, 3.826
11.500, 1, NPC, -582.842, -262.119, 0.000, 3.892, 0.000, 0.000, 0.000, 0.000, 2.586
11.550, 0, Ego, -603.420, -281.290, 0.000, 3.892, 0.000, 0.000, 18.580, 0.000, 0.197
11.550, 1, NPC, -582.842, -262.119, 0.000, 3.892, 0.000, 0.000, 0.000, 0.000, 2.586
11.600, 0, Ego, -604.103, -281.926, 0.000, 3.892, 0.000, 0.000, 18.680, 0.000, 2.866
11.600, 1, NPC, -582.842, -262.119, 0.000, 3.892, 0.000, 0.000, 0.000, 0.000, 2.586
11.650, 0, Ego, -604.790, -282.566, 0.000, 3.892, 0.000, 0.000, 18.780, 0.000, 5.549
11.650, 1, NPC, -582.842, -262.119, 0.000, 3.892, 0.000, 0.000, 0.000, 0.000, 2.586
11.700, 0, Ego, -605.481, -283.210, 0.000, 3.892, 0.000, 0.000, 18.880, 0.000, 1.963
11.700, 1, NPC, -582.842, -262.119, 0.000, 3.892, 0.000, 0.000, 0.000, 0.000, 2.586
11.750, 0, Ego, -606.175, -283.857, 0.000, 3.892, 0.000, 0.000, 18.980, 0.000, 4.674
11.750, 1, NPC, -582.842, -262.119, 0.000, 3.892, 0.000, 0.000, 0.000, 0.000, 2.586
11.800, 0, Ego, -606.873, -284.507, 0.000, 3.892, 0.000, 0.000, 19.080, 0.000, 1.117
11.800, 1, NPC, -582.842, -262.119, 0.000, 3.892, 0.000, 0.000, 0.000, 0.000, 2.586
11.850, 0, Ego, -607.575, -285.161, 0.000, 3.892, 0.000, 0.000, 19.180, 0.000, 3.857
11.850, 1, NPC, -582.842, -262.119, 0.000, 3.892, 0.000, 0.000, 0.000, 0.000, 2.586
11.900, 0, Ego, -608.280, -285.818, 0.000, 3.892, 0.000, 0.000, 19.280, 0.000, 0.328
11.900, 1, NPC, -582.842, -262.119, 0.000, 3.892, 0.000, 0.000, 0.000, 0.000, 2.586
11.950, 0, Ego, -608.989, -286.478, 0.000, 3.892, 0.000, 0.000, 19.380, 0.000, 3.096
11.950, 1, NPC, -582.842, -262.119, 0.000, 3.892, 0.000, 0.000, 0.000, 0.000, 2.586
12.000, 0, Ego, -609.702, -287.142, 0.000, 3.892, 0.000, 0.000, 19.480, 0.000, 5.879
12.000, 1, NPC, -582.842, -262.119, 0.000, 3.892, 0.000, 0.000, 0.000, 0.000, 2.586
12.050, 0, Ego, -610.418, -287.809, 0.000, 3.892, 0.000, 0.000, 19.580, 0.000, 2.393
12.050, 1, NPC, -582.842, -262.119, 0.000, 3.892, 0.000, 0.000, 0.000, 0.000, 2.586
12.100, 0, Ego, -611.138, -288.480, 0.000, 3.892, 0.000, 0.000, 19.680, 0.000, 5.205
12.100, 1, NPC, -582.842, -262.119, 0.000, 3.892, 0.000, 0.000, 0.000, 0.000, 2.586
12.150, 0, Ego, -611.862, -289.154, 0.000, 3.892, 0.000, 0.000, 19.780, 0.000, 1.747
12.150, 1, NPC, -582.842, -262.119, 0.000, 3.892, 0.000, 0.000, 0.000, 0.000, 2.586
12.200, 0, Ego, -612.589, -289.832, 0.000, 3.892, 0.000, 0.000, 19.880, 0.000, 4.587
12.200, 1, NPC, -582.842, -262.119, 0.000, 3.892, 0.000, 0.000, 0.000, 0.000, 2.586
12.250, 0, Ego, -613.320, -290.513, 0.000, 3.892, 0.000, 0.000, 19.980, 0.000, 1.158
12.250, 1, NPC, -582.842, -262.119, 0.000, 3.892, 0.000, 0.000, 0.000, 0.000, 2.586
12.300, 0, Ego, -614.055, -291.197, 0.000, 3.892, 0.000, 0.000, 20.080, 0.000, 4.027
12.300, 1, NPC, -582.842, -262.119, 0.000, 3.892, 0.000, 0.000, 0.000, 0.000, 2.586
12.350, 0, Ego, -614.793, -291.885, 0.000, 3.892, 0.000, 0.000, 20.180, 0.000, 0.626
12.350, 1, NPC, -582.842, -262.119, 0.000, 3.892, 0.000, 0.000, 0.000, 0.000, 2.586
12.400, 0, Ego, -615.535, -292.576, 0.000, 3.892, 0.000, 0.000, 20.280, 0.000, 3.524
12.400, 1, NPC, -582.842, -262.119, 0.000, 3.892, 0.000, 0.000, 0.000, 0.000, 2.586
12.450, 0, Ego, -616.281, -293.271, 0.000, 3.892, 0.000, 0.000, 20.380, 0.000, 0.152
12.450, 1, NPC, -582.842, -262.119, 0.000, 3.892, 0.000, 0.000, 0.000, 0.000, 2.586
12.500, 0, Ego, -617.030, -293.969, 0.000, 3.892, 0.000, 0.000, 20.480, 0.000, 3.078
12.500, 1, NPC, -582.842, -262.119, 0.000, 3.892, 0.000, 0.000, 0.000, 0.000, 2.586
12.550, 0, Ego, -617.783, -294.670, 0.000, 3.892, 0.000, 0.000, 20.580, 0.000, 6.018
12.550, 1, NPC, -582.842, -262.119, 0.000, 3.892, 0.000, 0.000, 0.000, 0.000, 2.586
12.600, 0, Ego, -618.539, -295.375, 0.000, 3.892, 0.000, 0.000, 20.680, 0.000, 2.689
12.600, 1, NPC, -582.842, -262.119, 0.000, 3.892, 0.000, 0.000, 0.000, 0.000, 2.586
12.650, 0, Ego, -619.299, -296.083, 0.000, 3.892, 0.000, 0.000, 20.780, 0.000, 5.657
12.650, 1, NPC, -582.842, -262.119, 0.000, 3.892, 0.000, 0.000, 0.000, 0.000, 2.586
12.700, 0, Ego, -620.063, -296.795, 0.000, 3.892, 0.000, 0.000, 20.880, 0.000, 2.357
12.700, 1, NPC, -582.842, -262.119, 0.000, 3.892, 0.000, 0.000, 0.000, 0.000, 2.586
12.750, 0, Ego, -620.831, -297.510, 0.000, 3.892, 0.000, 0.000, 20.980, 0.000, 5.354
12.750, 1, NPC, -582.842, -262.119, 0.000, 3.892, 0.000, 0.000, 0.000, 0.000, 2.586
12.800, 0, Ego, -621.602, -298.228, 0.000, 3.892, 0.000, 0.000, 21.080, 0.000, 2.082
12.800, 1, NPC, -582.842, -262.119, 0.000, 3.892, 0.000, 0.000, 0.000, 0.000, 2.586
12.850, 0, Ego, -622.377, -298.950, 0.000, 3.892, 0.000, 0.000, 21.180, 0.000, 5.108
12.850, 1, NPC, -582.842, -262.119, 0.000, 3.892, 0.000, 0.000, 0.000, 0.000, 2.586
12.900, 0, Ego, -623.155, -299.675, 0.000, 3.892, 0.000, 0.000, 21.280, 0.000, 1.865
12.900, 1, NPC, -582.842, -262.119, 0.000, 3.892, 0.000, 0.000, 0.000, 0.000, 2.586
12.950, 0, Ego, -623.938, -300.404, 0.000, 3.892, 0.000, 0.000, 21.380, 0.000, 4.919
12.950, 1, NPC, -582.842, -262.119, 0.000, 3.892, 0.000, 0.000, 0.000, 0.000, 2.586
13.000, 0, Ego, -624.723, -301.136, 0.000, 3.892, 0.000, 0.000, 21.480, 0.000, 1.705
13.000, 1, NPC, -582.842, -262.119, 0.000, 3.892, 0.000, 0.000, 0.000, 0.000, 2.586
13.050, 0, Ego, -625.513, -301.872, 0.000, 3.892, 0.000, 0.000, 21.580, 0.000, 4.787
13.050, 1, NPC, -582.842, -262.119, 0.000, 3.892, 0.000, 0.000, 0.000, 0.000, 2.586
13.100, 0, Ego, -626.306, -302.611, 0.000, 3.892, 0.000, 0.000, 21.680, 0.000, 1.601
13.100, 1, NPC, -582.842, -262.119, 0.000, 3.892, 0.000, 0.000, 0.000, 0.000, 2.586
13.150, 0, Ego, -627.103, -303.353, 0.000, 3.892, 0.000, 0.000, 21.780, 0.000, 4.713
13.150, 1, NPC, -582.842, -262.119, 0.000, 3.892, 0.000, 0.000, 0.000, 0.000, 2.586
13.200, 0, Ego, -627.903, -304.099, 0.000, 3.892, 0.000, 0.000, 21.880, 0.000, 1.555
13.200, 1, NPC, -582.842, -262.119, 0.000, 3.892, 0.000, 0.000, 0.000, 0.000, 2.586
13.250, 0, Ego, -628.708, -304.848, 0.000, 3.892, 0.000, 0.000, 21.980, 0.000, 4.695
13.250, 1, NPC, -582.842, -262.119, 0.000, 3.892, 0.000, 0.000, 0.000, 0.000, 2.586
13.300, 0, Ego, -629.515, -305.600, 0.000, 3.892, 0.000, 0.000, 22.080, 0.000, 1.566
13.300, 1, NPC, -582.842, -262.119, 0.000, 3.892, 0.000, 0.000, 0.000, 0.000, 2.586
13.350, 0, Ego, -630.327, -306.356, 0.000, 3.892, 0.000, 0.000, 22.180, 0.000, 4.735
13.350, 1, NPC, -582.842, -262.119, 0.000, 3.892, 0.000, 0.000, 0.000, 0.000, 2.586
13.400, 0, Ego, -631.142, -307.116, 0.000, 3.892, 0.000, 0.000, 22.280, 0.000, 1.635
13.400, 1, NPC, -582.842, -262.119, 0.000, 3.892, 0.000, 0.000, 0.000, 0.000, 2.586
13.450, 0, Ego, -631.961, -307.878, 0.000, 3.892, 0.000, 0.000, 22.380, 0.000, 4.832
13.450, 1, NPC, -582.842, -262.119, 0.000, 3.892, 0.000, 0.000, 0.000, 0.000, 2.586
13.500, 0, Ego, -632.783, -308.644, 0.000, 3.892, 0.000, 0.000, 22.480, 0.000, 1.760
13.500, 1, NPC, -582.842, -262.119, 0.000, 3.892, 0.000, 0.000, 0.000, 0.000, 2.586
13.550, 0, Ego, -633.609, -309.414, 0.000, 3.892, 0.000, 0.000, 22.580, 0.000, 4.986
13.550, 1, NPC, -582.842, -262.119, 0.000, 3.892, 0.000, 0.000, 0.000, 0.000, 2.586
13.600, 0, Ego, -634.439, -310.187, 0.000, 3.892, 0.000, 0.000, 22.680, 0.000, 1.943
13.600, 1, NPC, -582.842, -262.119, 0.000, 3.892, 0.000, 0.000, 0.000, 0.000, 2.586
13.650, 0, Ego, -635.272, -310.963, 0.000, 3.892, 0.000, 0.000, 22.780, 0.000, 5.197
13.650, 1, NPC, -582.842, -262.119, 0.000, 3.892, 0.000, 0.000, 0.000, 0.000, 2.586
13.700, 0, Ego, -636.109, -311.743, 0.000, 3.892, 0.000, 0.000, 22.880, 0.000, 2.182
13.700, 1, NPC, -582.842, -262.119, 0.000, 3.892, 0.000, 0.000, 0.000, 0.000, 2.586
13.750, 0, Ego, -636.950, -312.526, 0.000, 3.892, 0.000, 0.000, 22.980, 0.000, 5.465
13.750, 1, NPC, -582.842, -262.119, 0.000, 3.892, 0.000, 0.000, 0.000, 0.000, 2.586
13.800, 0, Ego, -637.794, -313.313, 0.000, 3.892, 0.000, 0.000, 23.080, 0.000, 2.479
13.800, 1, NPC, -582.842, -262.119, 0.000, 3.892, 0.000, 0.000, 0.000, 0.000, 2.586
13.850, 0, Ego, -638.642, -314.103, 0.000, 3.892, 0.000, 0.000, 23.180, 0.000, 5.790
13.850, 1, NPC, -582.842, -262.119, 0.000, 3.892, 0.000, 0.000, 0.000, 0.000, 2.586
13.900, 0, Ego, -639.494, -314.896, 0.000, 3.892, 0.000, 0.000, 23.280, 0.000, 2.833
13.900, 1, NPC, -582.842, -262.119, 0.000, 3.892, 0.000, 0.000, 0.000, 0.000, 2.586
13.950, 0, Ego, -640.349, -315.693, 0.000, 3.892, 0.000, 0.000, 23.380, 0.000, 6.173
13.950, 1, NPC, -582.842, -262.119, 0.000, 3.892, 0.000, 0.000, 0.000, 0.000, 2.586
14.000, 0, Ego, -641.208, -316.493, 0.000, 3.892, 0.000, 0.000, 23.480, 0.000, 3.244
14.000, 1, NPC, -582.842, -262.119, 0.000, 3.892, 0.000, 0.000, 0.000, 0.000, 2.586
14.050, 0, Ego, -642.071, -317.297, 0.000, 3.892, 0.000, 0.000, 23.580, 0.000, 0.329
14.050, 1, NPC, -582.842, -262.119, 0.000, 3.892, 0.000, 0.000, 0.000, 0.000, 2.586
14.100, 0, Ego, -642.937, -318.104, 0.000, 3.892, 0.000, 0.000, 23.680, 0.000, 3.712
14.100, 1, NPC, -582.842, -262.119, 0.000, 3.892, 0.000, 0.000, 0.000, 0.000, 2.586
14.150, 0, Ego, -643.807, -318.915, 0.000, 3.892, 0.000, 0.000, 23.780, 0.000, 0.826
14.150, 1, NPC, -582.842, -262.119, 0.000, 3.892, 0.000, 0.000, 0.000, 0.000, 2.586
14.200, 0, Ego, -644.681, -319.729, 0.000, 3.892, 0.000, 0.000, 23.880, 0.000, 4.238
14.200, 1, NPC, -582.842, -262.119, 0.000, 3.892, 0.000, 0.000, 0.000, 0.000, 2.586
14.250, 0, Ego, -645.558, -320.546, 0.000, 3.892, 0.000, 0.000, 23.980, 0.000, 1.380
14.250, 1, NPC, -582.842, -262.119, 0.000, 3.892, 0.000, 0.000, 0.000, 0.000, 2.586
14.300, 0, Ego, -646.439, -321.367, 0.000, 3.892, 0.000, 0.000, 24.080, 0.000, 4.820
14.300, 1, NPC, -582.842, -262.119, 0.000, 3.892, 0.000, 0.000, 0.000, 0.000, 2.586
14.350, 0, Ego, -647.324, -322.191, 0.000, 3.892, 0.000, 0.000, 24.180, 0.000, 1.991
14.350, 1, NPC, -582.842, -262.119, 0.000, 3.892, 0.000, 0.000, 0.000, 0.000, 2.586
14.400, 0, Ego, -648.212, -323.018, 0.000, 3.892, 0.000, 0.000, 24.280, 0.000, 5.460
14.400, 1, NPC, -582.842, -262.119, 0.000, 3.892, 0.000, 0.000, 0.000, 0.000, 2.586
14.450, 0, Ego, -649.104, -323.849, 0.000, 3.892, 0.000, 0.000, 24.380, 0.000, 2.660
14.450, 1, NPC, -582.842, -262.119, 0.000, 3.892, 0.000, 0.000, 0.000, 0.000, 2.586
14.500, 0, Ego, -650.000, -324.683, 0.000, 3.892, 0.000, 0.000, 24.480, 0.000, 6.157
14.500, 1, NPC, -582.842, -262.119, 0.000, 3.892, 0.000, 0.000, 0.000, 0.000, 2.586
14.550, 0, Ego, -650.899, -325.521, 0.000, 3.892, 0.000, 0.000, 24.580, 0.000, 3.385
14.550, 1, NPC, -582.842, -262.119, 0.000, 3.892, 0.000, 0.000, 0.000, 0.000, 2.586
14.600, 0, Ego, -651.802, -326.362, 0.000, 3.892, 0.000, 0.000, 24.680, 0.000, 0.627
14.600, 1, NPC, -582.842, -262.119, 0.000, 3.892, 0.000, 0.000, 0.000, 0.000, 2.586
14.650, 0, Ego, -652.708, -327.207, 0.000, 3.892, 0.000, 0.000, 24.780, 0.000, 4.167
14.650, 1, NPC, -582.842, -262.119, 0.000, 3.892, 0.000, 0.000, 0.000, 0.000, 2.586
14.700, 0, Ego, -653.619, -328.055, 0.000, 3.892, 0.000, 0.000, 24.880, 0.000, 1.439
14.700, 1, NPC, -582.842, -262.119, 0.000, 3.892, 0.000, 0.000, 0.000, 0.000, 2.586
14.750, 0, Ego, -654.532, -328.906, 0.000, 3.892, 0.000, 0.000, 24.980, 0.000, 5.007
14.750, 1, NPC, -582.842, -262.119, 0.000, 3.892, 0.000, 0.000, 0.000, 0.000, 2.586
14.800, 0, Ego, -655.450, -329.761, 0.000, 3.892, 0.000, 0.000, 25.080, 0.000, 2.307
14.800, 1, NPC, -582.842, -262.119, 0.000, 3.892, 0.000, 0.000, 0.000, 0.000, 2.586
14.850, 0, Ego, -656.371, -330.619, 0.000, 3.892, 0.000, 0.000, 25.180, 0.000, 5.904
14.850, 1, NPC, -582.842, -262.119, 0.000, 3.892, 0.000, 0.000, 0.000, 0.000, 2.586
14.900, 0, Ego, -657.296, -331.481, 0.000, 3.892, 0.000, 0.000, 25.280, 0.000, 3.232
14.900, 1, NPC, -582.842, -262.119, 0.000, 3.892, 0.000, 0.000, 0.000, 0.000, 2.586
14.950, 0, Ego, -658.225, -332.346, 0.000, 3.892, 0.000, 0.000, 25.380, 0.000, 0.575
14.950, 1, NPC, -582.842, -262.119, 0.000, 3.892, 0.000, 0.000, 0.000, 0.000, 2.586
15.000, 0, Ego, -659.157, -333.214, 0.000, 3.892, 0.000, 0.000, 25.480, 0.000, 4.215
15.000, 1, NPC, -582.842, -262.119, 0.000, 3.892, 0.000, 0.000, 0.000, 0.000, 2.586
15.050, 0, Ego, -660.093, -334.086, 0.000, 3.892, 0.000, 0.000, 25.580, 0.000, 1.586
15.050, 1, NPC, -582.842, -262.119, 0.000, 3.892, 0.000, 0.000, 0.000, 0.000, 2.586
15.100, 0, Ego, -661.032, -334.961, 0.000, 3.892, 0.000, 0.000, 25.680, 0.000, 5.254
15.100, 1, NPC, -582.842, -262.119, 0.000, 3.892, 0.000, 0.000, 0.000, 0.000, 2.586
15.150, 0, Ego, -661.975, -335.840, 0.000, 3.892, 0.000, 0.000, 25.780, 0.000, 2.654
15.150, 1, NPC, -582.842, -262.119, 0.000, 3.892, 0.000, 0.000, 0.000, 0.000, 2.586
15.200, 0, Ego, -662.922, -336.722, 0.000, 3.892, 0.000, 0.000, 25.880, 0.000, 0.068
15.200, 1, NPC, -582.842, -262.119, 0.000, 3.892, 0.000, 0.000, 0.000, 0.000, 2.586
15.250, 0, Ego, -663.872, -337.607, 0.000, 3.892, 0.000, 0.000, 25.980, 0.000, 3.779
15.250, 1, NPC, -582.842, -262.119, 0.000, 3.892, 0.000, 0.000, 0.000, 0.000, 2.586
15.300, 0, Ego, -664.827, -338.496, 0.000, 3.892, 0.000, 0.000, 26.080, 0.000, 1.222
15.300, 1, NPC, -582.842, -262.119, 0.000, 3.892, 0.000, 0.000, 0.000, 0.000, 2.586
15.350, 0, Ego, -665.784, -339.388, 0.000, 3.892, 0.000, 0.000, 26.180, 0.000, 4.962
15.350, 1, NPC, -582.842, -262.119, 0.000, 3.892, 0.000, 0.000, 0.000, 0.000, 2.586
15.400, 0, Ego, -666.746, -340.284, 0.000, 3.892, 0.000, 0.000, 26.280, 0.000, 2.433
15.400, 1, NPC, -582.842, -262.119, 0.000, 3.892, 0.000, 0.000, 0.000, 0.000, 2.586
15.450, 0, Ego, -667.711, -341.183, 0.000, 3.892, 0.000, 0.000, 26.380, 0.000, 6.202
15.450, 1, NPC, -582.842, -262.119, 0.000, 3.892, 0.000, 0.000, 0.000, 0.000, 2.586
15.500, 0, Ego, -668.680, -342.086, 0.000, 3.892, 0.000, 0.000, 26.480, 0.000, 3.701
15.500, 1, NPC, -582.842, -262.119, 0.000, 3.892, 0.000, 0.000, 0.000, 0.000, 2.586
15.550, 0, Ego, -669.652, -342.992, 0.000, 3.892, 0.000, 0.000, 26.580, 0.000, 1.215
15.550, 1, NPC, -582.842, -262.119, 0.000, 3.892, 0.000, 0.000, 0.000, 0.000, 2.586
15.600, 0, Ego, -670.628, -343.901, 0.000, 3.892, 0.000, 0.000, 26.680, 0.000, 5.027
15.600, 1, NPC, -582.842, -262.119, 0.000, 3.892, 0.000, 0.000, 0.000, 0.000, 2.586
15.650, 0, Ego, -671.608, -344.814, 0.000, 3.892, 0.000, 0.000, 26.780, 0.000, 2.569
15.650, 1, NPC, -582.842, -262.119, 0.000, 3.892, 0.000, 0.000, 0.000, 0.000, 2.586
15.700, 0, Ego, -672.591, -345.730, 0.000, 3.892, 0.000, 0.000, 26.880, 0.000, 0.126
15.700, 1, NPC, -582.842, -262.119, 0.000, 3.892, 0.000, 0.000, 0.000, 0.000, 2.586
15.750, 0, Ego, -673.578, -346.649, 0.000, 3.892, 0.000, 0.000, 26.980, 0.000, 3.980
15.750, 1, NPC, -582.842, -262.119, 0.000, 3.892, 0.000, 0.000, 0.000, 0.000, 2.586
15.800, 0, Ego, -674.569, -347.572, 0.000, 3.892, 0.000, 0.000, 27.080, 0.000, 1.566
15.800, 1, NPC, -582.842, -262.119, 0.000, 3.892, 0.000, 0.000, 0.000, 0.000, 2.586
15.850, 0, Ego, -675.563, -348.498, 0.000, 3.892, 0.000, 0.000, 27.180, 0.000, 5.449
15.850, 1, NPC, -582.842, -262.119, 0.000, 3.892, 0.000, 0.000, 0.000, 0.000, 2.586
15.900, 0, Ego, -676.561, -349.428, 0.000, 3.892, 0.000, 0.000, 27.280, 0.000, 3.063
15.900, 1, NPC, -582.842, -262.119, 0.000, 3.892, 0.000, 0.000, 0.000, 0.000, 2.586
15.950, 0, Ego, -677.563, -350.361, 0.000, 3.892, 0.000, 0.000, 27.380, 0.000, 0.691
15.950, 1, NPC, -582.842, -262.119, 0.000, 3.892, 0.000, 0.000, 0.000, 0.000, 2.586
16.000, 0, Ego, -678.568, -351.298, 0.000, 3.892, 0.000, 0.000, 27.480, 0.000, 4.617
16.000, 1, NPC, -582.842, -262.119, 0.000, 3.892, 0.000, 0.000, 0.000, 0.000, 2.586
16.050, 0, Ego, -679.577, -352.238, 0.000, 3.892, 0.000, 0.000, 27.580, 0.000, 2.273
16.050, 1, NPC, -582.842, -262.119, 0.000, 3.892, 0.000, 0.000, 0.000, 0.000, 2.586
16.100, 0, Ego, -680.590, -353.181, 0.000, 3.892, 0.000, 0.000, 27.680, 0.000, 6.228
16.100, 1, NPC, -582.842, -262.119, 0.000, 3.892, 0.000, 0.000, 0.000, 0.000, 2.586
16.150, 0, Ego, -681.606, -354.128, 0.000, 3.892, 0.000, 0.000, 27.780, 0.000, 3.913
16.150, 1, NPC, -582.842, -262.119, 0.000, 3.892, 0.000, 0.000, 0.000, 0.000, 2.586
16.200, 0, Ego, -682.623, -355.075, 0.000, 3.892, 0.000, 0.000, 27.780, 0.000, 1.598
16.200, 1, NPC, -582.842, -262.119, 0.000, 3.892, 0.000, 0.000, 0.000, 0.000, 2.586
16.250, 0, Ego, -683.639, -356.022, 0.000, 3.892, 0.000, 0.000, 27.780, 0.000, 5.567
16.250, 1, NPC, -582.842, -262.119, 0.000, 3.892, 0.000, 0.000, 0.000, 0.000, 2.586
16.300, 0, Ego, -684.655, -356.969, 0.000, 3.892, 0.000, 0.000, 27.780, 0.000, 3.252
16.300, 1, NPC, -582.842, -262.119, 0.000, 3.892, 0.000, 0.000, 0.000, 0.000, 2.586
16.350, 0, Ego, -685.672, -357.915, 0.000, 3.892, 0.000, 0.000, 27.780, 0.000, 0.938
16.350, 1, NPC, -582.842, -262.119, 0.000, 3.892, 0.000, 0.000, 0.000, 0.000, 2.586
16.400, 0, Ego, -686.688, -358.862, 0.000, 3.892, 0.000, 0.000, 27.780, 0.000, 4.906
16.400, 1, NPC, -582.842, -262.119, 0.000, 3.892, 0.000, 0.000, 0.000, 0.000, 2.586
16.450, 0, Ego, -687.704, -359.809, 0.000, 3.892, 0.000, 0.000, 27.780, 0.000, 2.592
16.450, 1, NPC, -582.842, -262.119, 0.000, 3.892, 0.000, 0.000, 0.000, 0.000, 2.586
16.500, 0, Ego, -688.721, -360.756, 0.000, 3.892, 0.000, 0.000, 27.780, 0.000, 0.277
16.500, 1, NPC, -582.842, -262.119, 0.000, 3.892, 0.000, 0.000, 0.000, 0.000, 2.586
16.550, 0, Ego, -689.737, -361.703, 0.000, 3.892, 0.000, 0.000, 27.780, 0.000, 4.246
16.550, 1, NPC, -582.842, -262.119, 0.000, 3.892, 0.000, 0.000, 0.000, 0.000, 2.586
16.600, 0, Ego, -690.753, -362.649, 0.000, 3.892, 0.000, 0.000, 27.780, 0.000, 1.931
16.600, 1, NPC, -582.842, -262.119, 0.000, 3.892, 0.000, 0.000, 0.000, 0.000, 2.586
16.650, 0, Ego, -691.770, -363.596, 0.000, 3.892, 0.000, 0.000, 27.780, 0.000, 5.900
16.650, 1, NPC, -582.842, -262.119, 0.000, 3.892, 0.000, 0.000, 0.000, 0.000, 2.586
16.700, 0, Ego, -692.786, -364.543, 0.000, 3.892, 0.000, 0.000, 27.780, 0.000, 3.585
16.700, 1, NPC, -582.842, -262.119, 0.000, 3.892, 0.000, 0.000, 0.000, 0.000, 2.586
16.750, 0, Ego, -693.802, -365.490, 0.000, 3.892, 0.000, 0.000, 27.780, 0.000, 1.270
16.750, 1, NPC, -582.842, -262.119, 0.000, 3.892, 0.000, 0.000, 0.000, 0.000, 2.586
16.800, 0, Ego, -694.819, -366.436, 0.000, 3.892, 0.000, 0.000, 27.780, 0.000, 5.239
16.800, 1, NPC, -582.842, -262.119, 0.000, 3.892, 0.000, 0.000, 0.000, 0.000, 2.586
16.850, 0, Ego, -695.835, -367.383, 0.000, 3.892, 0.000, 0.000, 27.780, 0.000, 2.924
16.850, 1, NPC, -582.842, -262.119, 0.000, 3.892, 0.000, 0.000, 0.000, 0.000, 2.586
16.900, 0, Ego, -696.851, -368.330, 0.000, 3.892, 0.000, 0.000, 27.780, 0.000, 0.610
16.900, 1, NPC, -582.842, -262.119, 0.000, 3.892, 0.000, 0.000, 0.000, 0.000, 2.586
16.950, 0, Ego, -697.867, -369.277, 0.000, 3.892, 0.000, 0.000, 27.780, 0.000, 4.578
16.950, 1, NPC, -582.842, -262.119, 0.000, 3.892, 0.000, 0.000, 0.000, 0.000, 2.586
17.000, 0, Ego, -698.884, -370.224, 0.000, 3.892, 0.000, 0.000, 27.780, 0.000, 2.264
17.000, 1, NPC, -582.842, -262.119, 0.000, 3.892, 0.000, 0.000, 0.000, 0.000, 2.586
17.050, 0, Ego, -699.900, -371.170, 0.000, 3.892, 0.000, 0.000, 27.780, 0.000, 6.232
17.050, 1, NPC, -582.842, -262.119, 0.000, 3.892, 0.000, 0.000, 0.000, 0.000, 2.586
17.100, 0, Ego, -700.916, -372.117, 0.000, 3.892, 0.000, 0.000, 27.780, 0.000, 3.918
17.100, 1, NPC, -582.842, -262.119, 0.000, 3.892, 0.000, 0.000, 0.000, 0.000, 2.586
17.150, 0, Ego, -701.933, -373.064, 0.000, 3.892, 0.000, 0.000, 27.780, 0.000, 1.603
17.150, 1, NPC, -582.842, -262.119, 0.000, 3.892, 0.000, 0.000, 0.000, 0.000, 2.586
17.200, 0, Ego, -702.949, -374.011, 0.000, 3.892, 0.000, 0.000, 27.780, 0.000, 5.572
17.200, 1, NPC, -582.842, -262.119, 0.000, 3.892, 0.000, 0.000, 0.000, 0.000, 2.586
17.250, 0, Ego, -703.965, -374.958, 0.000, 3.892, 0.000, 0.000, 27.780, 0.000, 3.257
17.250, 1, NPC, -582.842, -262.119, 0.000, 3.892, 0.000, 0.000, 0.000, 0.000, 2.586
17.300, 0, Ego, -704.982, -375.904, 0.000, 3.892, 0.000, 0.000, 27.780, 0.000, 0.942
17.300, 1, NPC, -582.842, -262.119, 0.000, 3.892, 0.000, 0.000, 0.000, 0.000, 2.586
17.350, 0, Ego, -705.998, -376.851, 0.000, 3.892, 0.000, 0.000, 27.780, 0.000, 4.911
17.350, 1, NPC, -582.842, -262.119, 0.000, 3.892, 0.000, 0.000, 0.000, 0.000, 2.586
17.400, 0, Ego, -707.014, -377.798, 0.000, 3.892, 0.000, 0.000, 27.780, 0.000, 2.596
17.400, 1, NPC, -582.842, -262.119, 0.000, 3.892, 0.000, 0.000, 0.000, 0.000, 2.586
17.450, 0, Ego, -708.031, -378.745, 0.000, 3.892, 0.000, 0.000, 27.780, 0.000, 0.282
17.450, 1, NPC, -582.842, -262.119, 0.000, 3.892, 0.000, 0.000, 0.000, 0.000, 2.586
17.500, 0, Ego, -709.047, -379.692, 0.000, 3.892, 0.000, 0.000, 27.780, 0.000, 4.250
17.500, 1, NPC, -582.842, -262.119, 0.000, 3.892, 0.000, 0.000, 0.000, 0.000, 2.586
17.550, 0, Ego, -710.063, -380.638, 0.000, 3.892, 0.000, 0.000, 27.780, 0.000, 1.936
17.550, 1, NPC, -582.842, -262.119, 0.000, 3.892, 0.000, 0.000, 0.000, 0.000, 2.586
17.600, 0, Ego, -711.080, -381.585, 0.000, 3.892, 0.000, 0.000, 27.780, 0.000, 5.904
17.600, 1, NPC, -582.842, -262.119, 0.000, 3.892, 0.000, 0.000, 0.000, 0.000, 2.586
17.650, 0, Ego, -712.096, -382.532, 0.000, 3.892, 0.000, 0.000, 27.780, 0.000, 3.590
17.650, 1, NPC, -582.842, -262.119, 0.000, 3.892, 0.000, 0.000, 0.000, 0.000, 2.586
17.700, 0, Ego, -713.112, -383.479, 0.000, 3.892, 0.000, 0.000, 27.780, 0.000, 1.275
17.700, 1, NPC, -582.842, -262.119, 0.000, 3.892, 0.000, 0.000, 0.000, 0.000, 2.586
17.750, 0, Ego, -714.129, -384.426, 0.000, 3.892, 0.000, 0.000, 27.780, 0.000, 5.244
17.750, 1, NPC, -582.842, -262.119, 0.000, 3.892, 0.000, 0.000, 0.000, 0.000, 2.586
17.800, 0, Ego, -715.145, -385.372, 0.000, 3.892, 0.000, 0.000, 27.780, 0.000, 2.929
17.800, 1, NPC, -582.842, -262.119, 0.000, 3.892, 0.000, 0.000, 0.000, 0.000, 2.586
17.850, 0, Ego, -716.161, -386.319, 0.000, 3.892, 0.000, 0.000, 27.780, 0.000, 0.614
17.850, 1, NPC, -582.842, -262.119, 0.000, 3.892, 0.000, 0.000, 0.000, 0.000, 2.586
17.900, 0, Ego, -717.177, -387.266, 0.000, 3.892, 0.000, 0.000, 27.780, 0.000, 4.583
17.900, 1, NPC, -582.842, -262.119, 0.000, 3.892, 0.000, 0.000, 0.000, 0.000, 2.586
17.950, 0, Ego, -718.194, -388.213, 0.000, 3.892, 0.000, 0.000, 27.780, 0.000, 2.268
17.950, 1, NPC, -582.842, -262.119, 0.000, 3.892, 0.000, 0.000, 0.000, 0.000, 2.586
18.000, 0, Ego, -719.210, -389.160, 0.000, 3.892, 0.000, 0.000, 27.780, 0.000, 6.237
18.000, 1, NPC, -582.842, -262.119, 0.000, 3.892, 0.000, 0.000, 0.000, 0.000, 2.586
18.050, 0, Ego, -720.226, -390.106, 0.000, 3.892, 0.000, 0.000, 27.780, 0.000, 3.922
18.050, 1, NPC, -582.842, -262.119, 0.000, 3.892, 0.000, 0.000, 0.000, 0.000, 2.586
18.100, 0, Ego, -721.243, -391.053, 0.000, 3.892, 0.000, 0.000, 27.780, 0.000, 1.608
18.100, 1, NPC, -582.842, -262.119, 0.000, 3.892, 0.000, 0.000, 0.000, 0.000, 2.586
18.150, 0, Ego, -722.259, -392.000, 0.000, 3.892, 0.000, 0.000, 27.780, 0.000, 5.576
18.150, 1, NPC, -582.842, -262.119, 0.000, 3.892, 0.000, 0.000, 0.000, 0.000, 2.586
18.200, 0, Ego, -723.275, -392.947, 0.000, 3.892, 0.000, 0.000, 27.780, 0.000, 3.262
18.200, 1, NPC, -582.842, -262.119, 0.000, 3.892, 0.000, 0.000, 0.000, 0.000, 2.586
18.250, 0, Ego, -724.292, -393.894, 0.000, 3.892, 0.000, 0.000, 27.780, 0.000, 0.947
18.250, 1, NPC, -582.842, -262.119, 0.000, 3.892, 0.000, 0.000, 0.000, 0.000, 2.586
18.300, 0, Ego, -725.308, -394.840, 0.000, 3.892, 0.000, 0.000, 27.780, 0.000, 4.916
18.300, 1, NPC, -582.842, -262.119, 0.000, 3.892, 0.000, 0.000, 0.000, 0.000, 2.586
18.350, 0, Ego, -726.324, -395.787, 0.000, 3.892, 0.000, 0.000, 27.780, 0.000, 2.601
18.350, 1, NPC, -582.842, -262.119, 0.000, 3.892, 0.000, 0.000, 0.000, 0.000, 2.586
18.400, 0, Ego, -727.341, -396.734, 0.000, 3.892, 0.000, 0.000, 27.780, 0.000, 0.286
18.400, 1, NPC, -582.842, -262.119, 0.000, 3.892, 0.000, 0.000, 0.000, 0.000, 2.586
18.450, 0, Ego, -728.357, -397.681, 0.000, 3.892, 0.000, 0.000, 27.780, 0.000, 4.255
18.450, 1, NPC, -582.842, -262.119, 0.000, 3.892, 0.000, 0.000, 0.000, 0.000, 2.586
18.500, 0, Ego, -729.373, -398.628, 0.000, 3.892, 0.000, 0.000, 27.780, 0.000, 1.940
18.500, 1, NPC, -582.842, -262.119, 0.000, 3.892, 0.000, 0.000, 0.000, 0.000, 2.586
18.550, 0, Ego, -730.390, -399.574, 0.000, 3.892, 0.000, 0.000, 27.780, 0.000, 5.909
18.550, 1, NPC, -582.842, -262.119, 0.000, 3.892, 0.000, 0.000, 0.000, 0.000, 2.586
18.600, 0, Ego, -731.406, -400.521, 0.000, 3.892, 0.000, 0.000, 27.780, 0.000, 3.594
18.600, 1, NPC, -582.842, -262.119, 0.000, 3.892, 0.000, 0.000, 0.000, 0.000, 2.586
18.650, 0, Ego, -732.422, -401.468, 0.000, 3.892, 0.000, 0.000, 27.780, 0.000, 1.280
18.650, 1, NPC, -582.842, -262.119, 0.000, 3.892, 0.000, 0.000, 0.000, 0.000, 2.586
18.700, 0, Ego, -733.439, -402.415, 0.000, 3.892, 0.000, 0.000, 27.780, 0.000, 5.248
18.700, 1, NPC, -582.842, -262.119, 0.000, 3.892, 0.000, 0.000, 0.000, 0.000, 2.586
18.750, 0, Ego, -734.455, -403.362, 0.000, 3.892, 0.000, 0.000, 27.780, 0.000, 2.934
18.750, 1, NPC, -582.842, -262.119, 0.000, 3.892, 0.000, 0.000, 0.000, 0.000, 2.586
18.800, 0, Ego, -735.471, -404.308, 0.000, 3.892, 0.000, 0.000, 27.780, 0.000, 0.619
18.800, 1, NPC, -582.842, -262.119, 0.000, 3.892, 0.000, 0.000, 0.000, 0.000, 2.586
18.850, 0, Ego, -736.487, -405.255, 0.000, 3.892, 0.000, 0.000, 27.780, 0.000, 4.588
18.850, 1, NPC, -582.842, -262.119, 0.000, 3.892, 0.000, 0.000, 0.000, 0.000, 2.586
18.900, 0, Ego, -737.504, -406.202, 0.000, 3.892, 0.000, 0.000, 27.780, 0.000, 2.273
18.900, 1, NPC, -582.842, -262.119, 0.000, 3.892, 0.000, 0.000, 0.000, 0.000, 2.586
18.950, 0, Ego, -738.520, -407.149, 0.000, 3.892, 0.000, 0.000, 27.780, 0.000, 6.242
18.950, 1, NPC, -582.842, -262.119, 0.000, 3.892, 0.000, 0.000, 0.000, 0.000, 2.586
19.000, 0, Ego, -739.536, -408.096, 0.000, 3.892, 0.000, 0.000, 27.780, 0.000, 3.927
19.000, 1, NPC, -582.842, -262.119, 0.000, 3.892, 0.000, 0.000, 0.000, 0.000, 2.586
19.050, 0, Ego, -740.553, -409.042, 0.000, 3.892, 0.000, 0.000, 27.780, 0.000, 1.612
19.050, 1, NPC, -582.842, -262.119, 0.000, 3.892, 0.000, 0.000, 0.000, 0.000, 2.586
19.100, 0, Ego, -741.569, -409.989, 0.000, 3.892, 0.000, 0.000, 27.780, 0.000, 5.581
19.100, 1, NPC, -582.842, -262.119, 0.000, 3.892, 0.000, 0.000, 0.000, 0.000, 2.586
19.150, 0, Ego, -742.585, -410.936, 0.000, 3.892, 0.000, 0.000, 27.780, 0.000, 3.266
19.150, 1, NPC, -582.842, -262.119, 0.000, 3.892, 0.000, 0.000, 0.000, 0.000, 2.586
19.200, 0, Ego, -743.602, -411.883, 0.000, 3.892, 0.000, 0.000, 27.780, 0.000, 0.952
19.200, 1, NPC, -582.842, -262.119, 0.000, 3.892, 0.000, 0.000, 0.000, 0.000, 2.586
19.250, 0, Ego, -744.618, -412.829, 0.000, 3.892, 0.000, 0.000, 27.780, 0.000, 4.920
19.250, 1, NPC, -582.842, -262.119, 0.000, 3.892, 0.000, 0.000, 0.000, 0.000, 2.586
19.300, 0, Ego, -745.634, -413.776, 0.000, 3.892, 0.000, 0.000, 27.780, 0.000, 2.606
19.300, 1, NPC, -582.842, -262.119, 0.000, 3.892, 0.000, 0.000, 0.000, 0.000, 2.586
19.350, 0, Ego, -746.651, -414.723, 0.000, 3.892, 0.000, 0.000, 27.780, 0.000, 0.291
19.350, 1, NPC, -582.842, -262.119, 0.000, 3.892, 0.000, 0.000, 0.000, 0.000, 2.586
19.400, 0, Ego, -747.667, -415.670, 0.000, 3.892, 0.000, 0.000, 27.780, 0.000, 4.260
19.400, 1, NPC, -582.842, -262.119, 0.000, 3.892, 0.000, 0.000, 0.000, 0.000, 2.586
19.450, 0, Ego, -748.683, -416.617, 0.000, 3.892, 0.000, 0.000, 27.780, 0.000, 1.945
19.450, 1, NPC, -582.842, -262.119, 0.000, 3.892, 0.000, 0.000, 0.000, 0.000, 2.586
19.500, 0, Ego, -749.700, -417.563, 0.000, 3.892, 0.000, 0.000, 27.780, 0.000, 5.914
19.500, 1, NPC, -582.842, -262.119, 0.000, 3.892, 0.000, 0.000, 0.000, 0.000, 2.586
19.550, 0, Ego, -750.716, -418.510, 0.000, 3.892, 0.000, 0.000, 27.780, 0.000, 3.599
19.550, 1, NPC, -582.842, -262.119, 0.000, 3.892, 0.000, 0.000, 0.000, 0.000, 2.586
19.600, 0, Ego, -751.732, -419.457, 0.000, 3.892, 0.000, 0.000, 27.780, 0.000, 1.284
19.600, 1, NPC, -582.842, -262.119, 0.000, 3.892, 0.000, 0.000, 0.000, 0.000, 2.586
19.650, 0, Ego, -752.749, -420.404, 0.000, 3.892, 0.000, 0.000, 27.780, 0.000, 5.253
19.650, 1, NPC, -582.842, -262.119, 0.000, 3.892, 0.000, 0.000, 0.000, 0.000, 2.586
19.700, 0, Ego, -753.765, -421.351, 0.000, 3.892, 0.000, 0.000, 27.780, 0.000, 2.938
19.700, 1, NPC, -582.842, -262.119, 0.000, 3.892, 0.000, 0.000, 0.000, 0.000, 2.586
19.750, 0, Ego, -754.781, -422.297, 0.000, 3.892, 0.000, 0.000, 27.780, 0.000, 0.624
19.750, 1, NPC, -582.842, -262.119, 0.000, 3.892, 0.000, 0.000, 0.000, 0.000, 2.586
19.800, 0, Ego, -755.797, -423.244, 0.000, 3.892, 0.000, 0.000, 27.780, 0.000, 4.592
19.800, 1, NPC, -582.842, -262.119, 0.000, 3.892, 0.000, 0.000, 0.000, 0.000, 2.586
19.850, 0, Ego, -756.814, -424.191, 0.000, 3.892, 0.000, 0.000, 27.780, 0.000, 2.278
19.850, 1, NPC, -582.842, -262.119, 0.000, 3.892, 0.000, 0.000, 0.000, 0.000, 2.586
19.900, 0, Ego, -757.830, -425.138, 0.000, 3.892, 0.000, 0.000, 27.780, 0.000, 6.246
19.900, 1, NPC, -582.842, -262.119, 0.000, 3.892, 0.000, 0.000, 0.000, 0.000, 2.586
19.950, 0, Ego, -758.846, -426.085, 0.000, 3.892, 0.000, 0.000, 27.780, 0.000, 3.932
19.950, 1, NPC, -582.842, -262.119, 0.000, 3.892, 0.000, 0.000, 0.000, 0.000, 2.586
20.000, 0, Ego, -759.863, -427.031, 0.000, 3.892, 0.000, 0.000, 27.780, 0.000, 1.617
20.000, 1, NPC, -582.842, -262.119, 0.000, 3.892, 0.000, 0.000, 0.000, 0.000, 2.586
20.050, 0, Ego, -760.879, -427.978, 0.000, 3.892, 0.000, 0.000, 27.780, 0.000, 5.586
20.050, 1, NPC, -582.842, -262.119, 0.000, 3.892, 0.000, 0.000, 0.000, 0.000, 2.586
20.100, 0, Ego, -761.895, -428.925, 0.000, 3.892, 0.000, 0.000, 27.780, 0.000, 3.271
20.100, 1, NPC, -582.842, -262.119, 0.000, 3.892, 0.000, 0.000, 0.000, 0.000, 2.586
20.150, 0, Ego, -762.912, -429.872, 0.000, 3.892, 0.000, 0.000, 27.780, 0.000, 0.956
20.150, 1, NPC, -582.842, -262.119, 0.000, 3.892, 0.000, 0.000, 0.000, 0.000, 2.586
20.200, 0, Ego, -763.928, -430.819, 0.000, 3.892, 0.000, 0.000, 27.780, 0.000, 4.925
20.200, 1, NPC, -582.842, -262.119, 0.000, 3.892, 0.000, 0.000, 0.000, 0.000, 2.586
20.250, 0, Ego, -764.944, -431.765, 0.000, 3.892, 0.000, 0.000, 27.780, 0.000, 2.610
20.250, 1, NPC, -582.842, -262.119, 0.000, 3.892, 0.000, 0.000, 0.000, 0.000, 2.586
20.300, 0, Ego, -765.961, -432.712, 0.000, 3.892, 0.000, 0.000, 27.780, 0.000, 0.296
20.300, 1, NPC, -582.842, -262.119, 0.000, 3.892, 0.000, 0.000, 0.000, 0.000, 2.586
20.350, 0, Ego, -766.977, -433.659, 0.000, 3.892, 0.000, 0.000, 27.780, 0.000, 4.264
20.350, 1, NPC, -582.842, -262.119, 0.000, 3.892, 0.000, 0.000, 0.000, 0.000, 2.586
20.400, 0, Ego, -767.993, -434.606, 0.000, 3.892, 0.000, 0.000, 27.780, 0.000, 1.950
20.400, 1, NPC, -582.842, -262.119, 0.000, 3.892, 0.000, 0.000, 0.000, 0.000, 2.586
20.450, 0, Ego, -769.010, -435.553, 0.000, 3.892, 0.000, 0.000, 27.780, 0.000, 5.918
20.450, 1, NPC, -582.842, -262.119, 0.000, 3.892, 0.000, 0.000, 0.000, 0.000, 2.586
20.500, 0, Ego, -770.026, -436.499, 0.000, 3.892, 0.000, 0.000, 27.780, 0.000, 3.604
20.500, 1, NPC, -582.842, -262.119, 0.000, 3.892, 0.000, 0.000, 0.000, 0.000, 2.586
20.550, 0, Ego, -771.042, -437.446, 0.000, 3.892, 0.000, 0.000, 27.780, 0.000, 1.289
20.550, 1, NPC, -582.842, -262.119, 0.000, 3.892, 0.000, 0.000, 0.000, 0.000, 2.586
20.600, 0, Ego, -772.059, -438.393, 0.000, 3.892, 0.000, 0.000, 27.780, 0.000, 5.257
20.600, 1, NPC, -582.842, -262.119, 0.000, 3.892, 0.000, 0.000, 0.000, 0.000, 2.586
20.650, 0, Ego, -773.075, -439.340, 0.000, 3.892, 0.000, 0.000, 27.780, 0.000, 2.943
20.650, 1, NPC, -582.842, -262.119, 0.000, 3.892, 0.000, 0.000, 0.000, 0.000, 2.586
20.700, 0, Ego, -774.091, -440.287, 0.000, 3.892, 0.000, 0.000, 27.780, 0.000, 0.628
20.700, 1, NPC, -582.842, -262.119, 0.000, 3.892, 0.000, 0.000, 0.000, 0.000, 2.586
20.750, 0, Ego, -775.107, -441.233, 0.000, 3.892, 0.000, 0.000, 27.780, 0.000, 4.597
20.750, 1, NPC, -582.842, -262.119, 0.000, 3.892, 0.000, 0.000, 0.000, 0.000, 2.586
20.800, 0, Ego, -776.124, -442.180, 0.000, 3.892, 0.000, 0.000, 27.780, 0.000, 2.282
20.800, 1, NPC, -582.842, -262.119, 0.000, 3.892, 0.000, 0.000, 0.000, 0.000, 2.586
20.850, 0, Ego, -777.140, -443.127, 0.000, 3.892, 0.000, 0.000, 27.780, 0.000, 6.251
20.850, 1, NPC, -582.842, -262.119, 0.000, 3.892, 0.000, 0.000, 0.000, 0.000, 2.586
20.900, 0, Ego, -778.156, -444.074, 0.000, 3.892, 0.000, 0.000, 27.780, 0.000, 3.936
20.900, 1, NPC, -582.842, -262.119, 0.000, 3.892, 0.000, 0.000, 0.000, 0.000, 2.586
20.950, 0, Ego, -779.173, -445.021, 0.000, 3.892, 0.000, 0.000, 27.780, 0.000, 1.622
20.950, 1, NPC, -582.842, -262.119, 0.000, 3.892, 0.000, 0.000, 0.000, 0.000, 2.586
21.000, 0, Ego, -780.189, -445.967, 0.000, 3.892, 0.000, 0.000, 27.780, 0.000, 5.590
21.000, 1, NPC, -582.842, -262.119, 0.000, 3.892, 0.000, 0.000, 0.000, 0.000, 2.586
21.050, 0, Ego, -781.205, -446.914, 0.000, 3.892, 0.000, 0.000, 27.780, 0.000, 3.276
21.050, 1, NPC, -582.842, -262.119, 0.000, 3.892, 0.000, 0.000, 0.000, 0.000, 2.586
21.100, 0, Ego, -782.222, -447.861, 0.000, 3.892, 0.000, 0.000, 27.780, 0.000, 0.961
21.100, 1, NPC, -582.842, -262.119, 0.000, 3.892, 0.000, 0.000, 0.000, 0.000, 2.586
21.150, 0, Ego, -783.238, -448.808, 0.000, 3.892, 0.000, 0.000, 27.780, 0.000, 4.929
21.150, 1, NPC, -582.842, -262.119, 0.000, 3.892, 0.000, 0.000, 0.000, 0.000, 2.586
21.200, 0, Ego, -784.254, -449.755, 0.000, 3.892, 0.000, 0.000, 27.780, 0.000, 2.615
21.200, 1, NPC, -582.842, -262.119, 0.000, 3.892, 0.000, 0.000, 0.000, 0.000, 2.586
21.250, 0, Ego, -785.271, -450.701, 0.000, 3.892, 0.000, 0.000, 27.780, 0.000, 0.300
21.250, 1, NPC, -582.842, -262.119, 0.000, 3.892, 0.000, 0.000, 0.000, 0.000, 2.586
21.300, 0, Ego, -786.287, -451.648, 0.000, 3.892, 0.000, 0.000, 27.780, 0.000, 4.269
21.300, 1, NPC, -582.842, -262.119, 0.000, 3.892, 0.000, 0.000, 0.000, 0.000, 2.586
21.350, 0, Ego, -787.303, -452.595, 0.000, 3.892, 0.000, 0.000, 27.780, 0.000, 1.954
21.350, 1, NPC, -582.842, -262.119, 0.000, 3.892, 0.000, 0.000, 0.000, 0.000, 2.586
21.400, 0, Ego, -788.320, -453.542, 0.000, 3.892, 0.000, 0.000, 27.780, 0.000, 5.923
21.400, 1, NPC, -582.842, -262.119, 0.000, 3.892, 0.000, 0.000, 0.000, 0.000, 2.586
21.450, 0, Ego, -789.336, -454.489, 0.000, 3.892, 0.000, 0.000, 27.780, 0.000, 3.608
21.450, 1, NPC, -582.842, -262.119, 0.000, 3.892, 0.000, 0.000, 0.000, 0.000, 2.586
21.500, 0, Ego, -790.352, -455.435, 0.000, 3.892, 0.000, 0.000, 27.780, 0.000, 1.294
21.500, 1, NPC, -582.842, -262.119, 0.000, 3.892, 0.000, 0.000, 0.000, 0.000, 2.586
21.550, 0, Ego, -791.369, -456.382, 0.000, 3.892, 0.000, 0.000, 27.780, 0.000, 5.262
21.550, 1, NPC, -582.842, -262.119, 0.000, 3.892, 0.000, 0.000, 0.000, 0.000, 2.586
21.600, 0, Ego, -792.385, -457.329, 0.000, 3.892, 0.000, 0.000, 27.780, 0.000, 2.948
21.600, 1, NPC, -582.842, -262.119, 0.000, 3.892, 0.000, 0.000, 0.000, 0.000, 2.586
21.650, 0, Ego, -793.401, -458.276, 0.000, 3.892, 0.000, 0.000, 27.780, 0.000, 0.633
21.650, 1, NPC, -582.842, -262.119, 0.000, 3.892, 0.000, 0.000, 0.000, 0.000, 2.586
21.700, 0, Ego, -794.417, -459.223, 0.000, 3.892, 0.000, 0.000, 27.780, 0.000, 4.601
21.700, 1, NPC, -582.842, -262.119, 0.000, 3.892, 0.000, 0.000, 0.000, 0.000, 2.586
21.750, 0, Ego, -795.434, -460.169, 0.000, 3.892, 0.000, 0.000, 27.780, 0.000, 2.287
21.750, 1, NPC, -582.842, -262.119, 0.000, 3.892, 0.000, 0.000, 0.000, 0.000, 2.586
21.800, 0, Ego, -796.450, -461.116, 0.000, 3.892, 0.000, 0.000, 27.780, 0.000, 6.255
21.800, 1, NPC, -582.842, -262.119, 0.000, 3.892, 0.000, 0.000, 0.000, 0.000, 2.586
21.850, 0, Ego, -797.466, -462.063, 0.000, 3.892, 0.000, 0.000, 27.780, 0.000, 3.941
21.850, 1, NPC, -582.842, -262.119, 0.000, 3.892, 0.000, 0.000, 0.000, 0.000, 2.586
21.900, 0, Ego, -798.483, -463.010, 0.000, 3.892, 0.000, 0.000, 27.780, 0.000, 1.626
21.900, 1, NPC, -582.842, -262.119, 0.000, 3.892, 0.000, 0.000, 0.000, 0.000, 2.586
21.950, 0, Ego, -799.499, -463.956, 0.000, 3.892, 0.000, 0.000, 27.780, 0.000, 5.595
21.950, 1, NPC, -582.842, -262.119, 0.000, 3.892, 0.000, 0.000, 0.000, 0.000, 2.586
22.000, 0, Ego, -800.515, -464.903, 0.000, 3.892, 0.000, 0.000, 27.780, 0.000, 3.280
22.000, 1, NPC, -582.842, -262.119, 0.000, 3.892, 0.000, 0.000, 0.000, 0.000, 2.586
22.050, 0, Ego, -801.532, -465.850, 0.000, 3.892, 0.000, 0.000, 27.780, 0.000, 0.966
22.050, 1, NPC, -582.842, -262.119, 0.000, 3.892, 0.000, 0.000, 0.000, 0.000, 2.586
22.100, 0, Ego, -802.548, -466.797, 0.000, 3.892, 0.000, 0.000, 27.780, 0.000, 4.934
22.100, 1, NPC, -582.842, -262.119, 0.000, 3.892, 0.000, 0.000, 0.000, 0.000, 2.586
22.150, 0, Ego, -803.564, -467.744, 0.000, 3.892, 0.000, 0.000, 27.780, 0.000, 2.620
22.150, 1, NPC, -582.842, -262.119, 0.000, 3.892, 0.000, 0.000, 0.000, 0.000, 2.586
22.200, 0, Ego, -804.581, -468.690, 0.000, 3.892, 0.000, 0.000, 27.780, 0.000, 0.305
22.200, 1, NPC, -582.842, -262.119, 0.000, 3.892, 0.000, 0.000, 0.000, 0.000, 2.586
22.250, 0, Ego, -805.597, -469.637, 0.000, 3.892, 0.000, 0.000, 27.780, 0.000, 4.273
22.250, 1, NPC, -582.842, -262.119, 0.000, 3.892, 0.000, 0.000, 0.000, 0.000, 2.586
22.300, 0, Ego, -806.613, -470.584, 0.000, 3.892, 0.000, 0.000, 27.780, 0.000, 1.959
22.300, 1, NPC, -582.842, -262.119, 0.000, 3.892, 0.000, 0.000, 0.000, 0.000, 2.586
22.350, 0, Ego, -807.630, -471.531, 0.000, 3.892, 0.000, 0.000, 27.780, 0.000, 5.927
22.350, 1, NPC, -582.842, -262.119, 0.000, 3.892, 0.000, 0.000, 0.000, 0.000, 2.586
22.400, 0, Ego, -808.646, -472.478, 0.000, 3.892, 0.000, 0.000, 27.780, 0.000, 3.613
22.400, 1, NPC, -582.842, -262.119, 0.000, 3.892, 0.000, 0.000, 0.000, 0.000, 2.586
22.450, 0, Ego, -809.662, -473.424, 0.000, 3.892, 0.000, 0.000, 27.780, 0.000, 1.298
22.450, 1, NPC, -582.842, -262.119, 0.000, 3.892, 0.000, 0.000, 0.000, 0.000, 2.586
22.500, 0, Ego, -810.679, -474.371, 0.000, 3.892, 0.000, 0.000, 27.780, 0.000, 5.267
22.500, 1, NPC, -582.842, -262.119, 0.000, 3.892, 0.000, 0.000, 0.000, 0.000, 2.586
22.550, 0, Ego, -811.695, -475.318, 0.000, 3.892, 0.000, 0.000, 27.780, 0.000, 2.952
22.550, 1, NPC, -582.842, -262.119, 0.000, 3.892, 0.000, 0.000, 0.000, 0.000, 2.586
22.600, 0, Ego, -812.711, -476.265, 0.000, 3.892, 0.000, 0.000, 27.780, 0.000, 0.638
22.600, 1, NPC, -582.842, -262.119, 0.000, 3.892, 0.000, 0.000, 0.000, 0.000, 2.586
22.650, 0, Ego, -813.727, -477.212, 0.000, 3.892, 0.000, 0.000, 27.780, 0.000, 4.606
22.650, 1, NPC, -582.842, -262.119, 0.000, 3.892, 0.000, 0.000, 0.000, 0.000, 2.586
22.700, 0, Ego, -814.744, -478.158, 0.000, 3.892, 0.000, 0.000, 27.780, 0.000, 2.291
22.700, 1, NPC, -582.842, -262.119, 0.000, 3.892, 0.000, 0.000, 0.000, 0.000, 2.586
22.750, 0, Ego, -815.760, -479.105, 0.000, 3.892, 0.000, 0.000, 27.780, 0.000, 6.260
22.750, 1, NPC, -582.842, -262.119, 0.000, 3.892, 0.000, 0.000, 0.000, 0.000, 2.586
22.800, 0, Ego, -816.776, -480.052, 0.000, 3.892, 0.000, 0.000, 27.780, 0.000, 3.945
22.800, 1, NPC, -582.842, -262.119, 0.000, 3.892, 0.000, 0.000, 0.000, 0.000, 2.586
22.850, 0, Ego, -817.793, -480.999, 0.000, 3.892, 0.000, 0.000, 27.780, 0.000, 1.631
22.850, 1, NPC, -582.842, -262.119, 0.000, 3.892, 0.000, 0.000, 0.000, 0.000, 2.586
22.900, 0, Ego, -818.809, -481.946, 0.000, 3.892, 0.000, 0.000, 27.780, 0.000, 5.599
22.900, 1, NPC, -582.842, -262.119, 0.000, 3.892, 0.000, 0.000, 0.000, 0.000, 2.586
22.950, 0, Ego, -819.825, -482.892, 0.000, 3.892, 0.000, 0.000, 27.780, 0.000, 3.285
22.950, 1, NPC, -582.842, -262.119, 0.000, 3.892, 0.000, 0.000, 0.000, 0.000, 2.586
23.000, 0, Ego, -820.842, -483.839, 0.000, 3.892, 0.000, 0.000, 27.780, 0.000, 0.970
23.000, 1, NPC, -582.842, -262.119, 0.000, 3.892, 0.000, 0.000, 0.000, 0.000, 2.586
23.050, 0, Ego, -821.858, -484.786, 0.000, 3.892, 0.000, 0.000, 27.780, 0.000, 4.939
23.050, 1, NPC, -582.842, -262.119, 0.000, 3.892, 0.000, 0.000, 0.000, 0.000, 2.586
23.100, 0, Ego, -822.874, -485.733, 0.000, 3.892, 0.000, 0.000, 27.780, 0.000, 2.624
23.100, 1, NPC, -582.842, -262.119, 0.000, 3.892, 0.000, 0.000, 0.000, 0.000, 2.586
23.150, 0, Ego, -823.891, -486.680, 0.000, 3.892, 0.000, 0.000, 27.780, 0.000, 0.310
23.150, 1, NPC, -582.842, -262.119, 0.000, 3.892, 0.000, 0.000, 0.000, 0.000, 2.586
23.200, 0, Ego, -824.907, -487.626, 0.000, 3.892, 0.000, 0.000, 27.780, 0.000, 4.278
23.200, 1, NPC, -582.842, -262.119, 0.000, 3.892, 0.000, 0.000, 0.000, 0.000, 2.586
23.250, 0, Ego, -825.923, -488.573, 0.000, 3.892, 0.000, 0.000, 27.780, 0.000, 1.963
23.250, 1, NPC, -582.842, -262.119, 0.000, 3.892, 0.000, 0.000, 0.000, 0.000, 2.586
23.300, 0, Ego, -826.940, -489.520, 0.000, 3.892, 0.000, 0.000, 27.780, 0.000, 5.932
23.300, 1, NPC, -582.842, -262.119, 0.000, 3.892, 0.000, 0.000, 0.000, 0.000, 2.586
23.350, 0, Ego, -827.956, -490.467, 0.000, 3.892, 0.000, 0.000, 27.780, 0.000, 3.617
23.350, 1, NPC, -582.842, -262.119, 0.000, 3.892, 0.000, 0.000, 0.000, 0.000, 2.586
23.400, 0, Ego, -828.972, -491.414, 0.000, 3.892, 0.000, 0.000, 27.780, 0.000, 1.303
23.400, 1, NPC, -582.842, -262.119, 0.000, 3.892, 0.000, 0.000, 0.000, 0.000, 2.586
23.450, 0, Ego, -829.989, -492.360, 0.000, 3.892, 0.000, 0.000, 27.780, 0.000, 5.271
23.450, 1, NPC, -582.842, -262.119, 0.000, 3.892, 0.000, 0.000, 0.000, 0.000, 2.586
23.500, 0, Ego, -831.005, -493.307, 0.000, 3.892, 0.000, 0.000, 27.780, 0.000, 2.957
23.500, 1, NPC, -582.842, -262.119, 0.000, 3.892, 0.000, 0.000, 0.000, 0.000, 2.586
23.550, 0, Ego, -832.021, -494.254, 0.000, 3.892, 0.000, 0.000, 27.780, 0.000, 0.642
23.550, 1, NPC, -582.842, -262.119, 0.000, 3.892, 0.000, 0.000, 0.000, 0.000, 2.586
23.600, 0, Ego, -833.037, -495.201, 0.000, 3.892, 0.000, 0.000, 27.780, 0.000, 4.611
23.600, 1, NPC, -582.842, -262.119, 0.000, 3.892, 0.000, 0.000, 0.000, 0.000, 2.586
23.650, 0, Ego, -834.054, -496.148, 0.000, 3.892, 0.000, 0.000, 27.780, 0.000, 2.296
23.650, 1, NPC, -582.842, -262.119, 0.000, 3.892, 0.000, 0.000, 0.000, 0.000, 2.586
23.700, 0, Ego, -835.070, -497.094, 0.000, 3.892, 0.000, 0.000, 27.780, 0.000, 6.265
23.700, 1, NPC, -582.842, -262.119, 0.000, 3.892, 0.000, 0.000, 0.000, 0.000, 2.586
23.750, 0, Ego, -836.086, -498.041, 0.000, 3.892, 0.000, 0.000, 27.780, 0.000, 3.950
23.750, 1, NPC, -582.842, -262.119, 0.000, 3.892, 0.000, 0.000, 0.000, 0.000, 2.586
23.800, 0, Ego, -837.103, -498.988, 0.000, 3.892, 0.000, 0.000, 27.780, 0.000, 1.635
23.800, 1, NPC, -582.842, -262.119, 0.000, 3.892, 0.000, 0.000, 0.000, 0.000, 2.586
23.850, 0, Ego, -838.119, -499.935, 0.000, 3.892, 0.000, 0.000, 27.780, 0.000, 5.604
23.850, 1, NPC, -582.842, -262.119, 0.000, 3.892, 0.000, 0.000, 0.000, 0.000, 2.586
23.900, 0, Ego, -839.135, -500.882, 0.000, 3.892, 0.000, 0.000, 27.780, 0.000, 3.289
23.900, 1, NPC, -582.842, -262.119, 0.000, 3.892, 0.000, 0.000, 0.000, 0.000, 2.586
23.950, 0, Ego, -840.152, -501.828, 0.000, 3.892, 0.000, 0.000, 27.780, 0.000, 0.975
23.950, 1, NPC, -582.842, -262.119, 0.000, 3.892, 0.000, 0.000, 0.000, 0.000, 2.586
24.000, 0, Ego, -841.168, -502.775, 0.000, 3.892, 0.000, 0.000, 27.780, 0.000, 4.943
24.000, 1, NPC, -582.842, -262.119, 0.000, 3.892, 0.000, 0.000, 0.000, 0.000, 2.586
24.050, 0, Ego, -842.184, -503.722, 0.000, 3.892, 0.000, 0.000, 27.780, 0.000, 2.629
24.050, 1, NPC, -582.842, -262.119, 0.000, 3.892, 0.000, 0.000, 0.000, 0.000, 2.586
24.100, 0, Ego, -843.201, -504.669, 0.000, 3.892, 0.000, 0.000, 27.780, 0.000, 0.314
24.100, 1, NPC, -582.842, -262.119, 0.000, 3.892, 0.000, 0.000, 0.000, 0.000, 2.586
24.150, 0, Ego, -844.217, -505.616, 0.000, 3.892, 0.000, 0.000, 27.780, 0.000, 4.283
24.150, 1, NPC, -582.842, -262.119, 0.000, 3.892, 0.000, 0.000, 0.000, 0.000, 2.586
24.200, 0, Ego, -845.233, -506.562, 0.000, 3.892, 0.000, 0.000, 27.780, 0.000, 1.968
24.200, 1, NPC, -582.842, -262.119, 0.000, 3.892, 0.000, 0.000, 0.000, 0.000, 2.586
24.250, 0, Ego, -846.250, -507.509, 0.000, 3.892, 0.000, 0.000, 27.780, 0.000, 5.937
24.250, 1, NPC, -582.842, -262.119, 0.000, 3.892, 0.000, 0.000, 0.000, 0.000, 2.586
24.300, 0, Ego, -847.266, -508.456, 0.000, 3.892, 0.000, 0.000, 27.780, 0.000, 3.622
24.300, 1, NPC, -582.842, -262.119, 0.000, 3.892, 0.000, 0.000, 0.000, 0.000, 2.586
24.350, 0, Ego, -848.282, -509.403, 0.000, 3.892, 0.000, 0.000, 27.780, 0.000, 1.307
24.350, 1, NPC, -582.842, -262.119, 0.000, 3.892, 0.000, 0.000, 0.000, 0.000, 2.586
24.400, 0, Ego, -849.299, -510.350, 0.000, 3.892, 0.000, 0.000, 27.780, 0.000, 5.276
24.400, 1, NPC, -582.842, -262.119, 0.000, 3.892, 0.000, 0.000, 0.000, 0.000, 2.586
24.450, 0, Ego, -850.315, -511.296, 0.000, 3.892, 0.000, 0.000, 27.780, 0.000, 2.961
24.450, 1, NPC, -582.842, -262.119, 0.000, 3.892, 0.000, 0.000, 0.000, 0.000, 2.586
24.500, 0, Ego, -851.331, -512.243, 0.000, 3.892, 0.000, 0.000, 27.780, 0.000, 0.647
24.500, 1, NPC, -582.842, -262.119, 0.000, 3.892, 0.000, 0.000, 0.000, 0.000, 2.586
24.550, 0, Ego, -852.347, -513.190, 0.000, 3.892, 0.000, 0.000, 27.780, 0.000, 4.615
24.550, 1, NPC, -582.842, -262.119, 0.000, 3.892, 0.000, 0.000, 0.000, 0.000, 2.586
24.600, 0, Ego, -853.364, -514.137, 0.000, 3.892, 0.000, 0.000, 27.780, 0.000, 2.301
24.600, 1, NPC, -582.842, -262.119, 0.000, 3.892, 0.000, 0.000, 0.000, 0.000, 2.586
24.650, 0, Ego, -854.380, -515.083, 0.000, 3.892, 0.000, 0.000, 27.780, 0.000, 6.269
24.650, 1, NPC, -582.842, -262.119, 0.000, 3.892, 0.000, 0.000, 0.000, 0.000, 2.586
24.700, 0, Ego, -855.396, -516.030, 0.000, 3.892, 0.000, 0.000, 27.780, 0.000, 3.955
24.700, 1, NPC, -582.842, -262.119, 0.000, 3.892, 0.000, 0.000, 0.000, 0.000, 2.586
24.750, 0, Ego, -856.413, -516.977, 0.000, 3.892, 0.000, 0.000, 27.780, 0.000, 1.640
24.750, 1, NPC, -582.842, -262.119, 0.000, 3.892, 0.000, 0.000, 0.000, 0.000, 2.586
24.800, 0, Ego, -857.429, -517.924, 0.000, 3.892, 0.000, 0.000, 27.780, 0.000, 5.609
24.800, 1, NPC, -582.842, -262.119, 0.000, 3.892, 0.000, 0.000, 0.000, 0.000, 2.586
24.850, 0, Ego, -858.445, -518.871, 0.000, 3.892, 0.000, 0.000, 27.780, 0.000, 3.294
24.850, 1, NPC, -582.842, -262.119, 0.000, 3.892, 0.000, 0.000, 0.000, 0.000, 2.586
24.900, 0, Ego, -859.462, -519.817, 0.000, 3.892, 0.000, 0.000, 27.780, 0.000, 0.979
24.900, 1, NPC, -582.842, -262.119, 0.000, 3.892, 0.000, 0.000, 0.000, 0.000, 2.586
24.950, 0, Ego, -860.478, -520.764, 0.000, 3.892, 0.000, 0.000, 27.780, 0.000, 4.948
24.950, 1, NPC, -582.842, -262.119, 0.000, 3.892, 0.000, 0.000, 0.000, 0.000, 2.586
25.000, 0, Ego, -861.494, -521.711, 0.000, 3.892, 0.000, 0.000, 27.780, 0.000, 2.633
25.000, 1, NPC, -582.842, -262.119, 0.000, 3.892, 0.000, 0.000, 0.000, 0.000, 2.586
25.050, 0, Ego, -862.511, -522.658, 0.000, 3.892, 0.000, 0.000, 27.780, 0.000, 0.319
25.050, 1, NPC, -582.842, -262.119, 0.000, 3.892, 0.000, 0.000, 0.000, 0.000, 2.586
25.100, 0, Ego, -863.527, -523.605, 0.000, 3.892, 0.000, 0.000, 27.780, 0.000, 4.287
25.100, 1, NPC, -582.842, -262.119, 0.000, 3.892, 0.000, 0.000, 0.000, 0.000, 2.586
25.150, 0, Ego, -864.543, -524.551, 0.000, 3.892, 0.000, 0.000, 27.780, 0.000, 1.973
25.150, 1, NPC, -582.842, -262.119, 0.000, 3.892, 0.000, 0.000, 0.000, 0.000, 2.586
25.200, 0, Ego, -865.560, -525.498, 0.000, 3.892, 0.000, 0.000, 27.780, 0.000, 5.941
25.200, 1, NPC, -582.842, -262.119, 0.000, 3.892, 0.000, 0.000, 0.000, 0.000, 2.586
25.250, 0, Ego, -866.576, -526.445, 0.000, 3.892, 0.000, 0.000, 27.780, 0.000, 3.627
25.250, 1, NPC, -582.842, -262.119, 0.000, 3.892, 0.000, 0.000, 0.000, 0.000, 2.586
25.300, 0, Ego, -867.592, -527.392, 0.000, 3.892, 0.000, 0.000, 27.780, 0.000, 1.312
25.300, 1, NPC, -582.842, -262.119, 0.000, 3.892, 0.000, 0.000, 0.000, 0.000, 2.586
25.350, 0, Ego, -868.609, -528.339, 0.000, 3.892, 0.000, 0.000, 27.780, 0.000, 5.281
25.350, 1, NPC, -582.842, -262.119, 0.000, 3.892, 0.000, 0.000, 0.000, 0.000, 2.586
25.400, 0, Ego, -869.625, -529.285, 0.000, 3.892, 0.000, 0.000, 27.780, 0.000, 2.966
25.400, 1, NPC, -582.842, -262.119, 0.000, 3.892, 0.000, 0.000, 0.000, 0.000, 2.586
25.450, 0, Ego, -870.641, -530.232, 0.000, 3.892, 0.000, 0.000, 27.780, 0.000, 0.651
25.450, 1, NPC, -582.842, -262.119, 0.000, 3.892, 0.000, 0.000, 0.000, 0.000, 2.586
25.500, 0, Ego, -871.657, -531.179, 0.000, 3.892, 0.000, 0.000, 27.780, 0.000, 4.620
25.500, 1, NPC, -582.842, -262.119, 0.000, 3.892, 0.000, 0.000, 0.000, 0.000, 2.586
25.550, 0, Ego, -872.674, -532.126, 0.000, 3.892, 0.000, 0.000, 27.780, 0.000, 2.305
25.550, 1, NPC, -582.842, -262.119, 0.000, 3.892, 0.000, 0.000, 0.000, 0.000, 2.586
25.600, 0, Ego, -873.690, -533.073, 0.000, 3.892, 0.000, 0.000, 27.780, 0.000, 6.274
25.600, 1, NPC, -582.842, -262.119, 0.000, 3.892, 0.000, 0.000, 0.000, 0.000, 2.586
25.650, 0, Ego, -874.706, -534.019, 0.000, 3.892, 0.000, 0.000, 27.780, 0.000, 3.959
25.650, 1, NPC, -582.842, -262.119, 0.000, 3.892, 0.000, 0.000, 0.000, 0.000, 2.586
25.700, 0, Ego, -875.723, -534.966, 0.000, 3.892, 0.000, 0.000, 27.780, 0.000, 1.645
25.700, 1, NPC, -582.842, -262.119, 0.000, 3.892, 0.000, 0.000, 0.000, 0.000, 2.586
25.750, 0, Ego, -876.739, -535.913, 0.000, 3.892, 0.000, 0.000, 27.780, 0.000, 5.613
25.750, 1, NPC, -582.842, -262.119, 0.000, 3.892, 0.000, 0.000, 0.000, 0.000, 2.586
25.800, 0, Ego, -877.755, -536.860, 0.000, 3.892, 0.000, 0.000, 27.780, 0.000, 3.299
25.800, 1, NPC, -582.842, -262.119, 0.000, 3.892, 0.000, 0.000, 0.000, 0.000, 2.586
25.850, 0, Ego, -878.772, -537.807, 0.000, 3.892, 0.000, 0.000, 27.780, 0.000, 0.984
25.850, 1, NPC, -582.842, -262.119, 0.000, 3.892, 0.000, 0.000, 0.000, 0.000, 2.586
25.900, 0, Ego, -879.788, -538.753, 0.000, 3.892, 0.000, 0.000, 27.780, 0.000, 4.953
25.900, 1, NPC, -582.842, -262.119, 0.000, 3.892, 0.000, 0.000, 0.000, 0.000, 2.586
25.950, 0, Ego, -880.804, -539.700, 0.000, 3.892, 0.000, 0.000, 27.780, 0.000, 2.638
25.950, 1, NPC, -582.842, -262.119, 0.000, 3.892, 0.000, 0.000, 0.000, 0.000, 2.586
26.000, 0, Ego, -881.821, -540.647, 0.000, 3.892, 0.000, 0.000, 27.780, 0.000, 0.323
26.000, 1, NPC, -582.842, -262.119, 0.000, 3.892, 0.000, 0.000, 0.000, 0.000, 2.586
26.050, 0, Ego, -882.837, -541.594, 0.000, 3.892, 0.000, 0.000, 27.780, 0.000, 4.292
26.050, 1, NPC, -582.842, -262.119, 0.000, 3.892, 0.000, 0.000, 0.000, 0.000, 2.586
26.100, 0, Ego, -883.853, -542.541, 0.000, 3.892, 0.000, 0.000, 27.780, 0.000, 1.977
26.100, 1, NPC, -582.842, -262.119, 0.000, 3.892, 0.000, 0.000, 0.000, 0.000, 2.586
26.150, 0, Ego, -884.870, -543.487, 0.000, 3.892, 0.000, 0.000, 27.780, 0.000, 5.946
26.150, 1, NPC, -582.842, -262.119, 0.000, 3.892, 0.000, 0.000, 0.000, 0.000, 2.586
26.200, 0, Ego, -885.886, -544.434, 0.000, 3.892, 0.000, 0.000, 27.780, 0.000, 3.631
26.200, 1, NPC, -582.842, -262.119, 0.000, 3.892, 0.000, 0.000, 0.000, 0.000, 2.586
26.250, 0, Ego, -886.902, -545.381, 0.000, 3.892, 0.000, 0.000, 27.780, 0.000, 1.317
26.250, 1, NPC, -582.842, -262.119, 0.000, 3.892, 0.000, 0.000, 0.000, 0.000, 2.586
26.300, 0, Ego, -887.919, -546.328, 0.000, 3.892, 0.000, 0.000, 27.780, 0.000, 5.285
26.300, 1, NPC, -582.842, -262.119, 0.000, 3.892, 0.000, 0.000, 0.000, 0.000, 2.586
26.350, 0, Ego, -888.935, -547.275, 0.000, 3.892, 0.000, 0.000, 27.780, 0.000, 2.971
26.350, 1, NPC, -582.842, -262.119, 0.000, 3.892, 0.000, 0.000, 0.000, 0.000, 2.586
26.400, 0, Ego, -889.951, -548.221, 0.000, 3.892, 0.000, 0.000, 27.780, 0.000, 0.656
26.400, 1, NPC, -582.842, -262.119, 0.000, 3.892, 0.000, 0.000, 0.000, 0.000, 2.586
26.450, 0, Ego, -890.968, -549.168, 0.000, 3.892, 0.000, 0.000, 27.780, 0.000, 4.625
26.450, 1, NPC, -582.842, -262.119, 0.000, 3.892, 0.000, 0.000, 0.000, 0.000, 2.586
26.500, 0, Ego, -891.984, -550.115, 0.000, 3.892, 0.000, 0.000, 27.780, 0.000, 2.310
26.500, 1, NPC, -582.842, -262.119, 0.000, 3.892, 0.000, 0.000, 0.000, 0.000, 2.586
26.550, 0, Ego, -893.000, -551.062, 0.000, 3.892, 0.000, 0.000, 27.780, 0.000, 6.279
26.550, 1, NPC, -582.842, -262.119, 0.000, 3.892, 0.000, 0.000, 0.000, 0.000, 2.586
26.600, 0, Ego, -894.016, -552.009, 0.000, 3.892, 0.000, 0.000, 27.780, 0.000, 3.964
26.600, 1, NPC, -582.842, -262.119, 0.000, 3.892, 0.000, 0.000, 0.000, 0.000, 2.586
26.650, 0, Ego, -895.033, -552.955, 0.000, 3.892, 0.000, 0.000, 27.780, 0.000, 1.649
26.650, 1, NPC, -582.842, -262.119, 0.000, 3.892, 0.000, 0.000, 0.000, 0.000, 2.586
26.700, 0, Ego, -896.049, -553.902, 0.000, 3.892, 0.000, 0.000, 27.780, 0.000, 5.618
26.700, 1, NPC, -582.842, -262.119, 0.000, 3.892, 0.000, 0.000, 0.000, 0.000, 2.586
26.750, 0, Ego, -897.065, -554.849, 0.000, 3.892, 0.000, 0.000, 27.780, 0.000, 3.303
26.750, 1, NPC, -582.842, -262.119, 0.000, 3.892, 0.000, 0.000, 0.000, 0.000, 2.586
26.800, 0, Ego, -898.082, -555.796, 0.000, 3.892, 0.000, 0.000, 27.780, 0.000, 0.989
26.800, 1, NPC, -582.842, -262.119, 0.000, 3.892, 0.000, 0.000, 0.000, 0.000, 2.586
26.850, 0, Ego, -899.098, -556.743, 0.000, 3.892, 0.000, 0.000, 27.780, 0.000, 4.957
26.850, 1, NPC, -582.842, -262.119, 0.000, 3.892, 0.000, 0.000, 0.000, 0.000, 2.586
26.900, 0, Ego, -900.114, -557.689, 0.000, 3.892, 0.000, 0.000, 27.780, 0.000, 2.643
26.900, 1, NPC, -582.842, -262.119, 0.000, 3.892, 0.000, 0.000, 0.000, 0.000, 2.586
26.950, 0, Ego, -901.131, -558.636, 0.000, 3.892, 0.000, 0.000, 27.780, 0.000, 0.328
26.950, 1, NPC, -582.842, -262.119, 0.000, 3.892, 0.000, 0.000, 0.000, 0.000, 2.586
27.000, 0, Ego, -902.147, -559.583, 0.000, 3.892, 0.000, 0.000, 27.780, 0.000, 4.297
27.000, 1, NPC, -582.842, -262.119, 0.000, 3.892, 0.000, 0.000, 0.000, 0.000, 2.586
27.050, 0, Ego, -903.163, -560.530, 0.000, 3.892, 0.000, 0.000, 27.780, 0.000, 1.982
27.050, 1, NPC, -582.842, -262.119, 0.000, 3.892, 0.000, 0.000, 0.000, 0.000, 2.586
27.100, 0, Ego, -904.180, -561.477, 0.000, 3.892, 0.000, 0.000, 27.780, 0.000, 5.951
27.100, 1, NPC, -582.842, -262.119, 0.000, 3.892, 0.000, 0.000, 0.000, 0.000, 2.586
27.150, 0, Ego, -905.196, -562.423, 0.000, 3.892, 0.000, 0.000, 27.780, 0.000, 3.636
27.150, 1, NPC, -582.842, -262.119, 0.000, 3.892, 0.000, 0.000, 0.000, 0.000, 2.586
27.200, 0, Ego, -906.212, -563.370, 0.000, 3.892, 0.000, 0.000, 27.780, 0.000, 1.321
27.200, 1, NPC, -582.842, -262.119, 0.000, 3.892, 0.000, 0.000, 0.000, 0.000, 2.586
27.250, 0, Ego, -907.229, -564.317, 0.000, 3.892, 0.000, 0.000, 27.780, 0.000, 5.290
27.250, 1, NPC, -582.842, -262.119, 0.000, 3.892, 0.000, 0.000, 0.000, 0.000, 2.586
27.300, 0, Ego, -908.245, -565.264, 0.000, 3.892, 0.000, 0.000, 27.780, 0.000, 2.975
27.300, 1, NPC, -582.842, -262.119, 0.000, 3.892, 0.000, 0.000, 0.000, 0.000, 2.586
27.350, 0, Ego, -909.261, -566.211, 0.000, 3.892, 0.000, 0.000, 27.780, 0.000, 0.661
27.350, 1, NPC, -582.842, -262.119, 0.000, 3.892, 0.000, 0.000, 0.000, 0.000, 2.586
27.400, 0, Ego, -910.278, -567.157, 0.000, 3.892, 0.000, 0.000, 27.780, 0.000, 4.629
27.400, 1, NPC, -582.842, -262.119, 0.000, 3.892, 0.000, 0.000, 0.000, 0.000, 2.586
27.450, 0, Ego, -911.294, -568.104, 0.000, 3.892, 0.000, 0.000, 27.780, 0.000, 2.315
27.450, 1, NPC, -582.842, -262.119, 0.000, 3.892, 0.000, 0.000, 0.000, 0.000, 2.586
27.500, 0, Ego, -912.310, -569.051, 0.000, 3.892, 0.000, 0.000, 27.780, 0.000, 0.000
27.500, 1, NPC, -582.842, -262.119, 0.000, 3.892, 0.000, 0.000, 0.000, 0.000, 2.586
27.550, 0, Ego, -913.326, -569.998, 0.000, 3.892, 0.000, 0.000, 27.780, 0.000, 3.969
27.550, 1, NPC, -582.842, -262.119, 0.000, 3.892, 0.000, 0.000, 0.000, 0.000, 2.586
27.600, 0, Ego, -914.343, -570.944, 0.000, 3.892, 0.000, 0.000, 27.780, 0.000, 1.654
27.600, 1, NPC, -582.842, -262.119, 0.000, 3.892, 0.000, 0.000, 0.000, 0.000, 2.586
27.650, 0, Ego, -915.359, -571.891, 0.000, 3.892, 0.000, 0.000, 27.780, 0.000, 5.623
27.650, 1, NPC, -582.842, -262.119, 0.000, 3.892, 0.000, 0.000, 0.000, 0.000, 2.586
27.700, 0, Ego, -916.375, -572.838, 0.000, 3.892, 0.000, 0.000, 27.780, 0.000, 3.308
27.700, 1, NPC, -582.842, -262.119, 0.000, 3.892, 0.000, 0.000, 0.000, 0.000, 2.586
27.750, 0, Ego, -917.392, -573.785, 0.000, 3.892, 0.000, 0.000, 27.780, 0.000, 0.993
27.750, 1, NPC, -582.842, -262.119, 0.000, 3.892, 0.000, 0.000, 0.000, 0.000, 2.586
27.800, 0, Ego, -918.408, -574.732, 0.000, 3.892, 0.000, 0.000, 27.780, 0.000, 4.962
27.800, 1, NPC, -582.842, -262.119, 0.000, 3.892, 0.000, 0.000, 0.000, 0.000, 2.586
27.850, 0, Ego, -919.424, -575.678, 0.000, 3.892, 0.000, 0.000, 27.780, 0.000, 2.647
27.850, 1, NPC, -582.842, -262.119, 0.000, 3.892, 0.000, 0.000, 0.000, 0.000, 2.586
27.900, 0, Ego, -920.441, -576.625, 0.000, 3.892, 0.000, 0.000, 27.780, 0.000, 0.333
27.900, 1, NPC, -582.842, -262.119, 0.000, 3.892, 0.000, 0.000, 0.000, 0.000, 2.586
27.950, 0, Ego, -921.457, -577.572, 0.000, 3.892, 0.000, 0.000, 27.780, 0.000, 4.301
27.950, 1, NPC, -582.842, -262.119, 0.000, 3.892, 0.000, 0.000, 0.000, 0.000, 2.586
28.000, 0, Ego, -922.473, -578.519, 0.000, 3.892, 0.000, 0.000, 27.780, 0.000, 1.987
28.000, 1, NPC, -582.842, -262.119, 0.000, 3.892, 0.000, 0.000, 0.000, 0.000, 2.586
28.050, 0, Ego, -923.490, -579.466, 0.000, 3.892, 0.000, 0.000, 27.780, 0.000, 5.955
28.050, 1, NPC, -582.842, -262.119, 0.000, 3.892, 0.000, 0.000, 0.000, 0.000, 2.586
28.100, 0, Ego, -924.506, -580.412, 0.000, 3.892, 0.000, 0.000, 27.780, 0.000, 3.641
28.100, 1, NPC, -582.842, -262.119, 0.000, 3.892, 0.000, 0.000, 0.000, 0.000, 2.586
28.150, 0, Ego, -925.522, -581.359, 0.000, 3.892, 0.000, 0.000, 27.780, 0.000, 1.326
28.150, 1, NPC, -582.842, -262.119, 0.000, 3.892, 0.000, 0.000, 0.000, 0.000, 2.586
28.200, 0, Ego, -926.539, -582.306, 0.000, 3.892, 0.000, 0.000, 27.780, 0.000, 5.295
28.200, 1, NPC, -582.842, -262.119, 0.000, 3.892, 0.000, 0.000, 0.000, 0.000, 2.586
28.250, 0, Ego, -927.555, -583.253, 0.000, 3.892, 0.000, 0.000, 27.780, 0.000, 2.980
28.250, 1, NPC, -582.842, -262.119, 0.000, 3.892, 0.000, 0.000, 0.000, 0.000, 2.586
28.300, 0, Ego, -928.571, -584.200, 0.000, 3.892, 0.000, 0.000, 27.780, 0.000, 0.665
28.300, 1, NPC, -582.842, -262.119, 0.000, 3.892, 0.000, 0.000, 0.000, 0.000, 2.586
28.350, 0, Ego, -929.588, -585.146, 0.000, 3.892, 0.000, 0.000, 27.780, 0.000, 4.634
28.350, 1, NPC, -582.842, -262.119, 0.000, 3.892, 0.000, 0.000, 0.000, 0.000, 2.586
28.400, 0, Ego, -930.604, -586.093, 0.000, 3.892, 0.000, 0.000, 27.780, 0.000, 2.319
28.400, 1, NPC, -582.842, -262.119, 0.000, 3.892, 0.000, 0.000, 0.000, 0.000, 2.586
28.450, 0, Ego, -931.620, -587.040, 0.000, 3.892, 0.000, 0.000, 27.780, 0.000, 0.005
28.450, 1, NPC, -582.842, -262.119, 0.000, 3.892, 0.000, 0.000, 0.000, 0.000, 2.586
28.500, 0, Ego, -932.636, -587.987, 0.000, 3.892, 0.000, 0.000, 27.780, 0.000, 3.973
28.500, 1, NPC, -582.842, -262.119, 0.000, 3.892, 0.000, 0.000, 0.000, 0.000, 2.586
28.550, 0, Ego, -933.653, -588.934, 0.000, 3.892, 0.000, 0.000, 27.780, 0.000, 1.659
28.550, 1, NPC, -582.842, -262.119, 0.000, 3.892, 0.000, 0.000, 0.000, 0.000, 2.586
28.600, 0, Ego, -934.669, -589.880, 0.000, 3.892, 0.000, 0.000, 27.780, 0.000, 5.627
28.600, 1, NPC, -582.842, -262.119, 0.000, 3.892, 0.000, 0.000, 0.000, 0.000, 2.586
28.650, 0, Ego, -935.685, -590.827, 0.000, 3.892, 0.000, 0.000, 27.780, 0.000, 3.313
28.650, 1, NPC, -582.842, -262.119, 0.000, 3.892, 0.000, 0.000, 0.000, 0.000, 2.586
28.700, 0, Ego, -936.702, -591.774, 0.000, 3.892, 0.000, 0.000, 27.780, 0.000, 0.998
28.700, 1, NPC, -582.842, -262.119, 0.000, 3.892, 0.000, 0.000, 0.000, 0.000, 2.586
28.750, 0, Ego, -937.718, -592.721, 0.000, 3.892, 0.000, 0.000, 27.780, 0.000, 4.967
28.750, 1, NPC, -582.842, -262.119, 0.000, 3.892, 0.000, 0.000, 0.000, 0.000, 2.586
28.800, 0, Ego, -938.734, -593.668, 0.000, 3.892, 0.000, 0.000, 27.780, 0.000, 2.652
28.800, 1, NPC, -582.842, -262.119, 0.000, 3.892, 0.000, 0.000, 0.000, 0.000, 2.586
28.850, 0, Ego, -939.751, -594.614, 0.000, 3.892, 0.000, 0.000, 27.780, 0.000, 0.337
28.850, 1, NPC, -582.842, -262.119, 0.000, 3.892, 0.000, 0.000, 0.000, 0.000, 2.586
28.900, 0, Ego, -940.767, -595.561, 0.000, 3.892, 0.000, 0.000, 27.780, 0.000, 4.306
28.900, 1, NPC, -582.842, -262.119, 0.000, 3.892, 0.000, 0.000, 0.000, 0.000, 2.586
28.950, 0, Ego, -941.783, -596.508, 0.000, 3.892, 0.000, 0.000, 27.780, 0.000, 1.991
28.950, 1, NPC, -582.842, -262.119, 0.000, 3.892, 0.000, 0.000, 0.000, 0.000, 2.586
29.000, 0, Ego, -942.800, -597.455, 0.000, 3.892, 0.000, 0.000, 27.780, 0.000, 5.960
29.000, 1, NPC, -582.842, -262.119, 0.000, 3.892, 0.000, 0.000, 0.000, 0.000, 2.586
29.050, 0, Ego, -354.281, -54.152, 0.000, 0.744, 0.000, 0.000, 27.780, 1.423, 3.645
29.050, 1, NPC, -582.842, -262.119, 0.000, 3.892, 0.000, 0.000, 0.000, 0.000, 2.586
29.100, 0, Ego, -353.256, -53.215, 0.000, 0.737, 0.000, 0.000, 27.780, -0.015, 1.331
29.100, 1, NPC, -582.842, -262.119, 0.000, 3.892, 0.000, 0.000, 0.000, 0.000, 2.586
29.150, 0, Ego, -352.224, -52.285, 0.000, 0.730, 0.000, 0.000, 27.780, -0.015, 5.299
29.150, 1, NPC, -582.842, -262.119, 0.000, 3.892, 0.000, 0.000, 0.000, 0.000, 2.586
29.200, 0, Ego, -351.186, -51.362, 0.000, 0.723, 0.000, 0.000, 27.780, -0.015, 2.985
29.200, 1, NPC, -582.842, -262.119, 0.000, 3.892, 0.000, 0.000, 0.000, 0.000, 2.586
29.250, 0, Ego, -350.141, -50.446, 0.000, 0.716, 0.000, 0.000, 27.780, -0.015, 0.670
29.250, 1, NPC, -582.842, -262.119, 0.000, 3.892, 0.000, 0.000, 0.000, 0.000, 2.586
29.300, 0, Ego, -349.090, -49.538, 0.000, 0.709, 0.000, 0.000, 27.780, -0.015, 4.639
29.300, 1, NPC, -582.842, -262.119, 0.000, 3.892, 0.000, 0.000, 0.000, 0.000, 2.586
29.350, 0, Ego, -348.033, -48.638, 0.000, 0.702, 0.000, 0.000, 27.780, -0.015, 2.324
29.350, 1, NPC, -582.842, -262.119, 0.000, 3.892, 0.000, 0.000, 0.000, 0.000, 2.586
29.400, 0, Ego, -346.969, -47.744, 0.000, 0.695, 0.000, 0.000, 27.780, -0.015, 0.009
29.400, 1, NPC, -582.842, -262.119, 0.000, 3.892, 0.000, 0.000, 0.000, 0.000, 2.586
29.450, 0, Ego, -345.900, -46.858, 0.000, 0.688, 0.000, 0.000, 27.780, -0.015, 3.978
29.450, 1, NPC, -582.842, -262.119, 0.000, 3.892, 0.000, 0.000, 0.000, 0.000, 2.586
29.500, 0, Ego, -344.824, -45.980, 0.000, 0.681, 0.000, 0.000, 27.780, -0.015, 1.663
29.500, 1, NPC, -582.842, -262.119, 0.000, 3.892, 0.000, 0.000, 0.000, 0.000, 2.586
29.550, 0, Ego, -343.741, -45.109, 0.000, 0.674, 0.000, 0.000, 27.780, -0.015, 5.632
29.550, 1, NPC, -582.842, -262.119, 0.000, 3.892, 0.000, 0.000, 0.000, 0.000, 2.586
29.600, 0, Ego, -342.653, -44.246, 0.000, 0.667, 0.000, 0.000, 27.780, -0.015, 3.317
29.600, 1, NPC, -582.842, -262.119, 0.000, 3.892, 0.000, 0.000, 0.000, 0.000, 2.586
29.650, 0, Ego, -341.559, -43.391, 0.000, 0.660, 0.000, 0.000, 27.780, -0.015, 1.003
29.650, 1, NPC, -582.842, -262.119, 0.000, 3.892, 0.000, 0.000, 0.000, 0.000, 2.586
29.700, 0, Ego, -340.459, -42.543, 0.000, 0.653, 0.000, 0.000, 27.780, -0.015, 4.971
29.700, 1, NPC, -582.842, -262.119, 0.000, 3.892, 0.000, 0.000, 0.000, 0.000, 2.586
29.750, 0, Ego, -339.353, -41.703, 0.000, 0.646, 0.000, 0.000, 27.780, -0.015, 2.657
29.750, 1, NPC, -582.842, -262.119, 0.000, 3.892, 0.000, 0.000, 0.000, 0.000, 2.586
29.800, 0, Ego, -338.241, -40.870, 0.000, 0.639, 0.000, 0.000, 27.780, -0.015, 0.342
29.800, 1, NPC, -582.842, -262.119, 0.000, 3.892, 0.000, 0.000, 0.000, 0.000, 2.586
29.850, 0, Ego, -337.123, -40.046, 0.000, 0.632, 0.000, 0.000, 27.780, -0.015, 4.311
29.850, 1, NPC, -582.842, -262.119, 0.000, 3.892, 0.000, 0.000, 0.000, 0.000, 2.586
29.900, 0, Ego, -335.999, -39.229, 0.000, 0.625, 0.000, 0.000, 27.780, -0.015, 1.996
29.900, 1, NPC, -582.842, -262.119, 0.000, 3.892, 0.000, 0.000, 0.000, 0.000, 2.586
29.950, 0, Ego, -334.870, -38.420, 0.000, 0.618, 0.000, 0.000, 27.780, -0.015, 5.964
29.950, 1, NPC, -582.842, -262.119, 0.000, 3.892, 0.000, 0.000, 0.000, 0.000, 2.586
30.000, 0, Ego, -333.735, -37.620, 0.000, 0.611, 0.000, 0.000, 27.780, -0.015, 3.650
30.000, 1, NPC, -582.842, -262.119, 0.000, 3.892, 0.000, 0.000, 0.000, 0.000, 2.586
30.050, 0, Ego, -332.595, -36.827, 0.000, 0.604, 0.000, 0.000, 27.780, -0.015, 1.335
30.050, 1, NPC, -582.842, -262.119, 0.000, 3.892, 0.000, 0.000, 0.000, 0.000, 2.586
30.100, 0, Ego, -331.449, -36.042, 0.000, 0.597, 0.000, 0.000, 27.780, -0.015, 5.304
30.100, 1, NPC, -582.842, -262.119, 0.000, 3.892, 0.000, 0.000, 0.000, 0.000, 2.586
30.150, 0, Ego, -330.297, -35.265, 0.000, 0.590, 0.000, 0.000, 27.780, -0.015, 2.989
30.150, 1, NPC, -582.842, -262.119, 0.000, 3.892, 0.000, 0.000, 0.000, 0.000, 2.586
30.200, 0, Ego, -329.140, -34.496, 0.000, 0.583, 0.000, 0.000, 27.780, -0.015, 0.675
30.200, 1, NPC, -582.842, -262.119, 0.000, 3.892, 0.000, 0.000, 0.000, 0.000, 2.586
30.250, 0, Ego, -327.978, -33.736, 0.000, 0.576, 0.000, 0.000, 27.780, -0.015, 4.643
30.250, 1, NPC, -582.842, -262.119, 0.000, 3.892, 0.000, 0.000, 0.000, 0.000, 2.586
30.300, 0, Ego, -326.810, -32.983, 0.000, 0.569, 0.000, 0.000, 27.780, -0.015, 2.329
30.300, 1, NPC, -582.842, -262.119, 0.000, 3.892, 0.000, 0.000, 0.000, 0.000, 2.586
30.350, 0, Ego, -325.638, -32.239, 0.000, 0.562, 0.000, 0.000, 27.780, -0.015, 0.014
30.350, 1, NPC, -582.842, -262.119, 0.000, 3.892, 0.000, 0.000, 0.000, 0.000, 2.586
30.400, 0, Ego, -324.460, -31.503, 0.000, 0.555, 0.000, 0.000, 27.780, -0.015, 3.983
30.400, 1, NPC, -582.842, -262.119, 0.000, 3.892, 0.000, 0.000, 0.000, 0.000, 2.586
30.450, 0, Ego, -323.277, -30.775, 0.000, 0.548, 0.000, 0.000, 27.780, -0.015, 1.668
30.450, 1, NPC, -582.842, -262.119, 0.000, 3.892, 0.000, 0.000, 0.000, 0.000, 2.586
30.500, 0, Ego, -322.088, -30.056, 0.000, 0.541, 0.000, 0.000, 27.780, -0.015, 5.636
30.500, 1, NPC, -582.842, -262.119, 0.000, 3.892, 0.000, 0.000, 0.000, 0.000, 2.586
30.550, 0, Ego, -320.895, -29.345, 0.000, 0.534, 0.000, 0.000, 27.780, -0.015, 3.322
30.550, 1, NPC, -582.842, -262.119, 0.000, 3.892, 0.000, 0.000, 0.000, 0.000, 2.586
30.600, 0, Ego, -319.697, -28.642, 0.000, 0.527, 0.000, 0.000, 27.780, -0.015, 1.007
30.600, 1, NPC, -582.842, -262.119, 0.000, 3.892, 0.000, 0.000, 0.000, 0.000, 2.586
30.650, 0, Ego, -318.494, -27.948, 0.000, 0.520, 0.000, 0.000, 27.780, -0.015, 4.976
30.650, 1, NPC, -582.842, -262.119, 0.000, 3.892, 0.000, 0.000, 0.000, 0.000, 2.586
30.700, 0, Ego, -317.286, -27.262, 0.000, 0.513, 0.000, 0.000, 27.780, -0.015, 2.661
30.700, 1, NPC, -582.842, -262.119, 0.000, 3.892, 0.000, 0.000, 0.000, 0.000, 2.586
30.750, 0, Ego, -316.074, -26.585, 0.000, 0.506, 0.000, 0.000, 27.780, -0.015, 0.347
30.750, 1, NPC, -582.842, -262.119, 0.000, 3.892, 0.000, 0.000, 0.000, 0.000, 2.586
30.800, 0, Ego, -314.856, -25.916, 0.000, 0.499, 0.000, 0.000, 27.780, -0.015, 4.315
30.800, 1, NPC, -582.842, -262.119, 0.000, 3.892, 0.000, 0.000, 0.000, 0.000, 2.586
30.850, 0, Ego, -313.634, -25.255, 0.000, 0.492, 0.000, 0.000, 27.780, -0.015, 2.001
30.850, 1, NPC, -582.842, -262.119, 0.000, 3.892, 0.000, 0.000, 0.000, 0.000, 2.586
30.900, 0, Ego, -312.408, -24.604, 0.000, 0.485, 0.000, 0.000, 27.780, -0.015, 5.969
30.900, 1, NPC, -582.842, -262.119, 0.000, 3.892, 0.000, 0.000, 0.000, 0.000, 2.586
30.950, 0, Ego, -311.177, -23.961, 0.000, 0.478, 0.000, 0.000, 27.780, -0.015, 3.655
30.950, 1, NPC, -582.842, -262.119, 0.000, 3.892, 0.000, 0.000, 0.000, 0.000, 2.586
31.000, 0, Ego, -309.941, -23.326, 0.000, 0.471, 0.000, 0.000, 27.780, -0.015, 1.340
31.000, 1, NPC, -582.842, -262.119, 0.000, 3.892, 0.000, 0.000, 0.000, 0.000, 2.586
31.050, 0, Ego, -308.701, -22.700, 0.000, 0.464, 0.000, 0.000, 27.780, -0.015, 5.308
31.050, 1, NPC, -582.842, -262.119, 0.000, 3.892, 0.000, 0.000, 0.000, 0.000, 2.586
31.100, 0, Ego, -307.457, -22.083, 0.000, 0.457, 0.000, 0.000, 27.780, -0.015, 2.994
31.100, 1, NPC, -582.842, -262.119, 0.000, 3.892, 0.000, 0.000, 0.000, 0.000, 2.586
31.150, 0, Ego, -306.208, -21.475, 0.000, 0.450, 0.000, 0.000, 27.780, -0.015, 0.679
31.150, 1, NPC, -582.842, -262.119, 0.000, 3.892, 0.000, 0.000, 0.000, 0.000, 2.586
31.200, 0, Ego, -304.955, -20.875, 0.000, 0.443, 0.000, 0.000, 27.780, -0.015, 4.648
31.200, 1, NPC, -582.842, -262.119, 0.000, 3.892, 0.000, 0.000, 0.000, 0.000, 2.586
31.250, 0, Ego, -303.698, -20.284, 0.000, 0.436, 0.000, 0.000, 27.780, -0.015, 2.333
31.250, 1, NPC, -582.842, -262.119, 0.000, 3.892, 0.000, 0.000, 0.000, 0.000, 2.586
31.300, 0, Ego, -302.437, -19.702, 0.000, 0.429, 0.000, 0.000, 27.780, -0.015, 0.019
31.300, 1, NPC, -582.842, -262.119, 0.000, 3.892, 0.000, 0.000, 0.000, 0.000, 2.586
31.350, 0, Ego, -301.171, -19.129, 0.000, 0.422, 0.000, 0.000, 27.780, -0.015, 3.987
31.350, 1, NPC, -582.842, -262.119, 0.000, 3.892, 0.000, 0.000, 0.000, 0.000, 2.586
31.400, 0, Ego, -299.902, -18.565, 0.000, 0.415, 0.000, 0.000, 27.780, -0.015, 1.673
31.400, 1, NPC, -582.842, -262.119, 0.000, 3.892, 0.000, 0.000, 0.000, 0.000, 2.586
31.450, 0, Ego, -298.629, -18.010, 0.000, 0.408, 0.000, 0.000, 27.780, -0.015, 5.641
31.450, 1, NPC, -582.842, -262.119, 0.000, 3.892, 0.000, 0.000, 0.000, 0.000, 2.586
31.500, 0, Ego, -297.352, -17.463, 0.000, 0.401, 0.000, 0.000, 27.780, -0.015, 3.326
31.500, 1, NPC, -582.842, -262.119, 0.000, 3.892, 0.000, 0.000, 0.000, 0.000, 2.586
31.550, 0, Ego, -296.071, -16.926, 0.000, 0.394, 0.000, 0.000, 27.780, -0.015, 1.012
31.550, 1, NPC, -582.842, -262.119, 0.000, 3.892, 0.000, 0.000, 0.000, 0.000, 2.586
31.600, 0, Ego, -294.787, -16.397, 0.000, 0.387, 0.000, 0.000, 27.780, -0.015, 4.980
31.600, 1, NPC, -582.842, -262.119, 0.000, 3.892, 0.000, 0.000, 0.000, 0.000, 2.586
31.650, 0, Ego, -293.499, -15.878, 0.000, 0.380, 0.000, 0.000, 27.780, -0.015, 2.666
31.650, 1, NPC, -582.842, -262.119, 0.000, 3.892, 0.000, 0.000, 0.000, 0.000, 2.586
31.700, 0, Ego, -292.207, -15.367, 0.000, 0.373, 0.000, 0.000, 27.780, -0.015, 0.351
31.700, 1, NPC, -582.842, -262.119, 0.000, 3.892, 0.000, 0.000, 0.000, 0.000, 2.586
31.750, 0, Ego, -290.911, -14.866, 0.000, 0.366, 0.000, 0.000, 27.780, -0.015, 4.320
31.750, 1, NPC, -582.842, -262.119, 0.000, 3.892, 0.000, 0.000, 0.000, 0.000, 2.586
31.800, 0, Ego, -289.613, -14.374, 0.000, 0.359, 0.000, 0.000, 27.780, -0.015, 2.005
31.800, 1, NPC, -582.842, -262.119, 0.000, 3.892, 0.000, 0.000, 0.000, 0.000, 2.586
31.850, 0, Ego, -288.310, -13.890, 0.000, 0.352, 0.000, 0.000, 27.780, -0.015, 5.974
31.850, 1, NPC, -582.842, -262.119, 0.000, 3.892, 0.000, 0.000, 0.000, 0.000, 2.586
31.900, 0, Ego, -287.005, -13.416, 0.000, 0.345, 0.000, 0.000, 27.780, -0.015, 3.659
31.900, 1, NPC, -582.842, -262.119, 0.000, 3.892, 0.000, 0.000, 0.000, 0.000, 2.586
31.950, 0, Ego, -285.696, -12.952, 0.000, 0.338, 0.000, 0.000, 27.780, -0.015, 1.345
31.950, 1, NPC, -582.842, -262.119, 0.000, 3.892, 0.000, 0.000, 0.000, 0.000, 2.586
32.000, 0, Ego, -284.384, -12.496, 0.000, 0.331, 0.000, 0.000, 27.780, -0.015, 5.313
32.000, 1, NPC, -582.842, -262.119, 0.000, 3.892, 0.000, 0.000, 0.000, 0.000, 2.586
32.050, 0, Ego, -283.068, -12.049, 0.000, 0.324, 0.000, 0.000, 27.780, -0.015, 2.998
32.050, 1, NPC, -582.842, -262.119, 0.000, 3.892, 0.000, 0.000, 0.000, 0.000, 2.586
32.100, 0, Ego, -281.750, -11.612, 0.000, 0.317, 0.000, 0.000, 27.780, -0.015, 0.684
32.100, 1, NPC, -582.842, -262.119, 0.000, 3.892, 0.000, 0.000, 0.000, 0.000, 2.586
32.150, 0, Ego, -280.429, -11.184, 0.000, 0.310, 0.000, 0.000, 27.780, -0.015, 4.652
32.150, 1, NPC, -582.842, -262.119, 0.000, 3.892, 0.000, 0.000, 0.000, 0.000, 2.586
32.200, 0, Ego, -279.104, -10.765, 0.000, 0.303, 0.000, 0.000, 27.780, -0.015, 2.338
32.200, 1, NPC, -582.842, -262.119, 0.000, 3.892, 0.000, 0.000, 0.000, 0.000, 2.586
32.250, 0, Ego, -277.777, -10.356, 0.000, 0.296, 0.000, 0.000, 27.780, -0.015, 0.023
32.250, 1, NPC, -582.842, -262.119, 0.000, 3.892, 0.000, 0.000, 0.000, 0.000, 2.586
32.300, 0, Ego, -276.447, -9.956, 0.000, 0.289, 0.000, 0.000, 27.780, -0.015, 3.992
32.300, 1, NPC, -582.842, -262.119, 0.000, 3.892, 0.000, 0.000, 0.000, 0.000, 2.586
32.350, 0, Ego, -275.114, -9.565, 0.000, 0.282, 0.000, 0.000, 27.780, -0.015, 1.677
32.350, 1, NPC, -582.842, -262.119, 0.000, 3.892, 0.000, 0.000, 0.000, 0.000, 2.586
32.400, 0, Ego, -273.778, -9.183, 0.000, 0.275, 0.000, 0.000, 27.780, -0.015, 5.646
32.400, 1, NPC, -582.842, -262.119, 0.000, 3.892, 0.000, 0.000, 0.000, 0.000, 2.586
32.450, 0, Ego, -272.440, -8.811, 0.000, 0.268, 0.000, 0.000, 27.780, -0.015, 3.331
32.450, 1, NPC, -582.842, -262.119, 0.000, 3.892, 0.000, 0.000, 0.000, 0.000, 2.586
32.500, 0, Ego, -271.099, -8.449, 0.000, 0.261, 0.000, 0.000, 27.780, -0.015, 1.017
32.500, 1, NPC, -582.842, -262.119, 0.000, 3.892, 0.000, 0.000, 0.000, 0.000, 2.586
32.550, 0, Ego, -269.756, -8.095, 0.000, 0.254, 0.000, 0.000, 27.780, -0.015, 4.985
32.550, 1, NPC, -582.842, -262.119, 0.000, 3.892, 0.000, 0.000, 0.000, 0.000, 2.586
32.600, 0, Ego, -268.410, -7.751, 0.000, 0.247, 0.000, 0.000, 27.780, -0.015, 2.670
32.600, 1, NPC, -582.842, -262.119, 0.000, 3.892, 0.000, 0.000, 0.000, 0.000, 2.586
32.650, 0, Ego, -267.062, -7.417, 0.000, 0.240, 0.000, 0.000, 27.780, -0.015, 0.356
32.650, 1, NPC, -582.842, -262.119, 0.000, 3.892, 0.000, 0.000, 0.000, 0.000, 2.586
32.700, 0, Ego, -265.712, -7.092, 0.000, 0.233, 0.000, 0.000, 27.780, -0.015, 4.324
32.700, 1, NPC, -582.842, -262.119, 0.000, 3.892, 0.000, 0.000, 0.000, 0.000, 2.586
32.750, 0, Ego, -264.359, -6.776, 0.000, 0.226, 0.000, 0.000, 27.780, -0.015, 2.010
32.750, 1, NPC, -582.842, -262.119, 0.000, 3.892, 0.000, 0.000, 0.000, 0.000, 2.586
32.800, 0, Ego, -263.004, -6.470, 0.000, 0.219, 0.000, 0.000, 27.780, -0.015, 5.978
32.800, 1, NPC, -582.842, -262.119, 0.000, 3.892, 0.000, 0.000, 0.000, 0.000, 2.586
32.850, 0, Ego, -261.647, -6.174, 0.000, 0.212, 0.000, 0.000, 27.780, -0.015, 3.664
32.850, 1, NPC, -582.842, -262.119, 0.000, 3.892, 0.000, 0.000, 0.000, 0.000, 2.586
32.900, 0, Ego, -260.288, -5.887, 0.000, 0.205, 0.000, 0.000, 27.780, -0.015, 1.349
32.900, 1, NPC, -582.842, -262.119, 0.000, 3.892, 0.000, 0.000, 0.000, 0.000, 2.586
32.950, 0, Ego, -258.927, -5.609, 0.000, 0.198, 0.000, 0.000, 27.780, -0.015, 5.318
32.950, 1, NPC, -582.842, -262.119, 0.000, 3.892, 0.000, 0.000, 0.000, 0.000, 2.586
33.000, 0, Ego, -257.564, -5.341, 0.000, 0.191, 0.000, 0.000, 27.780, -0.015, 3.003
33.000, 1, NPC, -582.842, -262.119, 0.000, 3.892, 0.000, 0.000, 0.000, 0.000, 2.586
33.050, 0, Ego, -256.200, -5.083, 0.000, 0.184, 0.000, 0.000, 27.780, -0.015, 0.689
33.050, 1, NPC, -582.842, -262.119, 0.000, 3.892, 0.000, 0.000, 0.000, 0.000, 2.586
33.100, 0, Ego, -254.833, -4.834, 0.000, 0.177, 0.000, 0.000, 27.780, -0.015, 4.657
33.100, 1, NPC, -582.842, -262.119, 0.000, 3.892, 0.000, 0.000, 0.000, 0.000, 2.586
33.150, 0, Ego, -253.465, -4.595, 0.000, 0.170, 0.000, 0.000, 27.780, -0.015, 2.342
33.150, 1, NPC, -582.842, -262.119, 0.000, 3.892, 0.000, 0.000, 0.000, 0.000, 2.586
33.200, 0, Ego, -252.095, -4.365, 0.000, 0.163, 0.000, 0.000, 27.780, -0.015, 0.028
33.200, 1, NPC, -582.842, -262.119, 0.000, 3.892, 0.000, 0.000, 0.000, 0.000, 2.586
33.250, 0, Ego, -250.723, -4.145, 0.000, 0.156, 0.000, 0.000, 27.780, -0.015, 3.996
33.250, 1, NPC, -582.842, -262.119, 0.000, 3.892, 0.000, 0.000, 0.000, 0.000, 2.586
33.300, 0, Ego, -249.350, -3.935, 0.000, 0.149, 0.000, 0.000, 27.780, -0.015, 1.682
33.300, 1, NPC, -582.842, -262.119, 0.000, 3.892, 0.000, 0.000, 0.000, 0.000, 2.586
33.350, 0, Ego, -247.976, -3.734, 0.000, 0.142, 0.000, 0.000, 27.780, -0.015, 5.650
33.350, 1, NPC, -582.842, -262.119, 0.000, 3.892, 0.000, 0.000, 0.000, 0.000, 2.586
33.400, 0, Ego, -246.600, -3.543, 0.000, 0.135, 0.000, 0.000, 27.780, -0.015, 3.336
33.400, 1, NPC, -582.842, -262.119, 0.000, 3.892, 0.000, 0.000, 0.000, 0.000, 2.586
33.450, 0, Ego, -245.223, -3.361, 0.000, 0.128, 0.000, 0.000, 27.780, -0.015, 1.021
33.450, 1, NPC, -582.842, -262.119, 0.000, 3.892, 0.000, 0.000, 0.000, 0.000, 2.586
33.500, 0, Ego, -243.845, -3.189, 0.000, 0.121, 0.000, 0.000, 27.780, -0.015, 4.990
33.500, 1, NPC, -582.842, -262.119, 0.000, 3.892, 0.000, 0.000, 0.000, 0.000, 2.586
33.550, 0, Ego, -242.465, -3.027, 0.000, 0.114, 0.000, 0.000, 27.780, -0.015, 2.675
33.550, 1, NPC, -582.842, -262.119, 0.000, 3.892, 0.000, 0.000, 0.000, 0.000, 2.586
33.600, 0, Ego, -241.085, -2.874, 0.000, 0.107, 0.000, 0.000, 27.780, -0.015, 0.360
33.600, 1, NPC, -582.842, -262.119, 0.000, 3.892, 0.000, 0.000, 0.000, 0.000, 2.586
33.650, 0, Ego, -239.703, -2.732, 0.000, 0.100, 0.000, 0.000, 27.780, -0.015, 4.329
33.650, 1, NPC, -582.842, -262.119, 0.000, 3.892, 0.000, 0.000, 0.000, 0.000, 2.586
33.700, 0, Ego, -238.321, -2.598, 0.000, 0.093, 0.000, 0.000, 27.780, -0.015, 2.014
33.700, 1, NPC, -582.842, -262.119, 0.000, 3.892, 0.000, 0.000, 0.000, 0.000, 2.586
33.750, 0, Ego, -236.937, -2.475, 0.000, 0.086, 0.000, 0.000, 27.780, -0.015, 5.983
33.750, 1, NPC, -582.842, -262.119, 0.000, 3.892, 0.000, 0.000, 0.000, 0.000, 2.586
33.800, 0, Ego, -235.553, -2.361, 0.000, 0.079, 0.000, 0.000, 27.780, -0.015, 3.668
33.800, 1, NPC, -582.842, -262.119, 0.000, 3.892, 0.000, 0.000, 0.000, 0.000, 2.586
33.850, 0, Ego, -234.168, -2.257, 0.000, 0.072, 0.000, 0.000, 27.780, -0.015, 1.354
33.850, 1, NPC, -582.842, -262.119, 0.000, 3.892, 0.000, 0.000, 0.000, 0.000, 2.586
33.900, 0, Ego, -232.782, -2.162, 0.000, 0.065, 0.000, 0.000, 27.780, -0.015, 5.322
33.900, 1, NPC, -582.842, -262.119, 0.000, 3.892, 0.000, 0.000, 0.000, 0.000, 2.586
33.950, 0, Ego, -231.395, -2.078, 0.000, 0.058, 0.000, 0.000, 27.780, -0.015, 3.008
33.950, 1, NPC, -582.842, -262.119, 0.000, 3.892, 0.000, 0.000, 0.000, 0.000, 2.586
34.000, 0, Ego, -230.009, -2.003, 0.000, 0.051, 0.000, 0.000, 27.780, -0.015, 0.693
34.000, 1, NPC, -582.842, -262.119, 0.000, 3.892, 0.000, 0.000, 0.000, 0.000, 2.586
34.050, 0, Ego, -228.621, -1.938, 0.000, 0.043, 0.000, 0.000, 27.780, -0.015, 4.662
34.050, 1, NPC, -582.842, -262.119, 0.000, 3.892, 0.000, 0.000, 0.000, 0.000, 2.586
34.100, 0, Ego, -227.233, -1.882, 0.000, 0.036, 0.000, 0.000, 27.780, -0.015, 2.347
34.100, 1, NPC, -582.842, -262.119, 0.000, 3.892, 0.000, 0.000, 0.000, 0.000, 2.586
34.150, 0, Ego, -225.845, -1.836, 0.000, 0.029, 0.000, 0.000, 27.780, -0.015, 0.032
34.150, 1, NPC, -582.842, -262.119, 0.000, 3.892, 0.000, 0.000, 0.000, 0.000, 2.586
34.200, 0, Ego, -224.456, -1.800, 0.000, 0.022, 0.000, 0.000, 27.780, -0.015, 4.001
34.200, 1, NPC, -582.842, -262.119, 0.000, 3.892, 0.000, 0.000, 0.000, 0.000, 2.586
34.250, 0, Ego, -223.068, -1.774, 0.000, 0.015, 0.000, 0.000, 27.780, -0.015, 1.686
34.250, 1, NPC, -582.842, -262.119, 0.000, 3.892, 0.000, 0.000, 0.000, 0.000, 2.586
34.300, 0, Ego, -221.679, -1.757, 0.000, 0.008, 0.000, 0.000, 27.780, -0.015, 5.655
34.300, 1, NPC, -582.842, -262.119, 0.000, 3.892, 0.000, 0.000, 0.000, 0.000, 2.586
34.350, 0, Ego, -220.290, -1.750, 0.000, 0.001, 0.000, 0.000, 27.780, -0.015, 3.340
34.350, 1, NPC, -582.842, -262.119, 0.000, 3.892, 0.000, 0.000, 0.000, 0.000, 2.586
34.400, 0, Ego, -218.891, -1.750, 0.000, 6.283, 0.000, 0.000, 27.780, -0.003, 1.026
34.400, 1, NPC, -582.842, -262.119, 0.000, 3.892, 0.000, 0.000, 0.000, 0.000, 2.586
34.450, 0, Ego, -217.502, -1.750, 0.000, 6.283, 0.000, 0.000, 27.780, 0.000, 4.994
34.450, 1, NPC, -582.842, -262.119, 0.000, 3.892, 0.000, 0.000, 0.000, 0.000, 2.586
34.500, 0, Ego, -216.113, -1.750, 0.000, 6.283, 0.000, 0.000, 27.780, 0.000, 2.680
34.500, 1, NPC, -582.842, -262.119, 0.000, 3.892, 0.000, 0.000, 0.000, 0.000, 2.586
34.550, 0, Ego, -214.724, -1.750, 0.000, 6.283, 0.000, 0.000, 27.780, 0.000, 0.365
34.550, 1, NPC, -582.842, -262.119, 0.000, 3.892, 0.000, 0.000, 0.000, 0.000, 2.586
34.600, 0, Ego, -213.335, -1.750, 0.000, 6.283, 0.000, 0.000, 27.780, 0.000, 4.334
34.600, 1, NPC, -582.842, -262.119, 0.000, 3.892, 0.000, 0.000, 0.000, 0.000, 2.586
34.650, 0, Ego, -211.946, -1.750, 0.000, 6.283, 0.000, 0.000, 27.780, 0.000, 2.019
34.650, 1, NPC, -582.842, -262.119, 0.000, 3.892, 0.000, 0.000, 0.000, 0.000, 2.586
34.700, 0, Ego, -210.557, -1.750, 0.000, 6.283, 0.000, 0.000, 27.780, 0.000, 5.988
34.700, 1, NPC, -582.842, -262.119, 0.000, 3.892, 0.000, 0.000, 0.000, 0.000, 2.586
34.750, 0, Ego, -209.168, -1.750, 0.000, 6.283, 0.000, 0.000, 27.780, 0.000, 3.673
34.750, 1, NPC, -582.842, -262.119, 0.000, 3.892, 0.000, 0.000, 0.000, 0.000, 2.586
34.800, 0, Ego, -207.779, -1.750, 0.000, 6.283, 0.000, 0.000, 27.780, 0.000, 1.358
34.800, 1, NPC, -582.842, -262.119, 0.000, 3.892, 0.000, 0.000, 0.000, 0.000, 2.586
34.850, 0, Ego, -206.390, -1.750, 0.000, 6.283, 0.000, 0.000, 27.780, 0.000, 5.327
34.850, 1, NPC, -582.842, -262.119, 0.000, 3.892, 0.000, 0.000, 0.000, 0.000, 2.586
34.900, 0, Ego, -205.001, -1.750, 0.000, 6.283, 0.000, 0.000, 27.780, 0.000, 3.012
34.900, 1, NPC, -582.842, -262.119, 0.000, 3.892, 0.000, 0.000, 0.000, 0.000, 2.586
34.950, 0, Ego, -203.612, -1.750, 0.000, 6.283, 0.000, 0.000, 27.780, 0.000, 0.698
34.950, 1, NPC, -582.842, -262.119, 0.000, 3.892, 0.000, 0.000, 0.000, 0.000, 2.586
35.000, 0, Ego, -202.223, -1.750, 0.000, 6.283, 0.000, 0.000, 27.780, 0.000, 4.666
35.000, 1, NPC, -582.842, -262.119, 0.000, 3.892, 0.000, 0.000, 0.000, 0.000, 2.586
35.050, 0, Ego, -200.834, -1.750, 0.000, 6.283, 0.000, 0.000, 27.780, 0.000, 2.352
35.050, 1, NPC, -582.842, -262.119, 0.000, 3.892, 0.000, 0.000, 0.000, 0.000, 2.586
