time, id, name, x, y, z, h, p, r, speed, wheel_angle, wheel_rot
0.000, 0, Ego, -394.190, -86.372, 0.000, 3.892, 0.000, 0.000, 27.780, 0.000, 0.000
0.000, 1, NPC, -445.408, -134.087, 0.000, 3.892, 0.000, 0.000, 27.780, 0.000, 0.000
0.050, 0, Ego, -395.207, -87.319, 0.000, 3.892, 0.000, 0.000, 27.780, 0.000, 3.969
0.050, 1, NPC, -446.425, -135.034, 0.000, 3.892, 0.000, 0.000, 27.780, 0.000, 3.969
0.100, 0, Ego, -396.223, -88.266, 0.000, 3.892, 0.000, 0.000, 27.780, 0.000, 1.654
0.100, 1, NPC, -447.441, -135.981, 0.000, 3.892, 0.000, 0.000, 27.780, 0.000, 1.654
0.150, 0, Ego, -397.239, -89.213, 0.000, 3.892, 0.000, 0.000, 27.780, 0.000, 5.623
0.150, 1, NPC, -448.457, -136.927, 0.000, 3.892, 0.000, 0.000, 27.780, 0.000, 5.623
0.200, 0, Ego, -398.256, -90.159, 0.000, 3.892, 0.000, 0.000, 27.780, 0.000, 3.308
0.200, 1, NPC, -449.474, -137.874, 0.000, 3.892, 0.000, 0.000, 27.780, 0.000, 3.308
0.250, 0, Ego, -399.272, -91.106, 0.000, 3.892, 0.000, 0.000, 27.780, 0.000, 0.993
0.250, 1, NPC, -450.490, -138.821, 0.000, 3.892, 0.000, 0.000, 27.780, 0.000, 0.993
0.300, 0, Ego, -400.288, -92.053, 0.000, 3.892, 0.000, 0.000, 27.780, 0.000, 4.962
0.300, 1, NPC, -451.506, -139.768, 0.000, 3.892, 0.000, 0.000, 27.780, 0.000, 4.962
0.350, 0, Ego, -401.304, -93.000, 0.000, 3.892, 0.000, 0.000, 27.780, 0.000, 2.647
0.350, 1, NPC, -452.523, -140.715, 0.000, 3.892, 0.000, 0.000, 27.780, 0.000, 2.647
0.400, 0, Ego, -402.321, -93.947, 0.000, 3.892, 0.000, 0.000, 27.780, 0.000, 0.333
0.400, 1, NPC, -453.539, -141.661, 0.000, 3.892, 0.000, 0.000, 27.780, 0.000, 0.333
0.450, 0, Ego, -403.337, -94.893, 0.000, 3.892, 0.000, 0.000, 27.780, 0.000, 4.301
0.450, 1, NPC, -454.555, -142.608, 0.000, 3.892, 0.000, 0.000, 27.780, 0.000, 4.301
0.500, 0, Ego, -404.353, -95.840, 0.000, 3.892, 0.000, 0.000, 27.780, 0.000, 1.987
0.500, 1, NPC, -455.572, -143.555, 0.000, 3.892, 0.000, 0.000, 27.780, 0.000, 1.987
0.550, 0, Ego, -405.370, -96.787, 0.000, 3.892, 0.000, 0.000, 27.780, 0.000, 5.955
0.550, 1, NPC, -456.588, -144.502, 0.000, 3.892, 0.000, 0.000, 27.780, 0.000, 5.955
0.600, 0, Ego, -406.386, -97.734, 0.000, 3.892, 0.000, 0.000, 27.780, 0.000, 3.641
0.600, 1, NPC, -457.604, -145.449, 0.000, 3.892, 0.000, 0.000, 27.780, 0.000, 3.641
0.650, 0, Ego, -407.402, -98.681, 0.000, 3.892, 0.000, 0.000, 27.780, 0.000, 1.326
0.650, 1, NPC, -458.621, -146.395, 0.000, 3.892, 0.000, 0.000, 27.780, 0.000, 1.326
0.700, 0, Ego, -408.419, -99.627, 0.000, 3.892, 0.000, 0.000, 27.780, 0.000, 5.295
0.700, 1, NPC, -459.637, -147.342, 0.000, 3.892, 0.000, 0.000, 27.780, 0.000, 5.295
0.750, 0, Ego, -409.435, -100.574, 0.000, 3.892, 0.000, 0.000, 27.780, 0.000, 2.980
0.750, 1, NPC, -460.653, -148.289, 0.000, 3.892, 0.000, 0.000, 27.780, 0.000, 2.980
0.800, 0, Ego, -410.451, -101.521, 0.000, 3.892, 0.000, 0.000, 27.780, 0.000, 0.665
0.800, 1, NPC, -461.670, -149.236, 0.000, 3.892, 0.000, 0.000, 27.780, 0.000, 0.665
0.850, 0, Ego, -411.468, -102.468, 0.000, 3.892, 0.000, 0.000, 27.780, 0.000, 4.634
0.850, 1, NPC, -462.686, -150.182, 0.000, 3.892, 0.000, 0.000, 27.780, 0.000, 4.634
0.900, 0, Ego, -412.484, -103.415, 0.000, 3.892, 0.000, 0.000, 27.780, 0.000, 2.319
0.900, 1, NPC, -463.702, -151.129, 0.000, 3.892, 0.000, 0.000, 27.780, 0.000, 2.319
0.950, 0, Ego, -413.500, -104.361, 0.000, 3.892, 0.000, 0.000, 27.780, 0.000, 0.005
0.950, 1, NPC, -464.718, -152.076, 0.000, 3.892, 0.000, 0.000, 27.780, 0.000, 0.005
1.000, 0, Ego, -414.517, -105.308, 0.000, 3.892, 0.000, 0.000, 27.780, 0.000, 3.973
1.000, 1, NPC, -465.735, -153.023, 0.000, 3.892, 0.000, 0.000, 27.780, 0.000, 3.973
1.050, 0, Ego, -415.533, -106.255, 0.000, 3.892, 0.000, 0.000, 27.780, 0.000, 1.659
1.050, 1, NPC, -466.751, -153.970, 0.000, 3.892, 0.000, 0.000, 27.780, 0.000, 1.659
1.100, 0, Ego, -416.549, -107.202, 0.000, 3.892, 0.000, 0.000, 27.780, 0.000, 5.627
1.100, 1, NPC, -467.767, -154.916, 0.000, 3.892, 0.000, 0.000, 27.780, 0.000, 5.627
1.150, 0, Ego, -417.566, -108.149, 0.000, 3.892, 0.000, 0.000, 27.780, 0.000, 3.313
1.150, 1, NPC, -468.784, -155.863, 0.000, 3.892, 0.000, 0.000, 27.780, 0.000, 3.313
1.200, 0, Ego, -418.582, -109.095, 0.000, 3.892, 0.000, 0.000, 27.780, 0.000, 0.998
1.200, 1, NPC, -469.800, -156.810, 0.000, 3.892, 0.000, 0.000, 27.780, 0.000, 0.998
1.250, 0, Ego, -419.598, -110.042, 0.000, 3.892, 0.000, 0.000, 27.780, 0.000, 4.967
1.250, 1, NPC, -470.816, -157.757, 0.000, 3.892, 0.000, 0.000, 27.780, 0.000, 4.967
1.300, 0, Ego, -420.614, -110.989, 0.000, 3.892, 0.000, 0.000, 27.780, 0.000, 2.652
1.300, 1, NPC, -471.833, -158.704, 0.000, 3.892, 0.000, 0.000, 27.780, 0.000, 2.652
1.350, 0, Ego, -421.631, -111.936, 0.000, 3.892, 0.000, 0.000, 27.780, 0.000, 0.337
1.350, 1, NPC, -472.849, -159.650, 0.000, 3.892, 0.000, 0.000, 27.780, 0.000, 0.337
1.400, 0, Ego, -422.647, -112.883, 0.000, 3.892, 0.000, 0.000, 27.780, 0.000, 4.306
1.400, 1, NPC, -473.865, -160.597, 0.000, 3.892, 0.000, 0.000, 27.780, 0.000, 4.306
1.450, 0, Ego, -423.663, -113.829, 0.000, 3.892, 0.000, 0.000, 27.780, 0.000, 1.991
1.450, 1, NPC, -474.882, -161.544, 0.000, 3.892, 0.000, 0.000, 27.780, 0.000, 1.991
1.500, 0, Ego, -424.680, -114.776, 0.000, 3.892, 0.000, 0.000, 27.780, 0.000, 5.960
1.500, 1, NPC, -475.898, -162.491, 0.000, 3.892, 0.000, 0.000, 27.780, 0.000, 5.960
1.550, 0, Ego, -425.696, -115.723, 0.000, 3.892, 0.000, 0.000, 27.780, 0.000, 3.645
1.550, 1, NPC, -476.914, -163.438, 0.000, 3.892, 0.000, 0.000, 27.780, 0.000, 3.645
1.600, 0, Ego, -426.712, -116.670, 0.000, 3.892, 0.000, 0.000, 27.780, 0.000, 1.331
1.600, 1, NPC, -477.931, -164.384, 0.000, 3.892, 0.000, 0.000, 27.780, 0.000, 1.331
1.650, 0, Ego, -427.729, -117.617, 0.000, 3.892, 0.000, 0.000, 27.780, 0.000, 5.299
1.650, 1, NPC, -478.947, -165.331, 0.000, 3.892, 0.000, 0.000, 27.780, 0.000, 5.299
1.700, 0, Ego, -428.745, -118.563, 0.000, 3.892, 0.000, 0.000, 27.780, 0.000, 2.985
1.700, 1, NPC, -479.963, -166.278, 0.000, 3.892, 0.000, 0.000, 27.780, 0.000, 2.985
1.750, 0, Ego, -429.761, -119.510, 0.000, 3.892, 0.000, 0.000, 27.780, 0.000, 0.670
1.750, 1, NPC, -480.980, -167.225, 0.000, 3.892, 0.000, 0.000, 27.780, 0.000, 0.670
1.800, 0, Ego, -430.778, -120.457, 0.000, 3.892, 0.000, 0.000, 27.780, 0.000, 4.638
1.800, 1, NPC, -481.996, -168.172, 0.000, 3.892, 0.000, 0.000, 27.780, 0.000, 4.638
1.850, 0, Ego, -431.794, -121.404, 0.000, 3.892, 0.000, 0.000, 27.780, 0.000, 2.324
1.850, 1, NPC, -483.012, -169.118, 0.000, 3.892, 0.000, 0.000, 27.780, 0.000, 2.324
1.900, 0, Ego, -432.810, -122.351, 0.000, 3.892, 0.000, 0.000, 27.780, 0.000, 0.009
1.900, 1, NPC, -484.029, -170.065, 0.000, 3.892, 0.000, 0.000, 27.780, 0.000, 0.009
1.950, 0, Ego, -433.827, -123.297, 0.000, 3.892, 0.000, 0.000, 27.780, 0.000, 3.978
1.950, 1, NPC, -485.045, -171.012, 0.000, 3.892, 0.000, 0.000, 27.780, 0.000, 3.978
2.000, 0, Ego, -434.843, -124.244, 0.000, 3.892, 0.000, 0.000, 27.780, 0.000, 1.663
2.000, 1, NPC, -486.061, -171.959, 0.000, 3.892, 0.000, 0.000, 27.780, 0.000, 1.663
2.050, 0, Ego, -435.859, -125.191, 0.000, 3.892, 0.000, 0.000, 27.780, 0.000, 5.632
2.050, 1, NPC, -487.077, -172.906, 0.000, 3.892, 0.000, 0.000, 27.780, 0.000, 5.632
2.100, 0, Ego, -436.876, -126.138, 0.000, 3.892, 0.000, 0.000, 27.780, 0.000, 3.317
2.100, 1, NPC, -488.094, -173.852, 0.000, 3.892, 0.000, 0.000, 27.780, 0.000, 3.317
2.150, 0, Ego, -437.892, -127.084, 0.000, 3.892, 0.000, 0.000, 27.780, 0.000, 1.003
2.150, 1, NPC, -489.110, -174.799, 0.000, 3.892, 0.000, 0.000, 27.780, 0.000, 1.003
2.200, 0, Ego, -438.908, -128.031, 0.000, 3.892, 0.000, 0.000, 27.780, 0.000, 4.971
2.200, 1, NPC, -490.126, -175.746, 0.000, 3.892, 0.000, 0.000, 27.780, 0.000, 4.971
2.250, 0, Ego, -439.924, -128.978, 0.000, 3.892, 0.000, 0.000, 27.780, 0.000, 2.657
2.250, 1, NPC, -491.143, -176.693, 0.000, 3.892, 0.000, 0.000, 27.780, 0.000, 2.657
2.300, 0, Ego, -440.941, -129.925, 0.000, 3.892, 0.000, 0.000, 27.780, 0.000, 0.342
2.300, 1, NPC, -492.159, -177.640, 0.000, 3.892, 0.000, 0.000, 27.780, 0.000, 0.342
2.350, 0, Ego, -441.957, -130.872, 0.000, 3.892, 0.000, 0.000, 27.780, 0.000, 4.310
2.350, 1, NPC, -493.175, -178.586, 0.000, 3.892, 0.000, 0.000, 27.780, 0.000, 4.310
2.400, 0, Ego, -442.973, -131.818, 0.000, 3.892, 0.000, 0.000, 27.780, 0.000, 1.996
2.400, 1, NPC, -494.192, -179.533, 0.000, 3.892, 0.000, 0.000, 27.780, 0.000, 1.996
2.450, 0, Ego, -443.990, -132.765, 0.000, 3.892, 0.000, 0.000, 27.780, 0.000, 5.964
2.450, 1, NPC, -495.208, -180.480, 0.000, 3.892, 0.000, 0.000, 27.780, 0.000, 5.964
2.500, 0, Ego, -445.006, -133.712, 0.000, 3.892, 0.000, 0.000, 27.780, 0.000, 3.650
2.500, 1, NPC, -496.224, -181.427, 0.000, 3.892, 0.000, 0.000, 27.780, 0.000, 3.650
2.550, 0, Ego, -446.022, -134.659, 0.000, 3.892, 0.000, 0.000, 27.780, 0.000, 1.335
2.550, 1, NPC, -497.241, -182.374, 0.000, 3.892, 0.000, 0.000, 27.780, 0.000, 1.335
2.600, 0, Ego, -447.039, -135.606, 0.000, 3.892, 0.000, 0.000, 27.780, 0.000, 5.304
2.600, 1, NPC, -498.257, -183.320, 0.000, 3.892, 0.000, 0.000, 27.780, 0.000, 5.304
2.650, 0, Ego, -448.055, -136.552, 0.000, 3.892, 0.000, 0.000, 27.780, 0.000, 2.989
2.650, 1, NPC, -499.273, -184.267, 0.000, 3.892, 0.000, 0.000, 27.780, 0.000, 2.989
2.700, 0, Ego, -449.071, -137.499, 0.000, 3.892, 0.000, 0.000, 27.780, 0.000, 0.675
2.700, 1, NPC, -500.290, -185.214, 0.000, 3.892, 0.000, 0.000, 27.780, 0.000, 0.675
2.750, 0, Ego, -450.088, -138.446, 0.000, 3.892, 0.000, 0.000, 27.780, 0.000, 4.643
2.750, 1, NPC, -501.306, -186.161, 0.000, 3.892, 0.000, 0.000, 27.780, 0.000, 4.643
2.800, 0, Ego, -451.104, -139.393, 0.000, 3.892, 0.000, 0.000, 27.780, 0.000, 2.329
2.800, 1, NPC, -502.322, -187.108, 0.000, 3.892, 0.000, 0.000, 27.780, 0.000, 2.329
2.850, 0, Ego, -452.120, -140.340, 0.000, 3.892, 0.000, 0.000, 27.780, 0.000, 0.014
2.850, 1, NPC, -503.339, -188.054, 0.000, 3.892, 0.000, 0.000, 27.780, 0.000, 0.014
2.900, 0, Ego, -453.137, -141.286, 0.000, 3.892, 0.000, 0.000, 27.780, 0.000, 3.982
2.900, 1, NPC, -504.355, -189.001, 0.000, 3.892, 0.000, 0.000, 27.780, 0.000, 3.982
2.950, 0, Ego, -454.153, -142.233, 0.000, 3.892, 0.000, 0.000, 27.780, 0.000, 1.668
2.950, 1, NPC, -505.371, -189.948, 0.000, 3.892, 0.000, 0.000, 27.780, 0.000, 1.668
3.000, 0, Ego, -455.169, -143.180, 0.000, 3.892, 0.000, 0.000, 27.780, 0.000, 5.636
3.000, 1, NPC, -506.387, -190.895, 0.000, 3.892, 0.000, 0.000, 27.780, 0.000, 5.636
3.050, 0, Ego, -456.186, -144.127, 0.000, 3.892, 0.000, 0.000, 27.780, 0.000, 3.322
3.050, 1, NPC, -507.404, -191.842, 0.000, 3.892, 0.000, 0.000, 27.780, 0.000, 3.322
3.100, 0, Ego, -457.202, -145.074, 0.000, 3.892, 0.000, 0.000, 27.780, 0.000, 1.007
3.100, 1, NPC, -508.420, -192.788, 0.000, 3.892, 0.000, 0.000, 27.780, 0.000, 1.007
3.150, 0, Ego, -458.218, -146.020, 0.000, 3.892, 0.000, 0.000, 27.780, 0.000, 4.976
3.150, 1, NPC, -509.436, -193.735, 0.000, 3.892, 0.000, 0.000, 27.780, 0.000, 4.976
3.200, 0, Ego, -459.234, -146.967, 0.000, 3.892, 0.000, 0.000, 27.780, 0.000, 2.661
3.200, 1, NPC, -510.453, -194.682, 0.000, 3.892, 0.000, 0.000, 27.780, 0.000, 2.661
3.250, 0, Ego, -460.251, -147.914, 0.000, 3.892, 0.000, 0.000, 27.780, 0.000, 0.347
3.250, 1, NPC, -511.469, -195.629, 0.000, 3.892, 0.000, 0.000, 27.780, 0.000, 0.347
3.300, 0, Ego, -461.267, -148.861, 0.000, 3.892, 0.000, 0.000, 27.780, 0.000, 4.315
3.300, 1, NPC, -512.485, -196.576, 0.000, 3.892, 0.000, 0.000, 27.780, 0.000, 4.315
3.350, 0, Ego, -462.283, -149.808, 0.000, 3.892, 0.000, 0.000, 27.780, 0.000, 2.001
3.350, 1, NPC, -513.502, -197.522, 0.000, 3.892, 0.000, 0.000, 27.780, 0.000, 2.001
3.400, 0, Ego, -463.300, -150.754, 0.000, 3.892, 0.000, 0.000, 27.780, 0.000, 5.969
3.400, 1, NPC, -514.518, -198.469, 0.000, 3.892, 0.000, 0.000, 27.780, 0.000, 5.969
3.450, 0, Ego, -464.316, -151.701, 0.000, 3.892, 0.000, 0.000, 27.780, 0.000, 3.654
3.450, 1, NPC, -515.534, -199.416, 0.000, 3.892, 0.000, 0.000, 27.780, 0.000, 3.654
3.500, 0, Ego, -465.332, -152.648, 0.000, 3.892, 0.000, 0.000, 27.780, 0.000, 1.340
3.500, 1, NPC, -516.551, -200.363, 0.000, 3.892, 0.000, 0.000, 27.780, 0.000, 1.340
3.550, 0, Ego, -466.349, -153.595, 0.000, 3.892, 0.000, 0.000, 27.780, 0.000, 5.308
3.550, 1, NPC, -517.567, -201.309, 0.000, 3.892, 0.000, 0.000, 27.780, 0.000, 5.308
3.600, 0, Ego, -467.365, -154.542, 0.000, 3.892, 0.000, 0.000, 27.780, 0.000, 2.994
3.600, 1, NPC, -518.583, -202.256, 0.000, 3.892, 0.000, 0.000, 27.780, 0.000, 2.994
3.650, 0, Ego, -468.381, -155.488, 0.000, 3.892, 0.000, 0.000, 27.780, 0.000, 0.679
3.650, 1, NPC, -519.600, -203.203, 0.000, 3.892, 0.000, 0.000, 27.780, 0.000, 0.679
3.700, 0, Ego, -469.398, -156.435, 0.000, 3.892, 0.000, 0.000, 27.780, 0.000, 4.648
3.700, 1, NPC, -520.616, -204.150, 0.000, 3.892, 0.000, 0.000, 27.780, 0.000, 4.648
3.750, 0, Ego, -470.414, -157.382, 0.000, 3.892, 0.000, 0.000, 27.780, 0.000, 2.333
3.750, 1, NPC, -521.632, -205.097, 0.000, 3.892, 0.000, 0.000, 27.780, 0.000, 2.333
3.800, 0, Ego, -471.430, -158.329, 0.000, 3.892, 0.000, 0.000, 27.780, 0.000, 0.019
3.800, 1, NPC, -522.648, -206.043, 0.000, 3.892, 0.000, 0.000, 27.780, 0.000, 0.019
3.850, 0, Ego, -472.447, -159.276, 0.000, 3.892, 0.000, 0.000, 27.780, 0.000, 3.987
3.850, 1, NPC, -523.665, -206.990, 0.000, 3.892, 0.000, 0.000, 27.780, 0.000, 3.987
3.900, 0, Ego, -473.463, -160.222, 0.000, 3.892, 0.000, 0.000, 27.780, 0.000, 1.672
3.900, 1, NPC, -524.681, -207.937, 0.000, 3.892, 0.000, 0.000, 27.780, 0.000, 1.672
3.950, 0, Ego, -474.479, -161.169, 0.000, 3.892, 0.000, 0.000, 27.780, 0.000, 5.641
3.950, 1, NPC, -525.697, -208.884, 0.000, 3.892, 0.000, 0.000, 27.780, 0.000, 5.641
4.000, 0, Ego, -475.496, -162.116, 0.000, 3.892, 0.000, 0.000, 27.780, 0.000, 3.326
4.000, 1, NPC, -526.714, -209.831, 0.000, 3.892, 0.000, 0.000, 27.780, 0.000, 3.326
4.050, 0, Ego, -476.512, -163.063, 0.000, 3.892, 0.000, 0.000, 27.780, 0.000, 1.012
4.050, 1, NPC, -527.730, -210.777, 0.000, 3.892, 0.000, 0.000, 27.780, 0.000, 1.012
4.100, 0, Ego, -477.528, -164.010, 0.000, 3.892, 0.000, 0.000, 27.780, 0.000, 4.980
4.100, 1, NPC, -528.746, -211.724, 0.000, 3.892, 0.000, 0.000, 27.780, 0.000, 4.980
4.150, 0, Ego, -478.544, -164.956, 0.000, 3.892, 0.000, 0.000, 27.780, 0.000, 2.666
4.150, 1, NPC, -529.763, -212.671, 0.000, 3.892, 0.000, 0.000, 27.780, 0.000, 2.666
4.200, 0, Ego, -479.561, -165.903, 0.000, 3.892, 0.000, 0.000, 27.780, 0.000, 0.351
4.200, 1, NPC, -530.779, -213.618, 0.000, 3.892, 0.000, 0.000, 27.780, 0.000, 0.351
4.250, 0, Ego, -480.577, -166.850, 0.000, 3.892, 0.000, 0.000, 27.780, 0.000, 4.320
4.250, 1, NPC, -531.795, -214.565, 0.000, 3.892, 0.000, 0.000, 27.780, 0.000, 4.320
4.300, 0, Ego, -481.593, -167.797, 0.000, 3.892, 0.000, 0.000, 27.780, 0.000, 2.005
4.300, 1, NPC, -532.812, -215.511, 0.000, 3.892, 0.000, 0.000, 27.780, 0.000, 2.005
4.350, 0, Ego, -482.610, -168.744, 0.000, 3.892, 0.000, 0.000, 27.780, 0.000, 5.974
4.350, 1, NPC, -533.828, -216.458, 0.000, 3.892, 0.000, 0.000, 27.780, 0.000, 5.974
4.400, 0, Ego, -483.626, -169.690, 0.000, 3.892, 0.000, 0.000, 27.780, 0.000, 3.659
4.400, 1, NPC, -534.844, -217.405, 0.000, 3.892, 0.000, 0.000, 27.780, 0.000, 3.659
4.450, 0, Ego, -484.642, -170.637, 0.000, 3.892, 0.000, 0.000, 27.780, 0.000, 1.344
4.450, 1, NPC, -535.861, -218.352, 0.000, 3.892, 0.000, 0.000, 27.780, 0.000, 1.344
4.500, 0, Ego, -485.659, -171.584, 0.000, 3.892, 0.000, 0.000, 27.780, 0.000, 5.313
4.500, 1, NPC, -536.877, -219.299, 0.000, 3.892, 0.000, 0.000, 27.780, 0.000, 5.313
4.550, 0, Ego, -486.675, -172.531, 0.000, 3.892, 0.000, 0.000, 27.780, 0.000, 2.998
4.550, 1, NPC, -537.893, -220.245, 0.000, 3.892, 0.000, 0.000, 27.780, 0.000, 2.998
4.600, 0, Ego, -487.691, -173.478, 0.000, 3.892, 0.000, 0.000, 27.780, 0.000, 0.684
4.600, 1, NPC, -538.910, -221.192, 0.000, 3.892, 0.000, 0.000, 27.780, 0.000, 0.684
4.650, 0, Ego, -488.708, -174.424, 0.000, 3.892, 0.000, 0.000, 27.780, 0.000, 4.652
4.650, 1, NPC, -539.926, -222.139, 0.000, 3.892, 0.000, 0.000, 27.780, 0.000, 4.652
4.700, 0, Ego, -489.724, -175.371, 0.000, 3.892, 0.000, 0.000, 27.780, 0.000, 2.338
4.700, 1, NPC, -540.942, -223.086, 0.000, 3.892, 0.000, 0.000, 27.780, 0.000, 2.338
4.750, 0, Ego, -490.740, -176.318, 0.000, 3.892, 0.000, 0.000, 27.780, 0.000, 0.023
4.750, 1, NPC, -541.958, -224.033, 0.000, 3.892, 0.000, 0.000, 27.780, 0.000, 0.023
4.800, 0, Ego, -491.757, -177.265, 0.000, 3.892, 0.000, 0.000, 27.780, 0.000, 3.992
4.800, 1, NPC, -542.975, -224.979, 0.000, 3.892, 0.000, 0.000, 27.780, 0.000, 3.992
4.850, 0, Ego, -492.773, -178.211, 0.000, 3.892, 0.000, 0.000, 27.780, 0.000, 1.677
4.850, 1, NPC, -543.991, -225.926, 0.000, 3.892, 0.000, 0.000, 27.780, 0.000, 1.677
4.900, 0, Ego, -493.789, -179.158, 0.000, 3.892, 0.000, 0.000, 27.780, 0.000, 5.646
4.900, 1, NPC, -545.007, -226.873, 0.000, 3.892, 0.000, 0.000, 27.780, 0.000, 5.646
4.950, 0, Ego, -494.806, -180.105, 0.000, 3.892, 0.000, 0.000, 27.780, 0.000, 3.331
4.950, 1, NPC, -546.024, -227.820, 0.000, 3.892, 0.000, 0.000, 27.780, 0.000, 3.331
5.000, 0, Ego, -495.822, -181.052, 0.000, 3.892, 0.000, 0.000, 27.780, 0.000, 1.016
5.000, 1, NPC, -547.040, -228.767, 0.000, 3.892, 0.000, 0.000, 27.780, 0.000, 1.016
5.050, 0, Ego, -496.838, -181.999, 0.000, 3.892, 0.000, 0.000, 27.780, 0.000, 4.985
5.050, 1, NPC, -548.056, -229.713, 0.000, 3.892, 0.000, 0.000, 27.780, 0.000, 4.985
5.100, 0, Ego, -497.854, -182.945, 0.000, 3.892, 0.000, 0.000, 27.780, 0.000, 2.670
5.100, 1, NPC, -549.064, -230.652, 0.000, 3.892, 0.000, 0.000, 27.530, 0.000, 2.635
5.150, 0, Ego, -498.871, -183.892, 0.000, 3.892, 0.000, 0.000, 27.780, 0.000, 0.356
5.150, 1, NPC, -550.062, -231.581, 0.000, 3.892, 0.000, 0.000, 27.280, 0.000, 0.249
5.200, 0, Ego, -499.887, -184.839, 0.000, 3.892, 0.000, 0.000, 27.780, 0.000, 4.324
5.200, 1, NPC, -551.050, -232.503, 0.000, 3.892, 0.000, 0.000, 27.030, 0.000, 4.110
5.250, 0, Ego, -500.903, -185.786, 0.000, 3.892, 0.000, 0.000, 27.780, 0.000, 2.010
5.250, 1, NPC, -552.030, -233.415, 0.000, 3.892, 0.000, 0.000, 26.780, 0.000, 1.653
5.300, 0, Ego, -501.920, -186.733, 0.000, 3.892, 0.000, 0.000, 27.780, 0.000, 5.978
5.300, 1, NPC, -553.001, -234.320, 0.000, 3.892, 0.000, 0.000, 26.530, 0.000, 5.443
5.350, 0, Ego, -502.936, -187.679, 0.000, 3.892, 0.000, 0.000, 27.780, 0.000, 3.664
5.350, 1, NPC, -553.962, -235.215, 0.000, 3.892, 0.000, 0.000, 26.280, 0.000, 2.914
5.400, 0, Ego, -503.952, -188.626, 0.000, 3.892, 0.000, 0.000, 27.780, 0.000, 1.349
5.400, 1, NPC, -554.914, -236.102, 0.000, 3.892, 0.000, 0.000, 26.030, 0.000, 0.349
5.450, 0, Ego, -504.969, -189.573, 0.000, 3.892, 0.000, 0.000, 27.780, 0.000, 5.318
5.450, 1, NPC, -555.858, -236.981, 0.000, 3.892, 0.000, 0.000, 25.780, 0.000, 4.032
5.500, 0, Ego, -505.985, -190.520, 0.000, 3.892, 0.000, 0.000, 27.780, 0.000, 3.003
5.500, 1, NPC, -556.792, -237.851, 0.000, 3.892, 0.000, 0.000, 25.530, 0.000, 1.396
5.550, 0, Ego, -507.001, -191.467, 0.000, 3.892, 0.000, 0.000, 27.780, 0.000, 0.688
5.550, 1, NPC, -557.716, -238.713, 0.000, 3.892, 0.000, 0.000, 25.280, 0.000, 5.007
5.600, 0, Ego, -508.018, -192.413, 0.000, 3.892, 0.000, 0.000, 27.780, 0.000, 4.657
5.600, 1, NPC, -558.632, -239.566, 0.000, 3.892, 0.000, 0.000, 25.030, 0.000, 2.300
5.650, 0, Ego, -509.034, -193.360, 0.000, 3.892, 0.000, 0.000, 27.780, 0.000, 2.342
5.650, 1, NPC, -559.539, -240.410, 0.000, 3.892, 0.000, 0.000, 24.780, 0.000, 5.840
5.700, 0, Ego, -510.050, -194.307, 0.000, 3.892, 0.000, 0.000, 27.780, 0.000, 0.028
5.700, 1, NPC, -560.436, -241.246, 0.000, 3.892, 0.000, 0.000, 24.530, 0.000, 3.061
5.750, 0, Ego, -511.067, -195.254, 0.000, 3.892, 0.000, 0.000, 27.780, 0.000, 3.996
5.750, 1, NPC, -561.324, -242.074, 0.000, 3.892, 0.000, 0.000, 24.280, 0.000, 0.246
5.800, 0, Ego, -512.083, -196.201, 0.000, 3.892, 0.000, 0.000, 27.780, 0.000, 1.682
5.800, 1, NPC, -562.204, -242.893, 0.000, 3.892, 0.000, 0.000, 24.030, 0.000, 3.679
5.850, 0, Ego, -513.099, -197.147, 0.000, 3.892, 0.000, 0.000, 27.780, 0.000, 5.650
5.850, 1, NPC, -563.074, -243.703, 0.000, 3.892, 0.000, 0.000, 23.780, 0.000, 0.793
5.900, 0, Ego, -514.116, -198.094, 0.000, 3.892, 0.000, 0.000, 27.780, 0.000, 3.336
5.900, 1, NPC, -563.934, -244.505, 0.000, 3.892, 0.000, 0.000, 23.530, 0.000, 4.155
5.950, 0, Ego, -515.132, -199.041, 0.000, 3.892, 0.000, 0.000, 27.780, 0.000, 1.021
5.950, 1, NPC, -564.786, -245.299, 0.000, 3.892, 0.000, 0.000, 23.280, 0.000, 1.197
6.000, 0, Ego, -516.148, -199.988, 0.000, 3.892, 0.000, 0.000, 27.780, 0.000, 4.990
6.000, 1, NPC, -565.629, -246.084, 0.000, 3.892, 0.000, 0.000, 23.030, 0.000, 4.487
6.050, 0, Ego, -517.164, -200.935, 0.000, 3.892, 0.000, 0.000, 27.780, 0.000, 2.675
6.050, 1, NPC, -566.462, -246.860, 0.000, 3.892, 0.000, 0.000, 22.780, 0.000, 1.458
6.100, 0, Ego, -518.181, -201.881, 0.000, 3.892, 0.000, 0.000, 27.780, 0.000, 0.360
6.100, 1, NPC, -567.286, -247.628, 0.000, 3.892, 0.000, 0.000, 22.530, 0.000, 4.677
6.150, 0, Ego, -519.197, -202.828, 0.000, 3.892, 0.000, 0.000, 27.780, 0.000, 4.329
6.150, 1, NPC, -568.101, -248.387, 0.000, 3.892, 0.000, 0.000, 22.280, 0.000, 1.576
6.200, 0, Ego, -520.213, -203.775, 0.000, 3.892, 0.000, 0.000, 27.780, 0.000, 2.014
6.200, 1, NPC, -568.907, -249.138, 0.000, 3.892, 0.000, 0.000, 22.030, 0.000, 4.724
6.250, 0, Ego, -521.230, -204.722, 0.000, 3.892, 0.000, 0.000, 27.780, 0.000, 5.983
6.250, 1, NPC, -569.704, -249.880, 0.000, 3.892, 0.000, 0.000, 21.780, 0.000, 1.552
6.300, 0, Ego, -522.246, -205.669, 0.000, 3.892, 0.000, 0.000, 27.780, 0.000, 3.668
6.300, 1, NPC, -570.492, -250.614, 0.000, 3.892, 0.000, 0.000, 21.530, 0.000, 4.628
6.350, 0, Ego, -523.262, -206.615, 0.000, 3.892, 0.000, 0.000, 27.780, 0.000, 1.354
6.350, 1, NPC, -571.270, -251.339, 0.000, 3.892, 0.000, 0.000, 21.280, 0.000, 1.384
6.400, 0, Ego, -524.279, -207.562, 0.000, 3.892, 0.000, 0.000, 27.780, 0.000, 5.322
6.400, 1, NPC, -572.040, -252.056, 0.000, 3.892, 0.000, 0.000, 21.030, 0.000, 4.389
6.450, 0, Ego, -525.295, -208.509, 0.000, 3.892, 0.000, 0.000, 27.780, 0.000, 3.008
6.450, 1, NPC, -572.800, -252.764, 0.000, 3.892, 0.000, 0.000, 20.780, 0.000, 1.074
6.500, 0, Ego, -526.311, -209.456, 0.000, 3.892, 0.000, 0.000, 27.780, 0.000, 0.693
6.500, 1, NPC, -573.551, -253.464, 0.000, 3.892, 0.000, 0.000, 20.530, 0.000, 4.007
6.550, 0, Ego, -527.328, -210.403, 0.000, 3.892, 0.000, 0.000, 27.780, 0.000, 4.662
6.550, 1, NPC, -574.293, -254.155, 0.000, 3.892, 0.000, 0.000, 20.280, 0.000, 0.621
6.600, 0, Ego, -528.344, -211.349, 0.000, 3.892, 0.000, 0.000, 27.780, 0.000, 2.347
6.600, 1, NPC, -575.026, -254.838, 0.000, 3.892, 0.000, 0.000, 20.030, 0.000, 3.482
6.650, 0, Ego, -529.360, -212.296, 0.000, 3.892, 0.000, 0.000, 27.780, 0.000, 0.032
6.650, 1, NPC, -575.749, -255.512, 0.000, 3.892, 0.000, 0.000, 19.780, 0.000, 0.025
6.700, 0, Ego, -530.377, -213.243, 0.000, 3.892, 0.000, 0.000, 27.780, 0.000, 4.001
6.700, 1, NPC, -576.464, -256.178, 0.000, 3.892, 0.000, 0.000, 19.530, 0.000, 2.815
6.750, 0, Ego, -531.393, -214.190, 0.000, 3.892, 0.000, 0.000, 27.780, 0.000, 1.686
6.750, 1, NPC, -577.169, -256.835, 0.000, 3.892, 0.000, 0.000, 19.280, 0.000, 5.569
6.800, 0, Ego, -532.409, -215.137, 0.000, 3.892, 0.000, 0.000, 27.780, 0.000, 5.655
6.800, 1, NPC, -577.865, -257.483, 0.000, 3.892, 0.000, 0.000, 19.030, 0.000, 2.005
6.850, 0, Ego, -533.426, -216.083, 0.000, 3.892, 0.000, 0.000, 27.780, 0.000, 3.340
6.850, 1, NPC, -578.552, -258.123, 0.000, 3.892, 0.000, 0.000, 18.780, 0.000, 4.687
6.900, 0, Ego, -534.442, -217.030, 0.000, 3.892, 0.000, 0.000, 27.780, 0.000, 1.026
6.900, 1, NPC, -579.230, -258.755, 0.000, 3.892, 0.000, 0.000, 18.530, 0.000, 1.051
6.950, 0, Ego, -535.458, -217.977, 0.000, 3.892, 0.000, 0.000, 27.780, 0.000, 4.994
6.950, 1, NPC, -579.899, -259.378, 0.000, 3.892, 0.000, 0.000, 18.280, 0.000, 3.663
7.000, 0, Ego, -536.474, -218.924, 0.000, 3.892, 0.000, 0.000, 27.780, 0.000, 2.680
7.000, 1, NPC, -580.559, -259.992, 0.000, 3.892, 0.000, 0.000, 18.030, 0.000, 6.238
7.050, 0, Ego, -537.491, -219.871, 0.000, 3.892, 0.000, 0.000, 27.780, 0.000, 0.365
7.050, 1, NPC, -581.209, -260.598, 0.000, 3.892, 0.000, 0.000, 17.780, 0.000, 2.495
7.100, 0, Ego, -538.507, -220.817, 0.000, 3.892, 0.000, 0.000, 27.780, 0.000, 4.334
7.100, 1, NPC, -581.851, -261.196, 0.000, 3.892, 0.000, 0.000, 17.530, 0.000, 5.000
7.150, 0, Ego, -539.523, -221.764, 0.000, 3.892, 0.000, 0.000, 27.780, 0.000, 2.019
7.150, 1, NPC, -582.483, -261.785, 0.000, 3.892, 0.000, 0.000, 17.280, 0.000, 1.185
7.200, 0, Ego, -540.540, -222.711, 0.000, 3.892, 0.000, 0.000, 27.780, 0.000, 5.988
7.200, 1, NPC, -583.106, -262.365, 0.000, 3.892, 0.000, 0.000, 17.030, 0.000, 3.618
7.250, 0, Ego, -541.556, -223.658, 0.000, 3.892, 0.000, 0.000, 27.780, 0.000, 3.673
7.250, 1, NPC, -583.720, -262.937, 0.000, 3.892, 0.000, 0.000, 16.780, 0.000, 6.015
7.300, 0, Ego, -542.572, -224.604, 0.000, 3.892, 0.000, 0.000, 27.780, 0.000, 1.358
7.300, 1, NPC, -584.324, -263.501, 0.000, 3.892, 0.000, 0.000, 16.530, 0.000, 2.093
7.350, 0, Ego, -543.589, -225.551, 0.000, 3.892, 0.000, 0.000, 27.780, 0.000, 5.327
7.350, 1, NPC, -584.920, -264.055, 0.000, 3.892, 0.000, 0.000, 16.280, 0.000, 4.419
7.400, 0, Ego, -544.605, -226.498, 0.000, 3.892, 0.000, 0.000, 27.780, 0.000, 3.012
7.400, 1, NPC, -585.506, -264.602, 0.000, 3.892, 0.000, 0.000, 16.030, 0.000, 0.426
7.450, 0, Ego, -545.621, -227.445, 0.000, 3.892, 0.000, 0.000, 27.780, 0.000, 0.698
7.450, 1, NPC, -586.084, -265.139, 0.000, 3.892, 0.000, 0.000, 15.780, 0.000, 2.680
7.500, 0, Ego, -546.638, -228.392, 0.000, 3.892, 0.000, 0.000, 27.780, 0.000, 4.666
7.500, 1, NPC, -586.652, -265.669, 0.000, 3.892, 0.000, 0.000, 15.530, 0.000, 4.899
7.550, 0, Ego, -547.654, -229.338, 0.000, 3.892, 0.000, 0.000, 27.780, 0.000, 2.352
7.550, 1, NPC, -587.211, -266.190, 0.000, 3.892, 0.000, 0.000, 15.280, 0.000, 0.798
7.600, 0, Ego, -548.670, -230.285, 0.000, 3.892, 0.000, 0.000, 27.780, 0.000, 0.037
7.600, 1, NPC, -587.761, -266.702, 0.000, 3.892, 0.000, 0.000, 15.030, 0.000, 2.945
7.650, 0, Ego, -549.687, -231.232, 0.000, 3.892, 0.000, 0.000, 27.780, 0.000, 4.006
7.650, 1, NPC, -588.301, -267.206, 0.000, 3.892, 0.000, 0.000, 14.780, 0.000, 5.057
7.700, 0, Ego, -550.703, -232.179, 0.000, 3.892, 0.000, 0.000, 27.780, 0.000, 1.691
7.700, 1, NPC, -588.833, -267.701, 0.000, 3.892, 0.000, 0.000, 14.530, 0.000, 0.849
7.750, 0, Ego, -551.719, -233.126, 0.000, 3.892, 0.000, 0.000, 27.780, 0.000, 5.660
7.750, 1, NPC, -589.355, -268.187, 0.000, 3.892, 0.000, 0.000, 14.280, 0.000, 2.889
7.800, 0, Ego, -552.736, -234.072, 0.000, 3.892, 0.000, 0.000, 27.780, 0.000, 3.345
7.800, 1, NPC, -589.869, -268.666, 0.000, 3.892, 0.000, 0.000, 14.030, 0.000, 4.894
7.850, 0, Ego, -553.752, -235.019, 0.000, 3.892, 0.000, 0.000, 27.780, 0.000, 1.030
7.850, 1, NPC, -590.373, -269.135, 0.000, 3.892, 0.000, 0.000, 13.780, 0.000, 0.579
7.900, 0, Ego, -554.768, -235.966, 0.000, 3.892, 0.000, 0.000, 27.780, 0.000, 4.999
7.900, 1, NPC, -590.868, -269.596, 0.000, 3.892, 0.000, 0.000, 13.530, 0.000, 2.512
7.950, 0, Ego, -555.784, -236.913, 0.000, 3.892, 0.000, 0.000, 27.780, 0.000, 2.684
7.950, 1, NPC, -591.354, -270.049, 0.000, 3.892, 0.000, 0.000, 13.280, 0.000, 4.409
8.000, 0, Ego, -556.801, -237.860, 0.000, 3.892, 0.000, 0.000, 27.780, 0.000, 0.370
8.000, 1, NPC, -591.830, -270.493, 0.000, 3.892, 0.000, 0.000, 13.030, 0.000, 6.270
8.050, 0, Ego, -557.817, -238.806, 0.000, 3.892, 0.000, 0.000, 27.780, 0.000, 4.338
8.050, 1, NPC, -592.298, -270.929, 0.000, 3.892, 0.000, 0.000, 12.780, 0.000, 1.813
8.100, 0, Ego, -558.833, -239.753, 0.000, 3.892, 0.000, 0.000, 27.780, 0.000, 2.024
8.100, 1, NPC, -592.756, -271.356, 0.000, 3.892, 0.000, 0.000, 12.530, 0.000, 3.603
8.150, 0, Ego, -559.850, -240.700, 0.000, 3.892, 0.000, 0.000, 27.780, 0.000, 5.992
8.150, 1, NPC, -593.206, -271.774, 0.000, 3.892, 0.000, 0.000, 12.280, 0.000, 5.357
8.200, 0, Ego, -560.866, -241.647, 0.000, 3.892, 0.000, 0.000, 27.780, 0.000, 3.678
8.200, 1, NPC, -593.646, -272.184, 0.000, 3.892, 0.000, 0.000, 12.030, 0.000, 0.793
8.250, 0, Ego, -561.875, -242.587, 0.000, 3.892, 0.000, 0.000, 27.580, 0.000, 1.334
8.250, 1, NPC, -594.077, -272.586, 0.000, 3.892, 0.000, 0.000, 11.780, 0.000, 2.476
8.300, 0, Ego, -562.877, -243.520, 0.000, 3.892, 0.000, 0.000, 27.380, 0.000, 5.246
8.300, 1, NPC, -594.499, -272.979, 0.000, 3.892, 0.000, 0.000, 11.530, 0.000, 4.123
8.350, 0, Ego, -563.871, -244.446, 0.000, 3.892, 0.000, 0.000, 27.180, 0.000, 2.846
8.350, 1, NPC, -594.911, -273.363, 0.000, 3.892, 0.000, 0.000, 11.280, 0.000, 5.734
8.400, 0, Ego, -564.858, -245.366, 0.000, 3.892, 0.000, 0.000, 26.980, 0.000, 0.417
8.400, 1, NPC, -595.315, -273.739, 0.000, 3.892, 0.000, 0.000, 11.030, 0.000, 1.027
8.450, 0, Ego, -565.838, -246.279, 0.000, 3.892, 0.000, 0.000, 26.780, 0.000, 4.242
8.450, 1, NPC, -595.709, -274.106, 0.000, 3.892, 0.000, 0.000, 10.780, 0.000, 2.567
8.500, 0, Ego, -566.810, -247.184, 0.000, 3.892, 0.000, 0.000, 26.580, 0.000, 1.756
8.500, 1, NPC, -596.094, -274.465, 0.000, 3.892, 0.000, 0.000, 10.530, 0.000, 4.071
8.550, 0, Ego, -567.775, -248.084, 0.000, 3.892, 0.000, 0.000, 26.380, 0.000, 5.525
8.550, 1, NPC, -596.470, -274.816, 0.000, 3.892, 0.000, 0.000, 10.280, 0.000, 5.539
8.600, 0, Ego, -568.733, -248.976, 0.000, 3.892, 0.000, 0.000, 26.180, 0.000, 2.982
8.600, 1, NPC, -596.837, -275.158, 0.000, 3.892, 0.000, 0.000, 10.030, 0.000, 0.689
8.650, 0, Ego, -569.684, -249.861, 0.000, 3.892, 0.000, 0.000, 25.980, 0.000, 0.410
8.650, 1, NPC, -597.195, -275.491, 0.000, 3.892, 0.000, 0.000, 9.780, 0.000, 2.086
8.700, 0, Ego, -570.627, -250.740, 0.000, 3.892, 0.000, 0.000, 25.780, 0.000, 4.093
8.700, 1, NPC, -597.544, -275.816, 0.000, 3.892, 0.000, 0.000, 9.530, 0.000, 3.448
8.750, 0, Ego, -571.563, -251.612, 0.000, 3.892, 0.000, 0.000, 25.580, 0.000, 1.464
8.750, 1, NPC, -597.883, -276.132, 0.000, 3.892, 0.000, 0.000, 9.280, 0.000, 4.773
8.800, 0, Ego, -572.491, -252.477, 0.000, 3.892, 0.000, 0.000, 25.380, 0.000, 5.090
8.800, 1, NPC, -598.214, -276.440, 0.000, 3.892, 0.000, 0.000, 9.030, 0.000, 6.063
8.850, 0, Ego, -573.412, -253.335, 0.000, 3.892, 0.000, 0.000, 25.180, 0.000, 2.404
8.850, 1, NPC, -598.535, -276.739, 0.000, 3.892, 0.000, 0.000, 8.780, 0.000, 1.035
8.900, 0, Ego, -574.323, -254.183, 0.000, 3.892, 0.000, 0.000, 24.880, 0.000, 5.958
8.900, 1, NPC, -598.847, -277.030, 0.000, 3.892, 0.000, 0.000, 8.530, 0.000, 2.253
8.950, 0, Ego, -575.222, -255.021, 0.000, 3.892, 0.000, 0.000, 24.580, 0.000, 3.186
8.950, 1, NPC, -599.150, -277.312, 0.000, 3.892, 0.000, 0.000, 8.280, 0.000, 3.436
9.000, 0, Ego, -576.110, -255.848, 0.000, 3.892, 0.000, 0.000, 24.280, 0.000, 0.371
9.000, 1, NPC, -599.444, -277.586, 0.000, 3.892, 0.000, 0.000, 8.030, 0.000, 4.583
9.050, 0, Ego, -576.987, -256.665, 0.000, 3.892, 0.000, 0.000, 23.980, 0.000, 3.797
9.050, 1, NPC, -599.728, -277.851, 0.000, 3.892, 0.000, 0.000, 7.780, 0.000, 5.695
9.100, 0, Ego, -577.854, -257.472, 0.000, 3.892, 0.000, 0.000, 23.680, 0.000, 0.897
9.100, 1, NPC, -600.004, -278.107, 0.000, 3.892, 0.000, 0.000, 7.530, 0.000, 0.487
9.150, 0, Ego, -578.709, -258.269, 0.000, 3.892, 0.000, 0.000, 23.380, 0.000, 4.237
9.150, 1, NPC, -600.270, -278.355, 0.000, 3.892, 0.000, 0.000, 7.280, 0.000, 1.527
9.200, 0, Ego, -579.553, -259.056, 0.000, 3.892, 0.000, 0.000, 23.080, 0.000, 1.251
9.200, 1, NPC, -600.527, -278.595, 0.000, 3.892, 0.000, 0.000, 7.030, 0.000, 2.531
9.250, 0, Ego, -580.387, -259.832, 0.000, 3.892, 0.000, 0.000, 22.780, 0.000, 4.505
9.250, 1, NPC, -600.775, -278.826, 0.000, 3.892, 0.000, 0.000, 6.780, 0.000, 3.500
9.300, 0, Ego, -581.209, -260.598, 0.000, 3.892, 0.000, 0.000, 22.480, 0.000, 1.433
9.300, 1, NPC, -601.014, -279.049, 0.000, 3.892, 0.000, 0.000, 6.530, 0.000, 4.433
9.350, 0, Ego, -582.021, -261.354, 0.000, 3.892, 0.000, 0.000, 22.180, 0.000, 4.602
9.350, 1, NPC, -601.244, -279.263, 0.000, 3.892, 0.000, 0.000, 6.280, 0.000, 5.330
9.400, 0, Ego, -582.821, -262.100, 0.000, 3.892, 0.000, 0.000, 21.880, 0.000, 1.444
9.400, 1, NPC, -601.465, -279.468, 0.000, 3.892, 0.000, 0.000, 6.030, 0.000, 6.191
9.450, 0, Ego, -583.611, -262.836, 0.000, 3.892, 0.000, 0.000, 21.580, 0.000, 4.527
9.450, 1, NPC, -601.676, -279.665, 0.000, 3.892, 0.000, 0.000, 5.780, 0.000, 0.734
9.500, 0, Ego, -584.389, -263.561, 0.000, 3.892, 0.000, 0.000, 21.280, 0.000, 1.284
9.500, 1, NPC, -601.878, -279.854, 0.000, 3.892, 0.000, 0.000, 5.530, 0.000, 1.524
9.550, 0, Ego, -585.157, -264.276, 0.000, 3.892, 0.000, 0.000, 20.980, 0.000, 4.281
9.550, 1, NPC, -602.071, -280.034, 0.000, 3.892, 0.000, 0.000, 5.280, 0.000, 2.278
9.600, 0, Ego, -585.913, -264.981, 0.000, 3.892, 0.000, 0.000, 20.680, 0.000, 0.952
9.600, 1, NPC, -602.255, -280.205, 0.000, 3.892, 0.000, 0.000, 5.030, 0.000, 2.997
9.650, 0, Ego, -586.659, -265.675, 0.000, 3.892, 0.000, 0.000, 20.380, 0.000, 3.864
9.650, 1, NPC, -602.430, -280.368, 0.000, 3.892, 0.000, 0.000, 4.780, 0.000, 3.680
9.700, 0, Ego, -587.393, -266.360, 0.000, 3.892, 0.000, 0.000, 20.080, 0.000, 0.449
9.700, 1, NPC, -602.596, -280.522, 0.000, 3.892, 0.000, 0.000, 4.530, 0.000, 4.327
9.750, 0, Ego, -588.117, -267.034, 0.000, 3.892, 0.000, 0.000, 19.780, 0.000, 3.275
9.750, 1, NPC, -602.753, -280.668, 0.000, 3.892, 0.000, 0.000, 4.280, 0.000, 4.938
9.800, 0, Ego, -588.830, -267.698, 0.000, 3.892, 0.000, 0.000, 19.480, 0.000, 6.058
9.800, 1, NPC, -602.900, -280.806, 0.000, 3.892, 0.000, 0.000, 4.030, 0.000, 5.514
9.850, 0, Ego, -589.531, -268.351, 0.000, 3.892, 0.000, 0.000, 19.180, 0.000, 2.515
9.850, 1, NPC, -603.038, -280.934, 0.000, 3.892, 0.000, 0.000, 3.780, 0.000, 6.054
9.900, 0, Ego, -590.222, -268.995, 0.000, 3.892, 0.000, 0.000, 18.880, 0.000, 5.212
9.900, 1, NPC, -603.168, -281.055, 0.000, 3.892, 0.000, 0.000, 3.530, 0.000, 0.275
9.950, 0, Ego, -590.902, -269.628, 0.000, 3.892, 0.000, 0.000, 18.580, 0.000, 1.583
9.950, 1, NPC, -603.288, -281.167, 0.000, 3.892, 0.000, 0.000, 3.280, 0.000, 0.744
10.000, 0, Ego, -591.571, -270.251, 0.000, 3.892, 0.000, 0.000, 18.280, 0.000, 4.194
10.000, 1, NPC, -603.398, -281.270, 0.000, 3.892, 0.000, 0.000, 3.030, 0.000, 1.176
10.050, 0, Ego, -592.228, -270.864, 0.000, 3.892, 0.000, 0.000, 17.980, 0.000, 0.480
10.050, 1, NPC, -603.500, -281.365, 0.000, 3.892, 0.000, 0.000, 2.780, 0.000, 1.574
10.100, 0, Ego, -592.875, -271.466, 0.000, 3.892, 0.000, 0.000, 17.680, 0.000, 3.005
10.100, 1, NPC, -603.593, -281.451, 0.000, 3.892, 0.000, 0.000, 2.530, 0.000, 1.935
10.150, 0, Ego, -593.511, -272.059, 0.000, 3.892, 0.000, 0.000, 17.380, 0.000, 5.488
10.150, 1, NPC, -603.676, -281.529, 0.000, 3.892, 0.000, 0.000, 2.280, 0.000, 2.261
10.200, 0, Ego, -594.136, -272.641, 0.000, 3.892, 0.000, 0.000, 17.080, 0.000, 1.645
10.200, 1, NPC, -603.750, -281.598, 0.000, 3.892, 0.000, 0.000, 2.030, 0.000, 2.551
10.250, 0, Ego, -594.750, -273.213, 0.000, 3.892, 0.000, 0.000, 16.780, 0.000, 4.042
10.250, 1, NPC, -603.815, -281.658, 0.000, 3.892, 0.000, 0.000, 1.780, 0.000, 2.805
10.300, 0, Ego, -595.353, -273.775, 0.000, 3.892, 0.000, 0.000, 16.480, 0.000, 0.113
10.300, 1, NPC, -603.871, -281.710, 0.000, 3.892, 0.000, 0.000, 1.530, 0.000, 3.024
10.350, 0, Ego, -595.945, -274.326, 0.000, 3.892, 0.000, 0.000, 16.180, 0.000, 2.425
10.350, 1, NPC, -603.918, -281.754, 0.000, 3.892, 0.000, 0.000, 1.280, 0.000, 3.206
10.400, 0, Ego, -596.526, -274.867, 0.000, 3.892, 0.000, 0.000, 15.880, 0.000, 4.693
10.400, 1, NPC, -603.956, -281.789, 0.000, 3.892, 0.000, 0.000, 1.030, 0.000, 3.354
10.450, 0, Ego, -597.096, -275.398, 0.000, 3.892, 0.000, 0.000, 15.580, 0.000, 0.636
10.450, 1, NPC, -603.984, -281.816, 0.000, 3.892, 0.000, 0.000, 0.780, 0.000, 3.465
10.500, 0, Ego, -597.655, -275.919, 0.000, 3.892, 0.000, 0.000, 15.280, 0.000, 2.819
10.500, 1, NPC, -604.004, -281.834, 0.000, 3.892, 0.000, 0.000, 0.530, 0.000, 3.541
10.550, 0, Ego, -598.203, -276.430, 0.000, 3.892, 0.000, 0.000, 14.980, 0.000, 4.959
10.550, 1, NPC, -604.014, -281.843, 0.000, 3.892, 0.000, 0.000, 0.280, 0.000, 3.581
10.600, 0, Ego, -598.740, -276.930, 0.000, 3.892, 0.000, 0.000, 14.680, 0.000, 0.773
10.600, 1, NPC, -604.015, -281.844, 0.000, 3.892, 0.000, 0.000, 0.030, 0.000, 3.585
10.650, 0, Ego, -599.266, -277.420, 0.000, 3.892, 0.000, 0.000, 14.380, 0.000, 2.827
10.650, 1, NPC, -604.015, -281.844, 0.000, 3.892, 0.000, 0.000, 0.000, 0.000, 3.585
10.700, 0, Ego, -599.781, -277.900, 0.000, 3.892, 0.000, 0.000, 14.080, 0.000, 4.838
10.700, 1, NPC, -604.015, -281.844, 0.000, 3.892, 0.000, 0.000, 0.000, 0.000, 3.585
10.750, 0, Ego, -600.285, -278.369, 0.000, 3.892, 0.000, 0.000, 13.780, 0.000, 0.524
10.750, 1, NPC, -604.015, -281.844, 0.000, 3.892, 0.000, 0.000, 0.000, 0.000, 3.585
10.800, 0, Ego, -600.778, -278.829, 0.000, 3.892, 0.000, 0.000, 13.480, 0.000, 2.449
10.800, 1, NPC, -604.015, -281.844, 0.000, 3.892, 0.000, 0.000, 0.000, 0.000, 3.585
10.850, 0, Ego, -601.271, -279.288, 0.000, 3.892, 0.000, 0.000, 13.480, 0.000, 4.375
10.850, 1, NPC, -604.015, -281.844, 0.000, 3.892, 0.000, 0.000, 0.000, 0.000, 3.585
10.900, 0, Ego, -601.765, -279.748, 0.000, 3.892, 0.000, 0.000, 13.480, 0.000, 0.018
10.900, 1, NPC, -604.015, -281.844, 0.000, 3.892, 0.000, 0.000, 0.000, 0.000, 3.585
10.950, 0, Ego, -602.258, -280.207, 0.000, 3.892, 0.000, 0.000, 13.480, 0.000, 1.943
10.950, 1, NPC, -604.015, -281.844, 0.000, 3.892, 0.000, 0.000, 0.000, 0.000, 3.585
11.000, 0, Ego, -602.751, -280.667, 0.000, 3.892, 0.000, 0.000, 13.480, 0.000, 3.869
11.000, 1, NPC, -604.015, -281.844, 0.000, 3.892, 0.000, 0.000, 0.000, 0.000, 3.585
11.050, 0, Ego, -603.244, -281.126, 0.000, 3.892, 0.000, 0.000, 13.480, 0.000, 5.795
11.050, 1, NPC, -604.015, -281.844, 0.000, 3.892, 0.000, 0.000, 0.000, 0.000, 3.585
11.100, 0, Ego, -603.737, -281.585, 0.000, 3.892, 0.000, 0.000, 13.480, 0.000, 1.437
11.100, 1, NPC, -604.015, -281.844, 0.000, 3.892, 0.000, 0.000, 0.000, 0.000, 3.585
11.150, 0, Ego, -604.230, -282.045, 0.000, 3.892, 0.000, 0.000, 13.480, 0.000, 3.363
11.150, 1, NPC, -604.015, -281.844, 0.000, 3.892, 0.000, 0.000, 0.000, 0.000, 3.585
11.200, 0, Ego, -604.727, -282.508, 0.000, 3.892, 0.000, 0.000, 13.580, 0.000, 5.303
11.200, 1, NPC, -604.015, -281.844, 0.000, 3.892, 0.000, 0.000, 0.000, 0.000, 3.585
11.250, 0, Ego, -605.228, -282.974, 0.000, 3.892, 0.000, 0.000, 13.680, 0.000, 0.974
11.250, 1, NPC, -604.015, -281.844, 0.000, 3.892, 0.000, 0.000, 0.000, 0.000, 3.585
11.300, 0, Ego, -605.732, -283.444, 0.000, 3.892, 0.000, 0.000, 13.780, 0.000, 2.943
11.300, 1, NPC, -604.015, -281.844, 0.000, 3.892, 0.000, 0.000, 0.000, 0.000, 3.585
11.350, 0, Ego, -606.240, -283.917, 0.000, 3.892, 0.000, 0.000, 13.880, 0.000, 4.926
11.350, 1, NPC, -604.015, -281.844, 0.000, 3.892, 0.000, 0.000, 0.000, 0.000, 3.585
11.400, 0, Ego, -606.751, -284.393, 0.000, 3.892, 0.000, 0.000, 13.980, 0.000, 0.640
11.400, 1, NPC, -604.015, -281.844, 0.000, 3.892, 0.000, 0.000, 0.000, 0.000, 3.585
11.450, 0, Ego, -607.266, -284.873, 0.000, 3.892, 0.000, 0.000, 14.080, 0.000, 2.651
11.450, 1, NPC, -604.015, -281.844, 0.000, 3.892, 0.000, 0.000, 0.000, 0.000, 3.585
11.500, 0, Ego, -607.785, -285.356, 0.000, 3.892, 0.000, 0.000, 14.180, 0.000, 4.677
11.500, 1, NPC, -604.015, -281.844, 0.000, 3.892, 0.000, 0.000, 0.000, 0.000, 3.585
11.550, 0, Ego, -608.307, -285.843, 0.000, 3.892, 0.000, 0.000, 14.280, 0.000, 0.433
11.550, 1, NPC, -604.015, -281.844, 0.000, 3.892, 0.000, 0.000, 0.000, 0.000, 3.585
11.600, 0, Ego, -608.833, -286.333, 0.000, 3.892, 0.000, 0.000, 14.380, 0.000, 2.488
11.600, 1, NPC, -604.015, -281.844, 0.000, 3.892, 0.000, 0.000, 0.000, 0.000, 3.585
11.650, 0, Ego, -609.363, -286.827, 0.000, 3.892, 0.000, 0.000, 14.480, 0.000, 4.556
11.650, 1, NPC, -604.015, -281.844, 0.000, 3.892, 0.000, 0.000, 0.000, 0.000, 3.585
11.700, 0, Ego, -609.897, -287.323, 0.000, 3.892, 0.000, 0.000, 14.580, 0.000, 0.356
11.700, 1, NPC, -604.015, -281.844, 0.000, 3.892, 0.000, 0.000, 0.000, 0.000, 3.585
11.750, 0, Ego, -610.434, -287.824, 0.000, 3.892, 0.000, 0.000, 14.680, 0.000, 2.453
11.750, 1, NPC, -604.015, -281.844, 0.000, 3.892, 0.000, 0.000, 0.000, 0.000, 3.585
11.800, 0, Ego, -610.974, -288.327, 0.000, 3.892, 0.000, 0.000, 14.780, 0.000, 4.565
11.800, 1, NPC, -604.015, -281.844, 0.000, 3.892, 0.000, 0.000, 0.000, 0.000, 3.585
11.850, 0, Ego, -611.519, -288.835, 0.000, 3.892, 0.000, 0.000, 14.880, 0.000, 0.407
11.850, 1, NPC, -604.015, -281.844, 0.000, 3.892, 0.000, 0.000, 0.000, 0.000, 3.585
11.900, 0, Ego, -612.067, -289.345, 0.000, 3.892, 0.000, 0.000, 14.980, 0.000, 2.547
11.900, 1, NPC, -604.015, -281.844, 0.000, 3.892, 0.000, 0.000, 0.000, 0.000, 3.585
11.950, 0, Ego, -612.618, -289.859, 0.000, 3.892, 0.000, 0.000, 15.080, 0.000, 4.701
11.950, 1, NPC, -604.015, -281.844, 0.000, 3.892, 0.000, 0.000, 0.000, 0.000, 3.585
12.000, 0, Ego, -613.174, -290.376, 0.000, 3.892, 0.000, 0.000, 15.180, 0.000, 0.587
12.000, 1, NPC, -604.015, -281.844, 0.000, 3.892, 0.000, 0.000, 0.000, 0.000, 3.585
12.050, 0, Ego, -613.733, -290.897, 0.000, 3.892, 0.000, 0.000, 15.280, 0.000, 2.770
12.050, 1, NPC, -604.015, -281.844, 0.000, 3.892, 0.000, 0.000, 0.000, 0.000, 3.585
12.100, 0, Ego, -614.295, -291.421, 0.000, 3.892, 0.000, 0.000, 15.380, 0.000, 4.967
12.100, 1, NPC, -604.015, -281.844, 0.000, 3.892, 0.000, 0.000, 0.000, 0.000, 3.585
12.150, 0, Ego, -614.862, -291.949, 0.000, 3.892, 0.000, 0.000, 15.480, 0.000, 0.895
12.150, 1, NPC, -604.015, -281.844, 0.000, 3.892, 0.000, 0.000, 0.000, 0.000, 3.585
12.200, 0, Ego, -615.432, -292.480, 0.000, 3.892, 0.000, 0.000, 15.580, 0.000, 3.121
12.200, 1, NPC, -604.015, -281.844, 0.000, 3.892, 0.000, 0.000, 0.000, 0.000, 3.585
12.250, 0, Ego, -616.005, -293.014, 0.000, 3.892, 0.000, 0.000, 15.680, 0.000, 5.361
12.250, 1, NPC, -604.015, -281.844, 0.000, 3.892, 0.000, 0.000, 0.000, 0.000, 3.585
12.300, 0, Ego, -616.583, -293.552, 0.000, 3.892, 0.000, 0.000, 15.780, 0.000, 1.332
12.300, 1, NPC, -604.015, -281.844, 0.000, 3.892, 0.000, 0.000, 0.000, 0.000, 3.585
12.350, 0, Ego, -617.164, -294.093, 0.000, 3.892, 0.000, 0.000, 15.880, 0.000, 3.600
12.350, 1, NPC, -604.015, -281.844, 0.000, 3.892, 0.000, 0.000, 0.000, 0.000, 3.585
12.400, 0, Ego, -617.748, -294.638, 0.000, 3.892, 0.000, 0.000, 15.980, 0.000, 5.883
12.400, 1, NPC, -604.015, -281.844, 0.000, 3.892, 0.000, 0.000, 0.000, 0.000, 3.585
12.450, 0, Ego, -618.337, -295.186, 0.000, 3.892, 0.000, 0.000, 16.080, 0.000, 1.897
12.450, 1, NPC, -604.015, -281.844, 0.000, 3.892, 0.000, 0.000, 0.000, 0.000, 3.585
12.500, 0, Ego, -618.929, -295.738, 0.000, 3.892, 0.000, 0.000, 16.180, 0.000, 4.209
12.500, 1, NPC, -604.015, -281.844, 0.000, 3.892, 0.000, 0.000, 0.000, 0.000, 3.585
12.550, 0, Ego, -619.524, -296.292, 0.000, 3.892, 0.000, 0.000, 16.280, 0.000, 0.251
12.550, 1, NPC, -604.015, -281.844, 0.000, 3.892, 0.000, 0.000, 0.000, 0.000, 3.585
12.600, 0, Ego, -620.123, -296.851, 0.000, 3.892, 0.000, 0.000, 16.380, 0.000, 2.591
12.600, 1, NPC, -604.015, -281.844, 0.000, 3.892, 0.000, 0.000, 0.000, 0.000, 3.585
12.650, 0, Ego, -620.726, -297.412, 0.000, 3.892, 0.000, 0.000, 16.480, 0.000, 4.945
12.650, 1, NPC, -604.015, -281.844, 0.000, 3.892, 0.000, 0.000, 0.000, 0.000, 3.585
12.700, 0, Ego, -621.333, -297.977, 0.000, 3.892, 0.000, 0.000, 16.580, 0.000, 1.031
12.700, 1, NPC, -604.015, -281.844, 0.000, 3.892, 0.000, 0.000, 0.000, 0.000, 3.585
12.750, 0, Ego, -621.943, -298.546, 0.000, 3.892, 0.000, 0.000, 16.680, 0.000, 3.414
12.750, 1, NPC, -604.015, -281.844, 0.000, 3.892, 0.000, 0.000, 0.000, 0.000, 3.585
12.800, 0, Ego, -622.557, -299.118, 0.000, 3.892, 0.000, 0.000, 16.780, 0.000, 5.811
12.800, 1, NPC, -604.015, -281.844, 0.000, 3.892, 0.000, 0.000, 0.000, 0.000, 3.585
12.850, 0, Ego, -623.174, -299.693, 0.000, 3.892, 0.000, 0.000, 16.880, 0.000, 1.939
12.850, 1, NPC, -604.015, -281.844, 0.000, 3.892, 0.000, 0.000, 0.000, 0.000, 3.585
12.900, 0, Ego, -623.796, -300.272, 0.000, 3.892, 0.000, 0.000, 16.980, 0.000, 4.365
12.900, 1, NPC, -604.015, -281.844, 0.000, 3.892, 0.000, 0.000, 0.000, 0.000, 3.585
12.950, 0, Ego, -624.421, -300.854, 0.000, 3.892, 0.000, 0.000, 17.080, 0.000, 0.522
12.950, 1, NPC, -604.015, -281.844, 0.000, 3.892, 0.000, 0.000, 0.000, 0.000, 3.585
13.000, 0, Ego, -625.049, -301.440, 0.000, 3.892, 0.000, 0.000, 17.180, 0.000, 2.976
13.000, 1, NPC, -604.015, -281.844, 0.000, 3.892, 0.000, 0.000, 0.000, 0.000, 3.585
13.050, 0, Ego, -625.681, -302.028, 0.000, 3.892, 0.000, 0.000, 17.280, 0.000, 5.445
13.050, 1, NPC, -604.015, -281.844, 0.000, 3.892, 0.000, 0.000, 0.000, 0.000, 3.585
13.100, 0, Ego, -626.317, -302.621, 0.000, 3.892, 0.000, 0.000, 17.380, 0.000, 1.644
13.100, 1, NPC, -604.015, -281.844, 0.000, 3.892, 0.000, 0.000, 0.000, 0.000, 3.585
13.150, 0, Ego, -626.957, -303.217, 0.000, 3.892, 0.000, 0.000, 17.480, 0.000, 4.141
13.150, 1, NPC, -604.015, -281.844, 0.000, 3.892, 0.000, 0.000, 0.000, 0.000, 3.585
13.200, 0, Ego, -627.600, -303.816, 0.000, 3.892, 0.000, 0.000, 17.580, 0.000, 0.370
13.200, 1, NPC, -604.015, -281.844, 0.000, 3.892, 0.000, 0.000, 0.000, 0.000, 3.585
13.250, 0, Ego, -628.247, -304.418, 0.000, 3.892, 0.000, 0.000, 17.680, 0.000, 2.895
13.250, 1, NPC, -604.015, -281.844, 0.000, 3.892, 0.000, 0.000, 0.000, 0.000, 3.585
13.300, 0, Ego, -628.897, -305.024, 0.000, 3.892, 0.000, 0.000, 17.780, 0.000, 5.435
13.300, 1, NPC, -604.015, -281.844, 0.000, 3.892, 0.000, 0.000, 0.000, 0.000, 3.585
13.350, 0, Ego, -629.551, -305.634, 0.000, 3.892, 0.000, 0.000, 17.880, 0.000, 1.706
13.350, 1, NPC, -604.015, -281.844, 0.000, 3.892, 0.000, 0.000, 0.000, 0.000, 3.585
13.400, 0, Ego, -630.209, -306.246, 0.000, 3.892, 0.000, 0.000, 17.980, 0.000, 4.275
13.400, 1, NPC, -604.015, -281.844, 0.000, 3.892, 0.000, 0.000, 0.000, 0.000, 3.585
13.450, 0, Ego, -630.870, -306.863, 0.000, 3.892, 0.000, 0.000, 18.080, 0.000, 0.575
13.450, 1, NPC, -604.015, -281.844, 0.000, 3.892, 0.000, 0.000, 0.000, 0.000, 3.585
13.500, 0, Ego, -631.536, -307.482, 0.000, 3.892, 0.000, 0.000, 18.180, 0.000, 3.172
13.500, 1, NPC, -604.015, -281.844, 0.000, 3.892, 0.000, 0.000, 0.000, 0.000, 3.585
13.550, 0, Ego, -632.204, -308.105, 0.000, 3.892, 0.000, 0.000, 18.280, 0.000, 5.783
13.550, 1, NPC, -604.015, -281.844, 0.000, 3.892, 0.000, 0.000, 0.000, 0.000, 3.585
13.600, 0, Ego, -632.877, -308.732, 0.000, 3.892, 0.000, 0.000, 18.380, 0.000, 2.126
13.600, 1, NPC, -604.015, -281.844, 0.000, 3.892, 0.000, 0.000, 0.000, 0.000, 3.585
13.650, 0, Ego, -633.553, -309.362, 0.000, 3.892, 0.000, 0.000, 18.480, 0.000, 4.766
13.650, 1, NPC, -604.015, -281.844, 0.000, 3.892, 0.000, 0.000, 0.000, 0.000, 3.585
13.700, 0, Ego, -634.232, -309.995, 0.000, 3.892, 0.000, 0.000, 18.580, 0.000, 1.137
13.700, 1, NPC, -604.015, -281.844, 0.000, 3.892, 0.000, 0.000, 0.000, 0.000, 3.585
13.750, 0, Ego, -634.916, -310.631, 0.000, 3.892, 0.000, 0.000, 18.680, 0.000, 3.805
13.750, 1, NPC, -604.015, -281.844, 0.000, 3.892, 0.000, 0.000, 0.000, 0.000, 3.585
13.800, 0, Ego, -635.603, -311.271, 0.000, 3.892, 0.000, 0.000, 18.780, 0.000, 0.205
13.800, 1, NPC, -604.015, -281.844, 0.000, 3.892, 0.000, 0.000, 0.000, 0.000, 3.585
13.850, 0, Ego, -636.294, -311.915, 0.000, 3.892, 0.000, 0.000, 18.880, 0.000, 2.902
13.850, 1, NPC, -604.015, -281.844, 0.000, 3.892, 0.000, 0.000, 0.000, 0.000, 3.585
13.900, 0, Ego, -636.988, -312.562, 0.000, 3.892, 0.000, 0.000, 18.980, 0.000, 5.614
13.900, 1, NPC, -604.015, -281.844, 0.000, 3.892, 0.000, 0.000, 0.000, 0.000, 3.585
13.950, 0, Ego, -637.686, -313.212, 0.000, 3.892, 0.000, 0.000, 19.080, 0.000, 2.056
13.950, 1, NPC, -604.015, -281.844, 0.000, 3.892, 0.000, 0.000, 0.000, 0.000, 3.585
14.000, 0, Ego, -638.388, -313.866, 0.000, 3.892, 0.000, 0.000, 19.180, 0.000, 4.796
14.000, 1, NPC, -604.015, -281.844, 0.000, 3.892, 0.000, 0.000, 0.000, 0.000, 3.585
14.050, 0, Ego, -639.093, -314.523, 0.000, 3.892, 0.000, 0.000, 19.280, 0.000, 1.267
14.050, 1, NPC, -604.015, -281.844, 0.000, 3.892, 0.000, 0.000, 0.000, 0.000, 3.585
14.100, 0, Ego, -639.802, -315.183, 0.000, 3.892, 0.000, 0.000, 19.380, 0.000, 4.036
14.100, 1, NPC, -604.015, -281.844, 0.000, 3.892, 0.000, 0.000, 0.000, 0.000, 3.585
14.150, 0, Ego, -640.515, -315.847, 0.000, 3.892, 0.000, 0.000, 19.480, 0.000, 0.536
14.150, 1, NPC, -604.015, -281.844, 0.000, 3.892, 0.000, 0.000, 0.000, 0.000, 3.585
14.200, 0, Ego, -641.231, -316.515, 0.000, 3.892, 0.000, 0.000, 19.580, 0.000, 3.333
14.200, 1, NPC, -604.015, -281.844, 0.000, 3.892, 0.000, 0.000, 0.000, 0.000, 3.585
14.250, 0, Ego, -641.951, -317.185, 0.000, 3.892, 0.000, 0.000, 19.680, 0.000, 6.144
14.250, 1, NPC, -604.015, -281.844, 0.000, 3.892, 0.000, 0.000, 0.000, 0.000, 3.585
14.300, 0, Ego, -642.675, -317.859, 0.000, 3.892, 0.000, 0.000, 19.780, 0.000, 2.687
14.300, 1, NPC, -604.015, -281.844, 0.000, 3.892, 0.000, 0.000, 0.000, 0.000, 3.585
14.350, 0, Ego, -643.402, -318.537, 0.000, 3.892, 0.000, 0.000, 19.880, 0.000, 5.527
14.350, 1, NPC, -604.015, -281.844, 0.000, 3.892, 0.000, 0.000, 0.000, 0.000, 3.585
14.400, 0, Ego, -644.133, -319.218, 0.000, 3.892, 0.000, 0.000, 19.980, 0.000, 2.098
14.400, 1, NPC, -604.015, -281.844, 0.000, 3.892, 0.000, 0.000, 0.000, 0.000, 3.585
14.450, 0, Ego, -644.868, -319.902, 0.000, 3.892, 0.000, 0.000, 20.080, 0.000, 4.966
14.450, 1, NPC, -604.015, -281.844, 0.000, 3.892, 0.000, 0.000, 0.000, 0.000, 3.585
14.500, 0, Ego, -645.606, -320.590, 0.000, 3.892, 0.000, 0.000, 20.180, 0.000, 1.566
14.500, 1, NPC, -604.015, -281.844, 0.000, 3.892, 0.000, 0.000, 0.000, 0.000, 3.585
14.550, 0, Ego, -646.348, -321.281, 0.000, 3.892, 0.000, 0.000, 20.280, 0.000, 4.463
14.550, 1, NPC, -604.015, -281.844, 0.000, 3.892, 0.000, 0.000, 0.000, 0.000, 3.585
14.600, 0, Ego, -647.093, -321.976, 0.000, 3.892, 0.000, 0.000, 20.380, 0.000, 1.091
14.600, 1, NPC, -604.015, -281.844, 0.000, 3.892, 0.000, 0.000, 0.000, 0.000, 3.585
14.650, 0, Ego, -647.843, -322.674, 0.000, 3.892, 0.000, 0.000, 20.480, 0.000, 4.017
14.650, 1, NPC, -604.015, -281.844, 0.000, 3.892, 0.000, 0.000, 0.000, 0.000, 3.585
14.700, 0, Ego, -648.596, -323.375, 0.000, 3.892, 0.000, 0.000, 20.580, 0.000, 0.674
14.700, 1, NPC, -604.015, -281.844, 0.000, 3.892, 0.000, 0.000, 0.000, 0.000, 3.585
14.750, 0, Ego, -649.352, -324.080, 0.000, 3.892, 0.000, 0.000, 20.680, 0.000, 3.628
14.750, 1, NPC, -604.015, -281.844, 0.000, 3.892, 0.000, 0.000, 0.000, 0.000, 3.585
14.800, 0, Ego, -650.112, -324.788, 0.000, 3.892, 0.000, 0.000, 20.780, 0.000, 0.314
14.800, 1, NPC, -604.015, -281.844, 0.000, 3.892, 0.000, 0.000, 0.000, 0.000, 3.585
14.850, 0, Ego, -650.876, -325.500, 0.000, 3.892, 0.000, 0.000, 20.880, 0.000, 3.296
14.850, 1, NPC, -604.015, -281.844, 0.000, 3.892, 0.000, 0.000, 0.000, 0.000, 3.585
14.900, 0, Ego, -651.644, -326.215, 0.000, 3.892, 0.000, 0.000, 20.980, 0.000, 0.010
14.900, 1, NPC, -604.015, -281.844, 0.000, 3.892, 0.000, 0.000, 0.000, 0.000, 3.585
14.950, 0, Ego, -652.415, -326.933, 0.000, 3.892, 0.000, 0.000, 21.080, 0.000, 3.022
14.950, 1, NPC, -604.015, -281.844, 0.000, 3.892, 0.000, 0.000, 0.000, 0.000, 3.585
15.000, 0, Ego, -653.190, -327.655, 0.000, 3.892, 0.000, 0.000, 21.180, 0.000, 6.047
15.000, 1, NPC, -604.015, -281.844, 0.000, 3.892, 0.000, 0.000, 0.000, 0.000, 3.585
15.050, 0, Ego, -653.968, -328.381, 0.000, 3.892, 0.000, 0.000, 21.280, 0.000, 2.804
15.050, 1, NPC, -604.015, -281.844, 0.000, 3.892, 0.000, 0.000, 0.000, 0.000, 3.585
15.100, 0, Ego, -654.751, -329.109, 0.000, 3.892, 0.000, 0.000, 21.380, 0.000, 5.859
15.100, 1, NPC, -604.015, -281.844, 0.000, 3.892, 0.000, 0.000, 0.000, 0.000, 3.585
15.150, 0, Ego, -655.536, -329.841, 0.000, 3.892, 0.000, 0.000, 21.480, 0.000, 2.644
15.150, 1, NPC, -604.015, -281.844, 0.000, 3.892, 0.000, 0.000, 0.000, 0.000, 3.585
15.200, 0, Ego, -656.326, -330.577, 0.000, 3.892, 0.000, 0.000, 21.580, 0.000, 5.727
15.200, 1, NPC, -604.015, -281.844, 0.000, 3.892, 0.000, 0.000, 0.000, 0.000, 3.585
15.250, 0, Ego, -657.119, -331.316, 0.000, 3.892, 0.000, 0.000, 21.680, 0.000, 2.541
15.250, 1, NPC, -604.015, -281.844, 0.000, 3.892, 0.000, 0.000, 0.000, 0.000, 3.585
15.300, 0, Ego, -657.916, -332.058, 0.000, 3.892, 0.000, 0.000, 21.780, 0.000, 5.652
15.300, 1, NPC, -604.015, -281.844, 0.000, 3.892, 0.000, 0.000, 0.000, 0.000, 3.585
15.350, 0, Ego, -658.716, -332.804, 0.000, 3.892, 0.000, 0.000, 21.880, 0.000, 2.495
15.350, 1, NPC, -604.015, -281.844, 0.000, 3.892, 0.000, 0.000, 0.000, 0.000, 3.585
15.400, 0, Ego, -659.520, -333.553, 0.000, 3.892, 0.000, 0.000, 21.980, 0.000, 5.635
15.400, 1, NPC, -604.015, -281.844, 0.000, 3.892, 0.000, 0.000, 0.000, 0.000, 3.585
15.450, 0, Ego, -660.328, -334.305, 0.000, 3.892, 0.000, 0.000, 22.080, 0.000, 2.506
15.450, 1, NPC, -604.015, -281.844, 0.000, 3.892, 0.000, 0.000, 0.000, 0.000, 3.585
15.500, 0, Ego, -661.140, -335.061, 0.000, 3.892, 0.000, 0.000, 22.180, 0.000, 5.674
15.500, 1, NPC, -604.015, -281.844, 0.000, 3.892, 0.000, 0.000, 0.000, 0.000, 3.585
15.550, 0, Ego, -661.955, -335.821, 0.000, 3.892, 0.000, 0.000, 22.280, 0.000, 2.574
15.550, 1, NPC, -604.015, -281.844, 0.000, 3.892, 0.000, 0.000, 0.000, 0.000, 3.585
15.600, 0, Ego, -662.773, -336.583, 0.000, 3.892, 0.000, 0.000, 22.380, 0.000, 5.771
15.600, 1, NPC, -604.015, -281.844, 0.000, 3.892, 0.000, 0.000, 0.000, 0.000, 3.585
15.650, 0, Ego, -663.596, -337.350, 0.000, 3.892, 0.000, 0.000, 22.480, 0.000, 2.699
15.650, 1, NPC, -604.015, -281.844, 0.000, 3.892, 0.000, 0.000, 0.000, 0.000, 3.585
15.700, 0, Ego, -664.422, -338.119, 0.000, 3.892, 0.000, 0.000, 22.580, 0.000, 5.925
15.700, 1, NPC, -604.015, -281.844, 0.000, 3.892, 0.000, 0.000, 0.000, 0.000, 3.585
15.750, 0, Ego, -665.252, -338.892, 0.000, 3.892, 0.000, 0.000, 22.680, 0.000, 2.882
15.750, 1, NPC, -604.015, -281.844, 0.000, 3.892, 0.000, 0.000, 0.000, 0.000, 3.585
15.800, 0, Ego, -666.085, -339.669, 0.000, 3.892, 0.000, 0.000, 22.780, 0.000, 6.136
15.800, 1, NPC, -604.015, -281.844, 0.000, 3.892, 0.000, 0.000, 0.000, 0.000, 3.585
15.850, 0, Ego, -666.922, -340.448, 0.000, 3.892, 0.000, 0.000, 22.880, 0.000, 3.122
15.850, 1, NPC, -604.015, -281.844, 0.000, 3.892, 0.000, 0.000, 0.000, 0.000, 3.585
15.900, 0, Ego, -667.763, -341.232, 0.000, 3.892, 0.000, 0.000, 22.980, 0.000, 0.121
15.900, 1, NPC, -604.015, -281.844, 0.000, 3.892, 0.000, 0.000, 0.000, 0.000, 3.585
15.950, 0, Ego, -668.607, -342.018, 0.000, 3.892, 0.000, 0.000, 23.080, 0.000, 3.418
15.950, 1, NPC, -604.015, -281.844, 0.000, 3.892, 0.000, 0.000, 0.000, 0.000, 3.585
16.000, 0, Ego, -669.455, -342.808, 0.000, 3.892, 0.000, 0.000, 23.180, 0.000, 0.447
16.000, 1, NPC, -604.015, -281.844, 0.000, 3.892, 0.000, 0.000, 0.000, 0.000, 3.585
16.050, 0, Ego, -670.307, -343.602, 0.000, 3.892, 0.000, 0.000, 23.280, 0.000, 3.772
16.050, 1, NPC, -604.015, -281.844, 0.000, 3.892, 0.000, 0.000, 0.000, 0.000, 3.585
16.100, 0, Ego, -671.162, -344.398, 0.000, 3.892, 0.000, 0.000, 23.380, 0.000, 0.829
16.100, 1, NPC, -604.015, -281.844, 0.000, 3.892, 0.000, 0.000, 0.000, 0.000, 3.585
16.150, 0, Ego, -672.021, -345.199, 0.000, 3.892, 0.000, 0.000, 23.480, 0.000, 4.184
16.150, 1, NPC, -604.015, -281.844, 0.000, 3.892, 0.000, 0.000, 0.000, 0.000, 3.585
16.200, 0, Ego, -672.884, -346.002, 0.000, 3.892, 0.000, 0.000, 23.580, 0.000, 1.269
16.200, 1, NPC, -604.015, -281.844, 0.000, 3.892, 0.000, 0.000, 0.000, 0.000, 3.585
16.250, 0, Ego, -673.750, -346.809, 0.000, 3.892, 0.000, 0.000, 23.680, 0.000, 4.652
16.250, 1, NPC, -604.015, -281.844, 0.000, 3.892, 0.000, 0.000, 0.000, 0.000, 3.585
16.300, 0, Ego, -674.620, -347.620, 0.000, 3.892, 0.000, 0.000, 23.780, 0.000, 1.766
16.300, 1, NPC, -604.015, -281.844, 0.000, 3.892, 0.000, 0.000, 0.000, 0.000, 3.585
16.350, 0, Ego, -675.494, -348.434, 0.000, 3.892, 0.000, 0.000, 23.880, 0.000, 5.177
16.350, 1, NPC, -604.015, -281.844, 0.000, 3.892, 0.000, 0.000, 0.000, 0.000, 3.585
16.400, 0, Ego, -676.371, -349.251, 0.000, 3.892, 0.000, 0.000, 23.980, 0.000, 2.320
16.400, 1, NPC, -604.015, -281.844, 0.000, 3.892, 0.000, 0.000, 0.000, 0.000, 3.585
16.450, 0, Ego, -677.252, -350.072, 0.000, 3.892, 0.000, 0.000, 24.080, 0.000, 5.760
16.450, 1, NPC, -604.015, -281.844, 0.000, 3.892, 0.000, 0.000, 0.000, 0.000, 3.585
16.500, 0, Ego, -678.137, -350.896, 0.000, 3.892, 0.000, 0.000, 24.180, 0.000, 2.931
16.500, 1, NPC, -604.015, -281.844, 0.000, 3.892, 0.000, 0.000, 0.000, 0.000, 3.585
16.550, 0, Ego, -679.025, -351.723, 0.000, 3.892, 0.000, 0.000, 24.280, 0.000, 0.116
16.550, 1, NPC, -604.015, -281.844, 0.000, 3.892, 0.000, 0.000, 0.000, 0.000, 3.585
16.600, 0, Ego, -679.917, -352.554, 0.000, 3.892, 0.000, 0.000, 24.380, 0.000, 3.599
16.600, 1, NPC, -604.015, -281.844, 0.000, 3.892, 0.000, 0.000, 0.000, 0.000, 3.585
16.650, 0, Ego, -680.813, -353.389, 0.000, 3.892, 0.000, 0.000, 24.480, 0.000, 0.813
16.650, 1, NPC, -604.015, -281.844, 0.000, 3.892, 0.000, 0.000, 0.000, 0.000, 3.585
16.700, 0, Ego, -681.712, -354.226, 0.000, 3.892, 0.000, 0.000, 24.580, 0.000, 4.324
16.700, 1, NPC, -604.015, -281.844, 0.000, 3.892, 0.000, 0.000, 0.000, 0.000, 3.585
16.750, 0, Ego, -682.615, -355.067, 0.000, 3.892, 0.000, 0.000, 24.680, 0.000, 1.567
16.750, 1, NPC, -604.015, -281.844, 0.000, 3.892, 0.000, 0.000, 0.000, 0.000, 3.585
16.800, 0, Ego, -683.521, -355.912, 0.000, 3.892, 0.000, 0.000, 24.780, 0.000, 5.107
16.800, 1, NPC, -604.015, -281.844, 0.000, 3.892, 0.000, 0.000, 0.000, 0.000, 3.585
16.850, 0, Ego, -684.431, -356.760, 0.000, 3.892, 0.000, 0.000, 24.880, 0.000, 2.378
16.850, 1, NPC, -604.015, -281.844, 0.000, 3.892, 0.000, 0.000, 0.000, 0.000, 3.585
16.900, 0, Ego, -685.345, -357.611, 0.000, 3.892, 0.000, 0.000, 24.980, 0.000, 5.947
16.900, 1, NPC, -604.015, -281.844, 0.000, 3.892, 0.000, 0.000, 0.000, 0.000, 3.585
16.950, 0, Ego, -686.263, -358.466, 0.000, 3.892, 0.000, 0.000, 25.080, 0.000, 3.246
16.950, 1, NPC, -604.015, -281.844, 0.000, 3.892, 0.000, 0.000, 0.000, 0.000, 3.585
17.000, 0, Ego, -687.184, -359.324, 0.000, 3.892, 0.000, 0.000, 25.180, 0.000, 0.560
17.000, 1, NPC, -604.015, -281.844, 0.000, 3.892, 0.000, 0.000, 0.000, 0.000, 3.585
17.050, 0, Ego, -688.109, -360.186, 0.000, 3.892, 0.000, 0.000, 25.280, 0.000, 4.172
17.050, 1, NPC, -604.015, -281.844, 0.000, 3.892, 0.000, 0.000, 0.000, 0.000, 3.585
17.100, 0, Ego, -689.037, -361.051, 0.000, 3.892, 0.000, 0.000, 25.380, 0.000, 1.514
17.100, 1, NPC, -604.015, -281.844, 0.000, 3.892, 0.000, 0.000, 0.000, 0.000, 3.585
17.150, 0, Ego, -689.970, -361.919, 0.000, 3.892, 0.000, 0.000, 25.480, 0.000, 5.154
17.150, 1, NPC, -604.015, -281.844, 0.000, 3.892, 0.000, 0.000, 0.000, 0.000, 3.585
17.200, 0, Ego, -690.905, -362.791, 0.000, 3.892, 0.000, 0.000, 25.580, 0.000, 2.525
17.200, 1, NPC, -604.015, -281.844, 0.000, 3.892, 0.000, 0.000, 0.000, 0.000, 3.585
17.250, 0, Ego, -691.845, -363.666, 0.000, 3.892, 0.000, 0.000, 25.680, 0.000, 6.194
17.250, 1, NPC, -604.015, -281.844, 0.000, 3.892, 0.000, 0.000, 0.000, 0.000, 3.585
17.300, 0, Ego, -692.788, -364.545, 0.000, 3.892, 0.000, 0.000, 25.780, 0.000, 3.594
17.300, 1, NPC, -604.015, -281.844, 0.000, 3.892, 0.000, 0.000, 0.000, 0.000, 3.585
17.350, 0, Ego, -693.735, -365.427, 0.000, 3.892, 0.000, 0.000, 25.880, 0.000, 1.008
17.350, 1, NPC, -604.015, -281.844, 0.000, 3.892, 0.000, 0.000, 0.000, 0.000, 3.585
17.400, 0, Ego, -694.685, -366.312, 0.000, 3.892, 0.000, 0.000, 25.980, 0.000, 4.719
17.400, 1, NPC, -604.015, -281.844, 0.000, 3.892, 0.000, 0.000, 0.000, 0.000, 3.585
17.450, 0, Ego, -695.640, -367.201, 0.000, 3.892, 0.000, 0.000, 26.080, 0.000, 2.161
17.450, 1, NPC, -604.015, -281.844, 0.000, 3.892, 0.000, 0.000, 0.000, 0.000, 3.585
17.500, 0, Ego, -696.597, -368.094, 0.000, 3.892, 0.000, 0.000, 26.180, 0.000, 5.901
17.500, 1, NPC, -604.015, -281.844, 0.000, 3.892, 0.000, 0.000, 0.000, 0.000, 3.585
17.550, 0, Ego, -697.559, -368.989, 0.000, 3.892, 0.000, 0.000, 26.280, 0.000, 3.373
17.550, 1, NPC, -604.015, -281.844, 0.000, 3.892, 0.000, 0.000, 0.000, 0.000, 3.585
17.600, 0, Ego, -698.524, -369.888, 0.000, 3.892, 0.000, 0.000, 26.380, 0.000, 0.858
17.600, 1, NPC, -604.015, -281.844, 0.000, 3.892, 0.000, 0.000, 0.000, 0.000, 3.585
17.650, 0, Ego, -699.493, -370.791, 0.000, 3.892, 0.000, 0.000, 26.480, 0.000, 4.641
17.650, 1, NPC, -604.015, -281.844, 0.000, 3.892, 0.000, 0.000, 0.000, 0.000, 3.585
17.700, 0, Ego, -700.465, -371.697, 0.000, 3.892, 0.000, 0.000, 26.580, 0.000, 2.155
17.700, 1, NPC, -604.015, -281.844, 0.000, 3.892, 0.000, 0.000, 0.000, 0.000, 3.585
17.750, 0, Ego, -701.441, -372.606, 0.000, 3.892, 0.000, 0.000, 26.680, 0.000, 5.966
17.750, 1, NPC, -604.015, -281.844, 0.000, 3.892, 0.000, 0.000, 0.000, 0.000, 3.585
17.800, 0, Ego, -702.421, -373.519, 0.000, 3.892, 0.000, 0.000, 26.780, 0.000, 3.509
17.800, 1, NPC, -604.015, -281.844, 0.000, 3.892, 0.000, 0.000, 0.000, 0.000, 3.585
17.850, 0, Ego, -703.404, -374.435, 0.000, 3.892, 0.000, 0.000, 26.880, 0.000, 1.066
17.850, 1, NPC, -604.015, -281.844, 0.000, 3.892, 0.000, 0.000, 0.000, 0.000, 3.585
17.900, 0, Ego, -704.391, -375.354, 0.000, 3.892, 0.000, 0.000, 26.980, 0.000, 4.920
17.900, 1, NPC, -604.015, -281.844, 0.000, 3.892, 0.000, 0.000, 0.000, 0.000, 3.585
17.950, 0, Ego, -705.382, -376.277, 0.000, 3.892, 0.000, 0.000, 27.080, 0.000, 2.505
17.950, 1, NPC, -604.015, -281.844, 0.000, 3.892, 0.000, 0.000, 0.000, 0.000, 3.585
18.000, 0, Ego, -706.376, -377.204, 0.000, 3.892, 0.000, 0.000, 27.180, 0.000, 0.105
18.000, 1, NPC, -604.015, -281.844, 0.000, 3.892, 0.000, 0.000, 0.000, 0.000, 3.585
18.050, 0, Ego, -707.374, -378.133, 0.000, 3.892, 0.000, 0.000, 27.280, 0.000, 4.002
18.050, 1, NPC, -604.015, -281.844, 0.000, 3.892, 0.000, 0.000, 0.000, 0.000, 3.585
18.100, 0, Ego, -708.376, -379.067, 0.000, 3.892, 0.000, 0.000, 27.380, 0.000, 1.630
18.100, 1, NPC, -604.015, -281.844, 0.000, 3.892, 0.000, 0.000, 0.000, 0.000, 3.585
18.150, 0, Ego, -709.381, -380.003, 0.000, 3.892, 0.000, 0.000, 27.480, 0.000, 5.556
18.150, 1, NPC, -604.015, -281.844, 0.000, 3.892, 0.000, 0.000, 0.000, 0.000, 3.585
18.200, 0, Ego, -710.390, -380.943, 0.000, 3.892, 0.000, 0.000, 27.580, 0.000, 3.213
18.200, 1, NPC, -604.015, -281.844, 0.000, 3.892, 0.000, 0.000, 0.000, 0.000, 3.585
18.250, 0, Ego, -711.403, -381.887, 0.000, 3.892, 0.000, 0.000, 27.680, 0.000, 0.884
18.250, 1, NPC, -604.015, -281.844, 0.000, 3.892, 0.000, 0.000, 0.000, 0.000, 3.585
18.300, 0, Ego, -712.419, -382.833, 0.000, 3.892, 0.000, 0.000, 27.780, 0.000, 4.852
18.300, 1, NPC, -604.015, -281.844, 0.000, 3.892, 0.000, 0.000, 0.000, 0.000, 3.585
18.350, 0, Ego, -713.436, -383.780, 0.000, 3.892, 0.000, 0.000, 27.780, 0.000, 2.538
18.350, 1, NPC, -604.015, -281.844, 0.000, 3.892, 0.000, 0.000, 0.000, 0.000, 3.585
18.400, 0, Ego, -714.452, -384.727, 0.000, 3.892, 0.000, 0.000, 27.780, 0.000, 0.223
18.400, 1, NPC, -604.015, -281.844, 0.000, 3.892, 0.000, 0.000, 0.000, 0.000, 3.585
18.450, 0, Ego, -715.468, -385.674, 0.000, 3.892, 0.000, 0.000, 27.780, 0.000, 4.192
18.450, 1, NPC, -604.015, -281.844, 0.000, 3.892, 0.000, 0.000, 0.000, 0.000, 3.585
18.500, 0, Ego, -716.485, -386.620, 0.000, 3.892, 0.000, 0.000, 27.780, 0.000, 1.877
18.500, 1, NPC, -604.015, -281.844, 0.000, 3.892, 0.000, 0.000, 0.000, 0.000, 3.585
18.550, 0, Ego, -717.501, -387.567, 0.000, 3.892, 0.000, 0.000, 27.780, 0.000, 5.846
18.550, 1, NPC, -604.015, -281.844, 0.000, 3.892, 0.000, 0.000, 0.000, 0.000, 3.585
18.600, 0, Ego, -718.517, -388.514, 0.000, 3.892, 0.000, 0.000, 27.780, 0.000, 3.531
18.600, 1, NPC, -604.015, -281.844, 0.000, 3.892, 0.000, 0.000, 0.000, 0.000, 3.585
18.650, 0, Ego, -719.534, -389.461, 0.000, 3.892, 0.000, 0.000, 27.780, 0.000, 1.217
18.650, 1, NPC, -604.015, -281.844, 0.000, 3.892, 0.000, 0.000, 0.000, 0.000, 3.585
18.700, 0, Ego, -720.550, -390.408, 0.000, 3.892, 0.000, 0.000, 27.780, 0.000, 5.185
18.700, 1, NPC, -604.015, -281.844, 0.000, 3.892, 0.000, 0.000, 0.000, 0.000, 3.585
18.750, 0, Ego, -721.566, -391.354, 0.000, 3.892, 0.000, 0.000, 27.780, 0.000, 2.871
18.750, 1, NPC, -604.015, -281.844, 0.000, 3.892, 0.000, 0.000, 0.000, 0.000, 3.585
18.800, 0, Ego, -722.582, -392.301, 0.000, 3.892, 0.000, 0.000, 27.780, 0.000, 0.556
18.800, 1, NPC, -604.015, -281.844, 0.000, 3.892, 0.000, 0.000, 0.000, 0.000, 3.585
18.850, 0, Ego, -723.599, -393.248, 0.000, 3.892, 0.000, 0.000, 27.780, 0.000, 4.524
18.850, 1, NPC, -604.015, -281.844, 0.000, 3.892, 0.000, 0.000, 0.000, 0.000, 3.585
18.900, 0, Ego, -724.615, -394.195, 0.000, 3.892, 0.000, 0.000, 27.780, 0.000, 2.210
18.900, 1, NPC, -604.015, -281.844, 0.000, 3.892, 0.000, 0.000, 0.000, 0.000, 3.585
18.950, 0, Ego, -725.631, -395.142, 0.000, 3.892, 0.000, 0.000, 27.780, 0.000, 6.178
18.950, 1, NPC, -604.015, -281.844, 0.000, 3.892, 0.000, 0.000, 0.000, 0.000, 3.585
19.000, 0, Ego, -726.648, -396.088, 0.000, 3.892, 0.000, 0.000, 27.780, 0.000, 3.864
19.000, 1, NPC, -604.015, -281.844, 0.000, 3.892, 0.000, 0.000, 0.000, 0.000, 3.585
19.050, 0, Ego, -727.664, -397.035, 0.000, 3.892, 0.000, 0.000, 27.780, 0.000, 1.549
19.050, 1, NPC, -604.015, -281.844, 0.000, 3.892, 0.000, 0.000, 0.000, 0.000, 3.585
19.100, 0, Ego, -728.680, -397.982, 0.000, 3.892, 0.000, 0.000, 27.780, 0.000, 5.518
19.100, 1, NPC, -604.015, -281.844, 0.000, 3.892, 0.000, 0.000, 0.000, 0.000, 3.585
19.150, 0, Ego, -729.697, -398.929, 0.000, 3.892, 0.000, 0.000, 27.780, 0.000, 3.203
19.150, 1, NPC, -604.015, -281.844, 0.000, 3.892, 0.000, 0.000, 0.000, 0.000, 3.585
19.200, 0, Ego, -730.713, -399.876, 0.000, 3.892, 0.000, 0.000, 27.780, 0.000, 0.889
19.200, 1, NPC, -604.015, -281.844, 0.000, 3.892, 0.000, 0.000, 0.000, 0.000, 3.585
19.250, 0, Ego, -731.729, -400.822, 0.000, 3.892, 0.000, 0.000, 27.780, 0.000, 4.857
19.250, 1, NPC, -604.015, -281.844, 0.000, 3.892, 0.000, 0.000, 0.000, 0.000, 3.585
19.300, 0, Ego, -732.746, -401.769, 0.000, 3.892, 0.000, 0.000, 27.780, 0.000, 2.543
19.300, 1, NPC, -604.015, -281.844, 0.000, 3.892, 0.000, 0.000, 0.000, 0.000, 3.585
19.350, 0, Ego, -733.762, -402.716, 0.000, 3.892, 0.000, 0.000, 27.780, 0.000, 0.228
19.350, 1, NPC, -604.015, -281.844, 0.000, 3.892, 0.000, 0.000, 0.000, 0.000, 3.585
19.400, 0, Ego, -734.778, -403.663, 0.000, 3.892, 0.000, 0.000, 27.780, 0.000, 4.196
19.400, 1, NPC, -604.015, -281.844, 0.000, 3.892, 0.000, 0.000, 0.000, 0.000, 3.585
19.450, 0, Ego, -735.795, -404.610, 0.000, 3.892, 0.000, 0.000, 27.780, 0.000, 1.882
19.450, 1, NPC, -604.015, -281.844, 0.000, 3.892, 0.000, 0.000, 0.000, 0.000, 3.585
19.500, 0, Ego, -736.811, -405.556, 0.000, 3.892, 0.000, 0.000, 27.780, 0.000, 5.850
19.500, 1, NPC, -604.015, -281.844, 0.000, 3.892, 0.000, 0.000, 0.000, 0.000, 3.585
19.550, 0, Ego, -737.827, -406.503, 0.000, 3.892, 0.000, 0.000, 27.780, 0.000, 3.536
19.550, 1, NPC, -604.015, -281.844, 0.000, 3.892, 0.000, 0.000, 0.000, 0.000, 3.585
19.600, 0, Ego, -738.844, -407.450, 0.000, 3.892, 0.000, 0.000, 27.780, 0.000, 1.221
19.600, 1, NPC, -604.015, -281.844, 0.000, 3.892, 0.000, 0.000, 0.000, 0.000, 3.585
19.650, 0, Ego, -739.860, -408.397, 0.000, 3.892, 0.000, 0.000, 27.780, 0.000, 5.190
19.650, 1, NPC, -604.015, -281.844, 0.000, 3.892, 0.000, 0.000, 0.000, 0.000, 3.585
19.700, 0, Ego, -740.876, -409.344, 0.000, 3.892, 0.000, 0.000, 27.780, 0.000, 2.875
19.700, 1, NPC, -604.015, -281.844, 0.000, 3.892, 0.000, 0.000, 0.000, 0.000, 3.585
19.750, 0, Ego, -741.892, -410.290, 0.000, 3.892, 0.000, 0.000, 27.780, 0.000, 0.561
19.750, 1, NPC, -604.015, -281.844, 0.000, 3.892, 0.000, 0.000, 0.000, 0.000, 3.585
19.800, 0, Ego, -742.909, -411.237, 0.000, 3.892, 0.000, 0.000, 27.780, 0.000, 4.529
19.800, 1, NPC, -604.015, -281.844, 0.000, 3.892, 0.000, 0.000, 0.000, 0.000, 3.585
19.850, 0, Ego, -743.925, -412.184, 0.000, 3.892, 0.000, 0.000, 27.780, 0.000, 2.215
19.850, 1, NPC, -604.015, -281.844, 0.000, 3.892, 0.000, 0.000, 0.000, 0.000, 3.585
19.900, 0, Ego, -744.941, -413.131, 0.000, 3.892, 0.000, 0.000, 27.780, 0.000, 6.183
19.900, 1, NPC, -604.015, -281.844, 0.000, 3.892, 0.000, 0.000, 0.000, 0.000, 3.585
19.950, 0, Ego, -745.958, -414.078, 0.000, 3.892, 0.000, 0.000, 27.780, 0.000, 3.868
19.950, 1, NPC, -604.015, -281.844, 0.000, 3.892, 0.000, 0.000, 0.000, 0.000, 3.585
20.000, 0, Ego, -746.974, -415.024, 0.000, 3.892, 0.000, 0.000, 27.780, 0.000, 1.554
20.000, 1, NPC, -604.015, -281.844, 0.000, 3.892, 0.000, 0.000, 0.000, 0.000, 3.585
20.050, 0, Ego, -747.990, -415.971, 0.000, 3.892, 0.000, 0.000, 27.780, 0.000, 5.522
20.050, 1, NPC, -604.015, -281.844, 0.000, 3.892, 0.000, 0.000, 0.000, 0.000, 3.585
20.100, 0, Ego, -749.007, -416.918, 0.000, 3.892, 0.000, 0.000, 27.780, 0.000, 3.208
20.100, 1, NPC, -604.015, -281.844, 0.000, 3.892, 0.000, 0.000, 0.000, 0.000, 3.585
20.150, 0, Ego, -750.023, -417.865, 0.000, 3.892, 0.000, 0.000, 27.780, 0.000, 0.893
20.150, 1, NPC, -604.015, -281.844, 0.000, 3.892, 0.000, 0.000, 0.000, 0.000, 3.585
20.200, 0, Ego, -751.039, -418.812, 0.000, 3.892, 0.000, 0.000, 27.780, 0.000, 4.862
20.200, 1, NPC, -604.015, -281.844, 0.000, 3.892, 0.000, 0.000, 0.000, 0.000, 3.585
20.250, 0, Ego, -752.056, -419.758, 0.000, 3.892, 0.000, 0.000, 27.780, 0.000, 2.547
20.250, 1, NPC, -604.015, -281.844, 0.000, 3.892, 0.000, 0.000, 0.000, 0.000, 3.585
20.300, 0, Ego, -753.072, -420.705, 0.000, 3.892, 0.000, 0.000, 27.780, 0.000, 0.233
20.300, 1, NPC, -604.015, -281.844, 0.000, 3.892, 0.000, 0.000, 0.000, 0.000, 3.585
20.350, 0, Ego, -754.088, -421.652, 0.000, 3.892, 0.000, 0.000, 27.780, 0.000, 4.201
20.350, 1, NPC, -604.015, -281.844, 0.000, 3.892, 0.000, 0.000, 0.000, 0.000, 3.585
20.400, 0, Ego, -755.105, -422.599, 0.000, 3.892, 0.000, 0.000, 27.780, 0.000, 1.886
20.400, 1, NPC, -604.015, -281.844, 0.000, 3.892, 0.000, 0.000, 0.000, 0.000, 3.585
20.450, 0, Ego, -756.121, -423.546, 0.000, 3.892, 0.000, 0.000, 27.780, 0.000, 5.855
20.450, 1, NPC, -604.015, -281.844, 0.000, 3.892, 0.000, 0.000, 0.000, 0.000, 3.585
20.500, 0, Ego, -757.137, -424.492, 0.000, 3.892, 0.000, 0.000, 27.780, 0.000, 3.540
20.500, 1, NPC, -604.015, -281.844, 0.000, 3.892, 0.000, 0.000, 0.000, 0.000, 3.585
20.550, 0, Ego, -758.154, -425.439, 0.000, 3.892, 0.000, 0.000, 27.780, 0.000, 1.226
20.550, 1, NPC, -604.015, -281.844, 0.000, 3.892, 0.000, 0.000, 0.000, 0.000, 3.585
20.600, 0, Ego, -759.170, -426.386, 0.000, 3.892, 0.000, 0.000, 27.780, 0.000, 5.194
20.600, 1, NPC, -604.015, -281.844, 0.000, 3.892, 0.000, 0.000, 0.000, 0.000, 3.585
20.650, 0, Ego, -760.186, -427.333, 0.000, 3.892, 0.000, 0.000, 27.780, 0.000, 2.880
20.650, 1, NPC, -604.015, -281.844, 0.000, 3.892, 0.000, 0.000, 0.000, 0.000, 3.585
20.700, 0, Ego, -761.202, -428.280, 0.000, 3.892, 0.000, 0.000, 27.780, 0.000, 0.565
20.700, 1, NPC, -604.015, -281.844, 0.000, 3.892, 0.000, 0.000, 0.000, 0.000, 3.585
20.750, 0, Ego, -762.219, -429.226, 0.000, 3.892, 0.000, 0.000, 27.780, 0.000, 4.534
20.750, 1, NPC, -604.015, -281.844, 0.000, 3.892, 0.000, 0.000, 0.000, 0.000, 3.585
20.800, 0, Ego, -763.235, -430.173, 0.000, 3.892, 0.000, 0.000, 27.780, 0.000, 2.219
20.800, 1, NPC, -604.015, -281.844, 0.000, 3.892, 0.000, 0.000, 0.000, 0.000, 3.585
20.850, 0, Ego, -764.251, -431.120, 0.000, 3.892, 0.000, 0.000, 27.780, 0.000, 6.188
20.850, 1, NPC, -604.015, -281.844, 0.000, 3.892, 0.000, 0.000, 0.000, 0.000, 3.585
20.900, 0, Ego, -765.268, -432.067, 0.000, 3.892, 0.000, 0.000, 27.780, 0.000, 3.873
20.900, 1, NPC, -604.015, -281.844, 0.000, 3.892, 0.000, 0.000, 0.000, 0.000, 3.585
20.950, 0, Ego, -766.284, -433.014, 0.000, 3.892, 0.000, 0.000, 27.780, 0.000, 1.558
20.950, 1, NPC, -604.015, -281.844, 0.000, 3.892, 0.000, 0.000, 0.000, 0.000, 3.585
21.000, 0, Ego, -767.300, -433.960, 0.000, 3.892, 0.000, 0.000, 27.780, 0.000, 5.527
21.000, 1, NPC, -604.015, -281.844, 0.000, 3.892, 0.000, 0.000, 0.000, 0.000, 3.585
21.050, 0, Ego, -768.317, -434.907, 0.000, 3.892, 0.000, 0.000, 27.780, 0.000, 3.212
21.050, 1, NPC, -604.015, -281.844, 0.000, 3.892, 0.000, 0.000, 0.000, 0.000, 3.585
21.100, 0, Ego, -769.333, -435.854, 0.000, 3.892, 0.000, 0.000, 27.780, 0.000, 0.898
21.100, 1, NPC, -604.015, -281.844, 0.000, 3.892, 0.000, 0.000, 0.000, 0.000, 3.585
21.150, 0, Ego, -770.349, -436.801, 0.000, 3.892, 0.000, 0.000, 27.780, 0.000, 4.866
21.150, 1, NPC, -604.015, -281.844, 0.000, 3.892, 0.000, 0.000, 0.000, 0.000, 3.585
21.200, 0, Ego, -771.366, -437.747, 0.000, 3.892, 0.000, 0.000, 27.780, 0.000, 2.552
21.200, 1, NPC, -604.015, -281.844, 0.000, 3.892, 0.000, 0.000, 0.000, 0.000, 3.585
21.250, 0, Ego, -772.382, -438.694, 0.000, 3.892, 0.000, 0.000, 27.780, 0.000, 0.237
21.250, 1, NPC, -604.015, -281.844, 0.000, 3.892, 0.000, 0.000, 0.000, 0.000, 3.585
21.300, 0, Ego, -773.398, -439.641, 0.000, 3.892, 0.000, 0.000, 27.780, 0.000, 4.206
21.300, 1, NPC, -604.015, -281.844, 0.000, 3.892, 0.000, 0.000, 0.000, 0.000, 3.585
21.350, 0, Ego, -774.415, -440.588, 0.000, 3.892, 0.000, 0.000, 27.780, 0.000, 1.891
21.350, 1, NPC, -604.015, -281.844, 0.000, 3.892, 0.000, 0.000, 0.000, 0.000, 3.585
21.400, 0, Ego, -775.431, -441.535, 0.000, 3.892, 0.000, 0.000, 27.780, 0.000, 5.860
21.400, 1, NPC, -604.015, -281.844, 0.000, 3.892, 0.000, 0.000, 0.000, 0.000, 3.585
21.450, 0, Ego, -776.447, -442.481, 0.000, 3.892, 0.000, 0.000, 27.780, 0.000, 3.545
21.450, 1, NPC, -604.015, -281.844, 0.000, 3.892, 0.000, 0.000, 0.000, 0.000, 3.585
21.500, 0, Ego, -777.464, -443.428, 0.000, 3.892, 0.000, 0.000, 27.780, 0.000, 1.230
21.500, 1, NPC, -604.015, -281.844, 0.000, 3.892, 0.000, 0.000, 0.000, 0.000, 3.585
21.550, 0, Ego, -778.480, -444.375, 0.000, 3.892, 0.000, 0.000, 27.780, 0.000, 5.199
21.550, 1, NPC, -604.015, -281.844, 0.000, 3.892, 0.000, 0.000, 0.000, 0.000, 3.585
21.600, 0, Ego, -779.496, -445.322, 0.000, 3.892, 0.000, 0.000, 27.780, 0.000, 2.884
21.600, 1, NPC, -604.015, -281.844, 0.000, 3.892, 0.000, 0.000, 0.000, 0.000, 3.585
21.650, 0, Ego, -780.512, -446.269, 0.000, 3.892, 0.000, 0.000, 27.780, 0.000, 0.570
21.650, 1, NPC, -604.015, -281.844, 0.000, 3.892, 0.000, 0.000, 0.000, 0.000, 3.585
21.700, 0, Ego, -781.529, -447.215, 0.000, 3.892, 0.000, 0.000, 27.780, 0.000, 4.538
21.700, 1, NPC, -604.015, -281.844, 0.000, 3.892, 0.000, 0.000, 0.000, 0.000, 3.585
21.750, 0, Ego, -782.545, -448.162, 0.000, 3.892, 0.000, 0.000, 27.780, 0.000, 2.224
21.750, 1, NPC, -604.015, -281.844, 0.000, 3.892, 0.000, 0.000, 0.000, 0.000, 3.585
21.800, 0, Ego, -783.561, -449.109, 0.000, 3.892, 0.000, 0.000, 27.780, 0.000, 6.192
21.800, 1, NPC, -604.015, -281.844, 0.000, 3.892, 0.000, 0.000, 0.000, 0.000, 3.585
21.850, 0, Ego, -784.578, -450.056, 0.000, 3.892, 0.000, 0.000, 27.780, 0.000, 3.878
21.850, 1, NPC, -604.015, -281.844, 0.000, 3.892, 0.000, 0.000, 0.000, 0.000, 3.585
21.900, 0, Ego, -785.594, -451.003, 0.000, 3.892, 0.000, 0.000, 27.780, 0.000, 1.563
21.900, 1, NPC, -604.015, -281.844, 0.000, 3.892, 0.000, 0.000, 0.000, 0.000, 3.585
21.950, 0, Ego, -786.610, -451.949, 0.000, 3.892, 0.000, 0.000, 27.780, 0.000, 5.532
21.950, 1, NPC, -604.015, -281.844, 0.000, 3.892, 0.000, 0.000, 0.000, 0.000, 3.585
22.000, 0, Ego, -787.627, -452.896, 0.000, 3.892, 0.000, 0.000, 27.780, 0.000, 3.217
22.000, 1, NPC, -604.015, -281.844, 0.000, 3.892, 0.000, 0.000, 0.000, 0.000, 3.585
22.050, 0, Ego, -788.643, -453.843, 0.000, 3.892, 0.000, 0.000, 27.780, 0.000, 0.902
22.050, 1, NPC, -604.015, -281.844, 0.000, 3.892, 0.000, 0.000, 0.000, 0.000, 3.585
22.100, 0, Ego, -789.659, -454.790, 0.000, 3.892, 0.000, 0.000, 27.780, 0.000, 4.871
22.100, 1, NPC, -604.015, -281.844, 0.000, 3.892, 0.000, 0.000, 0.000, 0.000, 3.585
22.150, 0, Ego, -790.676, -455.737, 0.000, 3.892, 0.000, 0.000, 27.780, 0.000, 2.556
22.150, 1, NPC, -604.015, -281.844, 0.000, 3.892, 0.000, 0.000, 0.000, 0.000, 3.585
22.200, 0, Ego, -791.692, -456.683, 0.000, 3.892, 0.000, 0.000, 27.780, 0.000, 0.242
22.200, 1, NPC, -604.015, -281.844, 0.000, 3.892, 0.000, 0.000, 0.000, 0.000, 3.585
22.250, 0, Ego, -792.708, -457.630, 0.000, 3.892, 0.000, 0.000, 27.780, 0.000, 4.210
22.250, 1, NPC, -604.015, -281.844, 0.000, 3.892, 0.000, 0.000, 0.000, 0.000, 3.585
22.300, 0, Ego, -793.725, -458.577, 0.000, 3.892, 0.000, 0.000, 27.780, 0.000, 1.896
22.300, 1, NPC, -604.015, -281.844, 0.000, 3.892, 0.000, 0.000, 0.000, 0.000, 3.585
22.350, 0, Ego, -794.741, -459.524, 0.000, 3.892, 0.000, 0.000, 27.780, 0.000, 5.864
22.350, 1, NPC, -604.015, -281.844, 0.000, 3.892, 0.000, 0.000, 0.000, 0.000, 3.585
22.400, 0, Ego, -795.757, -460.471, 0.000, 3.892, 0.000, 0.000, 27.780, 0.000, 3.550
22.400, 1, NPC, -604.015, -281.844, 0.000, 3.892, 0.000, 0.000, 0.000, 0.000, 3.585
22.450, 0, Ego, -796.774, -461.417, 0.000, 3.892, 0.000, 0.000, 27.780, 0.000, 1.235
22.450, 1, NPC, -604.015, -281.844, 0.000, 3.892, 0.000, 0.000, 0.000, 0.000, 3.585
22.500, 0, Ego, -797.790, -462.364, 0.000, 3.892, 0.000, 0.000, 27.780, 0.000, 5.204
22.500, 1, NPC, -604.015, -281.844, 0.000, 3.892, 0.000, 0.000, 0.000, 0.000, 3.585
22.550, 0, Ego, -798.806, -463.311, 0.000, 3.892, 0.000, 0.000, 27.780, 0.000, 2.889
22.550, 1, NPC, -604.015, -281.844, 0.000, 3.892, 0.000, 0.000, 0.000, 0.000, 3.585
22.600, 0, Ego, -799.823, -464.258, 0.000, 3.892, 0.000, 0.000, 27.780, 0.000, 0.574
22.600, 1, NPC, -604.015, -281.844, 0.000, 3.892, 0.000, 0.000, 0.000, 0.000, 3.585
22.650, 0, Ego, -800.839, -465.205, 0.000, 3.892, 0.000, 0.000, 27.780, 0.000, 4.543
22.650, 1, NPC, -604.015, -281.844, 0.000, 3.892, 0.000, 0.000, 0.000, 0.000, 3.585
22.700, 0, Ego, -801.855, -466.151, 0.000, 3.892, 0.000, 0.000, 27.780, 0.000, 2.228
22.700, 1, NPC, -604.015, -281.844, 0.000, 3.892, 0.000, 0.000, 0.000, 0.000, 3.585
22.750, 0, Ego, -802.871, -467.098, 0.000, 3.892, 0.000, 0.000, 27.780, 0.000, 6.197
22.750, 1, NPC, -604.015, -281.844, 0.000, 3.892, 0.000, 0.000, 0.000, 0.000, 3.585
22.800, 0, Ego, -803.888, -468.045, 0.000, 3.892, 0.000, 0.000, 27.780, 0.000, 3.882
22.800, 1, NPC, -604.015, -281.844, 0.000, 3.892, 0.000, 0.000, 0.000, 0.000, 3.585
22.850, 0, Ego, -804.904, -468.992, 0.000, 3.892, 0.000, 0.000, 27.780, 0.000, 1.568
22.850, 1, NPC, -604.015, -281.844, 0.000, 3.892, 0.000, 0.000, 0.000, 0.000, 3.585
22.900, 0, Ego, -805.920, -469.939, 0.000, 3.892, 0.000, 0.000, 27.780, 0.000, 5.536
22.900, 1, NPC, -604.015, -281.844, 0.000, 3.892, 0.000, 0.000, 0.000, 0.000, 3.585
22.950, 0, Ego, -806.937, -470.885, 0.000, 3.892, 0.000, 0.000, 27.780, 0.000, 3.222
22.950, 1, NPC, -604.015, -281.844, 0.000, 3.892, 0.000, 0.000, 0.000, 0.000, 3.585
23.000, 0, Ego, -807.953, -471.832, 0.000, 3.892, 0.000, 0.000, 27.780, 0.000, 0.907
23.000, 1, NPC, -604.015, -281.844, 0.000, 3.892, 0.000, 0.000, 0.000, 0.000, 3.585
23.050, 0, Ego, -808.969, -472.779, 0.000, 3.892, 0.000, 0.000, 27.780, 0.000, 4.876
23.050, 1, NPC, -604.015, -281.844, 0.000, 3.892, 0.000, 0.000, 0.000, 0.000, 3.585
23.100, 0, Ego, -809.986, -473.726, 0.000, 3.892, 0.000, 0.000, 27.780, 0.000, 2.561
23.100, 1, NPC, -604.015, -281.844, 0.000, 3.892, 0.000, 0.000, 0.000, 0.000, 3.585
23.150, 0, Ego, -811.002, -474.673, 0.000, 3.892, 0.000, 0.000, 27.780, 0.000, 0.246
23.150, 1, NPC, -604.015, -281.844, 0.000, 3.892, 0.000, 0.000, 0.000, 0.000, 3.585
23.200, 0, Ego, -812.018, -475.619, 0.000, 3.892, 0.000, 0.000, 27.780, 0.000, 4.215
23.200, 1, NPC, -604.015, -281.844, 0.000, 3.892, 0.000, 0.000, 0.000, 0.000, 3.585
23.250, 0, Ego, -813.035, -476.566, 0.000, 3.892, 0.000, 0.000, 27.780, 0.000, 1.900
23.250, 1, NPC, -604.015, -281.844, 0.000, 3.892, 0.000, 0.000, 0.000, 0.000, 3.585
23.300, 0, Ego, -814.051, -477.513, 0.000, 3.892, 0.000, 0.000, 27.780, 0.000, 5.869
23.300, 1, NPC, -604.015, -281.844, 0.000, 3.892, 0.000, 0.000, 0.000, 0.000, 3.585
23.350, 0, Ego, -815.067, -478.460, 0.000, 3.892, 0.000, 0.000, 27.780, 0.000, 3.554
23.350, 1, NPC, -604.015, -281.844, 0.000, 3.892, 0.000, 0.000, 0.000, 0.000, 3.585
23.400, 0, Ego, -816.084, -479.407, 0.000, 3.892, 0.000, 0.000, 27.780, 0.000, 1.240
23.400, 1, NPC, -604.015, -281.844, 0.000, 3.892, 0.000, 0.000, 0.000, 0.000, 3.585
23.450, 0, Ego, -817.100, -480.353, 0.000, 3.892, 0.000, 0.000, 27.780, 0.000, 5.208
23.450, 1, NPC, -604.015, -281.844, 0.000, 3.892, 0.000, 0.000, 0.000, 0.000, 3.585
23.500, 0, Ego, -818.116, -481.300, 0.000, 3.892, 0.000, 0.000, 27.780, 0.000, 2.894
23.500, 1, NPC, -604.015, -281.844, 0.000, 3.892, 0.000, 0.000, 0.000, 0.000, 3.585
23.550, 0, Ego, -819.133, -482.247, 0.000, 3.892, 0.000, 0.000, 27.780, 0.000, 0.579
23.550, 1, NPC, -604.015, -281.844, 0.000, 3.892, 0.000, 0.000, 0.000, 0.000, 3.585
23.600, 0, Ego, -820.149, -483.194, 0.000, 3.892, 0.000, 0.000, 27.780, 0.000, 4.548
23.600, 1, NPC, -604.015, -281.844, 0.000, 3.892, 0.000, 0.000, 0.000, 0.000, 3.585
23.650, 0, Ego, -821.165, -484.141, 0.000, 3.892, 0.000, 0.000, 27.780, 0.000, 2.233
23.650, 1, NPC, -604.015, -281.844, 0.000, 3.892, 0.000, 0.000, 0.000, 0.000, 3.585
23.700, 0, Ego, -822.181, -485.087, 0.000, 3.892, 0.000, 0.000, 27.780, 0.000, 6.202
23.700, 1, NPC, -604.015, -281.844, 0.000, 3.892, 0.000, 0.000, 0.000, 0.000, 3.585
23.750, 0, Ego, -823.198, -486.034, 0.000, 3.892, 0.000, 0.000, 27.780, 0.000, 3.887
23.750, 1, NPC, -604.015, -281.844, 0.000, 3.892, 0.000, 0.000, 0.000, 0.000, 3.585
23.800, 0, Ego, -824.214, -486.981, 0.000, 3.892, 0.000, 0.000, 27.780, 0.000, 1.572
23.800, 1, NPC, -604.015, -281.844, 0.000, 3.892, 0.000, 0.000, 0.000, 0.000, 3.585
23.850, 0, Ego, -825.230, -487.928, 0.000, 3.892, 0.000, 0.000, 27.780, 0.000, 5.541
23.850, 1, NPC, -604.015, -281.844, 0.000, 3.892, 0.000, 0.000, 0.000, 0.000, 3.585
23.900, 0, Ego, -826.247, -488.874, 0.000, 3.892, 0.000, 0.000, 27.780, 0.000, 3.226
23.900, 1, NPC, -604.015, -281.844, 0.000, 3.892, 0.000, 0.000, 0.000, 0.000, 3.585
23.950, 0, Ego, -827.263, -489.821, 0.000, 3.892, 0.000, 0.000, 27.780, 0.000, 0.912
23.950, 1, NPC, -604.015, -281.844, 0.000, 3.892, 0.000, 0.000, 0.000, 0.000, 3.585
24.000, 0, Ego, -828.279, -490.768, 0.000, 3.892, 0.000, 0.000, 27.780, 0.000, 4.880
24.000, 1, NPC, -604.015, -281.844, 0.000, 3.892, 0.000, 0.000, 0.000, 0.000, 3.585
24.050, 0, Ego, -829.296, -491.715, 0.000, 3.892, 0.000, 0.000, 27.780, 0.000, 2.566
24.050, 1, NPC, -604.015, -281.844, 0.000, 3.892, 0.000, 0.000, 0.000, 0.000, 3.585
24.100, 0, Ego, -830.312, -492.662, 0.000, 3.892, 0.000, 0.000, 27.780, 0.000, 0.251
24.100, 1, NPC, -604.015, -281.844, 0.000, 3.892, 0.000, 0.000, 0.000, 0.000, 3.585
24.150, 0, Ego, -831.328, -493.608, 0.000, 3.892, 0.000, 0.000, 27.780, 0.000, 4.220
24.150, 1, NPC, -604.015, -281.844, 0.000, 3.892, 0.000, 0.000, 0.000, 0.000, 3.585
24.200, 0, Ego, -832.345, -494.555, 0.000, 3.892, 0.000, 0.000, 27.780, 0.000, 1.905
24.200, 1, NPC, -604.015, -281.844, 0.000, 3.892, 0.000, 0.000, 0.000, 0.000, 3.585
24.250, 0, Ego, -833.361, -495.502, 0.000, 3.892, 0.000, 0.000, 27.780, 0.000, 5.874
24.250, 1, NPC, -604.015, -281.844, 0.000, 3.892, 0.000, 0.000, 0.000, 0.000, 3.585
24.300, 0, Ego, -834.377, -496.449, 0.000, 3.892, 0.000, 0.000, 27.780, 0.000, 3.559
24.300, 1, NPC, -604.015, -281.844, 0.000, 3.892, 0.000, 0.000, 0.000, 0.000, 3.585
24.350, 0, Ego, -835.394, -497.396, 0.000, 3.892, 0.000, 0.000, 27.780, 0.000, 1.244
24.350, 1, NPC, -604.015, -281.844, 0.000, 3.892, 0.000, 0.000, 0.000, 0.000, 3.585
24.400, 0, Ego, -836.410, -498.342, 0.000, 3.892, 0.000, 0.000, 27.780, 0.000, 5.213
24.400, 1, NPC, -604.015, -281.844, 0.000, 3.892, 0.000, 0.000, 0.000, 0.000, 3.585
24.450, 0, Ego, -837.426, -499.289, 0.000, 3.892, 0.000, 0.000, 27.780, 0.000, 2.898
24.450, 1, NPC, -604.015, -281.844, 0.000, 3.892, 0.000, 0.000, 0.000, 0.000, 3.585
24.500, 0, Ego, -838.443, -500.236, 0.000, 3.892, 0.000, 0.000, 27.780, 0.000, 0.584
24.500, 1, NPC, -604.015, -281.844, 0.000, 3.892, 0.000, 0.000, 0.000, 0.000, 3.585
24.550, 0, Ego, -839.459, -501.183, 0.000, 3.892, 0.000, 0.000, 27.780, 0.000, 4.552
24.550, 1, NPC, -604.015, -281.844, 0.000, 3.892, 0.000, 0.000, 0.000, 0.000, 3.585
24.600, 0, Ego, -840.475, -502.130, 0.000, 3.892, 0.000, 0.000, 27.780, 0.000, 2.238
24.600, 1, NPC, -604.015, -281.844, 0.000, 3.892, 0.000, 0.000, 0.000, 0.000, 3.585
24.650, 0, Ego, -841.491, -503.076, 0.000, 3.892, 0.000, 0.000, 27.780, 0.000, 6.206
24.650, 1, NPC, -604.015, -281.844, 0.000, 3.892, 0.000, 0.000, 0.000, 0.000, 3.585
24.700, 0, Ego, -842.508, -504.023, 0.000, 3.892, 0.000, 0.000, 27.780, 0.000, 3.892
24.700, 1, NPC, -604.015, -281.844, 0.000, 3.892, 0.000, 0.000, 0.000, 0.000, 3.585
24.750, 0, Ego, -843.524, -504.970, 0.000, 3.892, 0.000, 0.000, 27.780, 0.000, 1.577
24.750, 1, NPC, -604.015, -281.844, 0.000, 3.892, 0.000, 0.000, 0.000, 0.000, 3.585
24.800, 0, Ego, -844.540, -505.917, 0.000, 3.892, 0.000, 0.000, 27.780, 0.000, 5.546
24.800, 1, NPC, -604.015, -281.844, 0.000, 3.892, 0.000, 0.000, 0.000, 0.000, 3.585
24.850, 0, Ego, -845.557, -506.864, 0.000, 3.892, 0.000, 0.000, 27.780, 0.000, 3.231
24.850, 1, NPC, -604.015, -281.844, 0.000, 3.892, 0.000, 0.000, 0.000, 0.000, 3.585
24.900, 0, Ego, -846.573, -507.810, 0.000, 3.892, 0.000, 0.000, 27.780, 0.000, 0.916
24.900, 1, NPC, -604.015, -281.844, 0.000, 3.892, 0.000, 0.000, 0.000, 0.000, 3.585
24.950, 0, Ego, -847.589, -508.757, 0.000, 3.892, 0.000, 0.000, 27.780, 0.000, 4.885
24.950, 1, NPC, -604.015, -281.844, 0.000, 3.892, 0.000, 0.000, 0.000, 0.000, 3.585
25.000, 0, Ego, -848.606, -509.704, 0.000, 3.892, 0.000, 0.000, 27.780, 0.000, 2.570
25.000, 1, NPC, -604.015, -281.844, 0.000, 3.892, 0.000, 0.000, 0.000, 0.000, 3.585
25.050, 0, Ego, -849.622, -510.651, 0.000, 3.892, 0.000, 0.000, 27.780, 0.000, 0.256
25.050, 1, NPC, -604.015, -281.844, 0.000, 3.892, 0.000, 0.000, 0.000, 0.000, 3.585
25.100, 0, Ego, -850.638, -511.598, 0.000, 3.892, 0.000, 0.000, 27.780, 0.000, 4.224
25.100, 1, NPC, -604.015, -281.844, 0.000, 3.892, 0.000, 0.000, 0.000, 0.000, 3.585
25.150, 0, Ego, -851.655, -512.544, 0.000, 3.892, 0.000, 0.000, 27.780, 0.000, 1.910
25.150, 1, NPC, -604.015, -281.844, 0.000, 3.892, 0.000, 0.000, 0.000, 0.000, 3.585
25.200, 0, Ego, -852.671, -513.491, 0.000, 3.892, 0.000, 0.000, 27.780, 0.000, 5.878
25.200, 1, NPC, -604.015, -281.844, 0.000, 3.892, 0.000, 0.000, 0.000, 0.000, 3.585
25.250, 0, Ego, -853.687, -514.438, 0.000, 3.892, 0.000, 0.000, 27.780, 0.000, 3.564
25.250, 1, NPC, -604.015, -281.844, 0.000, 3.892, 0.000, 0.000, 0.000, 0.000, 3.585
25.300, 0, Ego, -854.704, -515.385, 0.000, 3.892, 0.000, 0.000, 27.780, 0.000, 1.249
25.300, 1, NPC, -604.015, -281.844, 0.000, 3.892, 0.000, 0.000, 0.000, 0.000, 3.585
25.350, 0, Ego, -855.720, -516.332, 0.000, 3.892, 0.000, 0.000, 27.780, 0.000, 5.218
25.350, 1, NPC, -604.015, -281.844, 0.000, 3.892, 0.000, 0.000, 0.000, 0.000, 3.585
25.400, 0, Ego, -856.736, -517.278, 0.000, 3.892, 0.000, 0.000, 27.780, 0.000, 2.903
25.400, 1, NPC, -604.015, -281.844, 0.000, 3.892, 0.000, 0.000, 0.000, 0.000, 3.585
25.450, 0, Ego, -857.753, -518.225, 0.000, 3.892, 0.000, 0.000, 27.780, 0.000, 0.588
25.450, 1, NPC, -604.015, -281.844, 0.000, 3.892, 0.000, 0.000, 0.000, 0.000, 3.585
25.500, 0, Ego, -858.769, -519.172, 0.000, 3.892, 0.000, 0.000, 27.780, 0.000, 4.557
25.500, 1, NPC, -604.015, -281.844, 0.000, 3.892, 0.000, 0.000, 0.000, 0.000, 3.585
25.550, 0, Ego, -859.785, -520.119, 0.000, 3.892, 0.000, 0.000, 27.780, 0.000, 2.242
25.550, 1, NPC, -604.015, -281.844, 0.000, 3.892, 0.000, 0.000, 0.000, 0.000, 3.585
25.600, 0, Ego, -860.801, -521.066, 0.000, 3.892, 0.000, 0.000, 27.780, 0.000, 6.211
25.600, 1, NPC, -604.015, -281.844, 0.000, 3.892, 0.000, 0.000, 0.000, 0.000, 3.585
25.650, 0, Ego, -861.818, -522.012, 0.000, 3.892, 0.000, 0.000, 27.780, 0.000, 3.896
25.650, 1, NPC, -604.015, -281.844, 0.000, 3.892, 0.000, 0.000, 0.000, 0.000, 3.585
25.700, 0, Ego, -862.834, -522.959, 0.000, 3.892, 0.000, 0.000, 27.780, 0.000, 1.582
25.700, 1, NPC, -604.015, -281.844, 0.000, 3.892, 0.000, 0.000, 0.000, 0.000, 3.585
25.750, 0, Ego, -863.850, -523.906, 0.000, 3.892, 0.000, 0.000, 27.780, 0.000, 5.550
25.750, 1, NPC, -604.015, -281.844, 0.000, 3.892, 0.000, 0.000, 0.000, 0.000, 3.585
25.800, 0, Ego, -864.867, -524.853, 0.000, 3.892, 0.000, 0.000, 27.780, 0.000, 3.236
25.800, 1, NPC, -604.015, -281.844, 0.000, 3.892, 0.000, 0.000, 0.000, 0.000, 3.585
25.850, 0, Ego, -865.883, -525.800, 0.000, 3.892, 0.000, 0.000, 27.780, 0.000, 0.921
25.850, 1, NPC, -604.015, -281.844, 0.000, 3.892, 0.000, 0.000, 0.000, 0.000, 3.585
25.900, 0, Ego, -866.899, -526.746, 0.000, 3.892, 0.000, 0.000, 27.780, 0.000, 4.890
25.900, 1, NPC, -604.015, -281.844, 0.000, 3.892, 0.000, 0.000, 0.000, 0.000, 3.585
25.950, 0, Ego, -867.916, -527.693, 0.000, 3.892, 0.000, 0.000, 27.780, 0.000, 2.575
25.950, 1, NPC, -604.015, -281.844, 0.000, 3.892, 0.000, 0.000, 0.000, 0.000, 3.585
26.000, 0, Ego, -868.932, -528.640, 0.000, 3.892, 0.000, 0.000, 27.780, 0.000, 0.260
26.000, 1, NPC, -604.015, -281.844, 0.000, 3.892, 0.000, 0.000, 0.000, 0.000, 3.585
26.050, 0, Ego, -869.948, -529.587, 0.000, 3.892, 0.000, 0.000, 27.780, 0.000, 4.229
26.050, 1, NPC, -604.015, -281.844, 0.000, 3.892, 0.000, 0.000, 0.000, 0.000, 3.585
26.100, 0, Ego, -870.965, -530.534, 0.000, 3.892, 0.000, 0.000, 27.780, 0.000, 1.914
26.100, 1, NPC, -604.015, -281.844, 0.000, 3.892, 0.000, 0.000, 0.000, 0.000, 3.585
26.150, 0, Ego, -871.981, -531.480, 0.000, 3.892, 0.000, 0.000, 27.780, 0.000, 5.883
26.150, 1, NPC, -604.015, -281.844, 0.000, 3.892, 0.000, 0.000, 0.000, 0.000, 3.585
26.200, 0, Ego, -872.997, -532.427, 0.000, 3.892, 0.000, 0.000, 27.780, 0.000, 3.568
26.200, 1, NPC, -604.015, -281.844, 0.000, 3.892, 0.000, 0.000, 0.000, 0.000, 3.585
26.250, 0, Ego, -874.014, -533.374, 0.000, 3.892, 0.000, 0.000, 27.780, 0.000, 1.254
26.250, 1, NPC, -604.015, -281.844, 0.000, 3.892, 0.000, 0.000, 0.000, 0.000, 3.585
26.300, 0, Ego, -875.030, -534.321, 0.000, 3.892, 0.000, 0.000, 27.780, 0.000, 5.222
26.300, 1, NPC, -604.015, -281.844, 0.000, 3.892, 0.000, 0.000, 0.000, 0.000, 3.585
26.350, 0, Ego, -876.046, -535.268, 0.000, 3.892, 0.000, 0.000, 27.780, 0.000, 2.908
26.350, 1, NPC, -604.015, -281.844, 0.000, 3.892, 0.000, 0.000, 0.000, 0.000, 3.585
26.400, 0, Ego, -877.062, -536.214, 0.000, 3.892, 0.000, 0.000, 27.780, 0.000, 0.593
26.400, 1, NPC, -604.015, -281.844, 0.000, 3.892, 0.000, 0.000, 0.000, 0.000, 3.585
26.450, 0, Ego, -878.079, -537.161, 0.000, 3.892, 0.000, 0.000, 27.780, 0.000, 4.562
26.450, 1, NPC, -604.015, -281.844, 0.000, 3.892, 0.000, 0.000, 0.000, 0.000, 3.585
26.500, 0, Ego, -879.095, -538.108, 0.000, 3.892, 0.000, 0.000, 27.780, 0.000, 2.247
26.500, 1, NPC, -604.015, -281.844, 0.000, 3.892, 0.000, 0.000, 0.000, 0.000, 3.585
26.550, 0, Ego, -880.111, -539.055, 0.000, 3.892, 0.000, 0.000, 27.780, 0.000, 6.216
26.550, 1, NPC, -604.015, -281.844, 0.000, 3.892, 0.000, 0.000, 0.000, 0.000, 3.585
26.600, 0, Ego, -881.128, -540.001, 0.000, 3.892, 0.000, 0.000, 27.780, 0.000, 3.901
26.600, 1, NPC, -604.015, -281.844, 0.000, 3.892, 0.000, 0.000, 0.000, 0.000, 3.585
26.650, 0, Ego, -882.144, -540.948, 0.000, 3.892, 0.000, 0.000, 27.780, 0.000, 1.586
26.650, 1, NPC, -604.015, -281.844, 0.000, 3.892, 0.000, 0.000, 0.000, 0.000, 3.585
26.700, 0, Ego, -883.160, -541.895, 0.000, 3.892, 0.000, 0.000, 27.780, 0.000, 5.555
26.700, 1, NPC, -604.015, -281.844, 0.000, 3.892, 0.000, 0.000, 0.000, 0.000, 3.585
26.750, 0, Ego, -884.177, -542.842, 0.000, 3.892, 0.000, 0.000, 27.780, 0.000, 3.240
26.750, 1, NPC, -604.015, -281.844, 0.000, 3.892, 0.000, 0.000, 0.000, 0.000, 3.585
26.800, 0, Ego, -885.193, -543.789, 0.000, 3.892, 0.000, 0.000, 27.780, 0.000, 0.926
26.800, 1, NPC, -604.015, -281.844, 0.000, 3.892, 0.000, 0.000, 0.000, 0.000, 3.585
26.850, 0, Ego, -886.209, -544.735, 0.000, 3.892, 0.000, 0.000, 27.780, 0.000, 4.894
26.850, 1, NPC, -604.015, -281.844, 0.000, 3.892, 0.000, 0.000, 0.000, 0.000, 3.585
26.900, 0, Ego, -887.226, -545.682, 0.000, 3.892, 0.000, 0.000, 27.780, 0.000, 2.580
26.900, 1, NPC, -604.015, -281.844, 0.000, 3.892, 0.000, 0.000, 0.000, 0.000, 3.585
26.950, 0, Ego, -888.242, -546.629, 0.000, 3.892, 0.000, 0.000, 27.780, 0.000, 0.265
26.950, 1, NPC, -604.015, -281.844, 0.000, 3.892, 0.000, 0.000, 0.000, 0.000, 3.585
27.000, 0, Ego, -889.258, -547.576, 0.000, 3.892, 0.000, 0.000, 27.780, 0.000, 4.234
27.000, 1, NPC, -604.015, -281.844, 0.000, 3.892, 0.000, 0.000, 0.000, 0.000, 3.585
27.050, 0, Ego, -890.275, -548.523, 0.000, 3.892, 0.000, 0.000, 27.780, 0.000, 1.919
27.050, 1, NPC, -604.015, -281.844, 0.000, 3.892, 0.000, 0.000, 0.000, 0.000, 3.585
27.100, 0, Ego, -891.291, -549.469, 0.000, 3.892, 0.000, 0.000, 27.780, 0.000, 5.887
27.100, 1, NPC, -604.015, -281.844, 0.000, 3.892, 0.000, 0.000, 0.000, 0.000, 3.585
27.150, 0, Ego, -892.307, -550.416, 0.000, 3.892, 0.000, 0.000, 27.780, 0.000, 3.573
27.150, 1, NPC, -604.015, -281.844, 0.000, 3.892, 0.000, 0.000, 0.000, 0.000, 3.585
27.200, 0, Ego, -893.324, -551.363, 0.000, 3.892, 0.000, 0.000, 27.780, 0.000, 1.258
27.200, 1, NPC, -604.015, -281.844, 0.000, 3.892, 0.000, 0.000, 0.000, 0.000, 3.585
27.250, 0, Ego, -894.340, -552.310, 0.000, 3.892, 0.000, 0.000, 27.780, 0.000, 5.227
27.250, 1, NPC, -604.015, -281.844, 0.000, 3.892, 0.000, 0.000, 0.000, 0.000, 3.585
27.300, 0, Ego, -895.356, -553.257, 0.000, 3.892, 0.000, 0.000, 27.780, 0.000, 2.912
27.300, 1, NPC, -604.015, -281.844, 0.000, 3.892, 0.000, 0.000, 0.000, 0.000, 3.585
27.350, 0, Ego, -896.372, -554.203, 0.000, 3.892, 0.000, 0.000, 27.780, 0.000, 0.598
27.350, 1, NPC, -604.015, -281.844, 0.000, 3.892, 0.000, 0.000, 0.000, 0.000, 3.585
27.400, 0, Ego, -897.389, -555.150, 0.000, 3.892, 0.000, 0.000, 27.780, 0.000, 4.566
27.400, 1, NPC, -604.015, -281.844, 0.000, 3.892, 0.000, 0.000, 0.000, 0.000, 3.585
27.450, 0, Ego, -898.405, -556.097, 0.000, 3.892, 0.000, 0.000, 27.780, 0.000, 2.252
27.450, 1, NPC, -604.015, -281.844, 0.000, 3.892, 0.000, 0.000, 0.000, 0.000, 3.585
27.500, 0, Ego, -899.421, -557.044, 0.000, 3.892, 0.000, 0.000, 27.780, 0.000, 6.220
27.500, 1, NPC, -604.015, -281.844, 0.000, 3.892, 0.000, 0.000, 0.000, 0.000, 3.585
27.550, 0, Ego, -900.438, -557.991, 0.000, 3.892, 0.000, 0.000, 27.780, 0.000, 3.906
27.550, 1, NPC, -604.015, -281.844, 0.000, 3.892, 0.000, 0.000, 0.000, 0.000, 3.585
27.600, 0, Ego, -901.454, -558.937, 0.000, 3.892, 0.000, 0.000, 27.780, 0.000, 1.591
27.600, 1, NPC, -604.015, -281.844, 0.000, 3.892, 0.000, 0.000, 0.000, 0.000, 3.585
27.650, 0, Ego, -902.470, -559.884, 0.000, 3.892, 0.000, 0.000, 27.780, 0.000, 5.559
27.650, 1, NPC, -604.015, -281.844, 0.000, 3.892, 0.000, 0.000, 0.000, 0.000, 3.585
27.700, 0, Ego, -903.487, -560.831, 0.000, 3.892, 0.000, 0.000, 27.780, 0.000, 3.245
27.700, 1, NPC, -604.015, -281.844, 0.000, 3.892, 0.000, 0.000, 0.000, 0.000, 3.585
27.750, 0, Ego, -904.503, -561.778, 0.000, 3.892, 0.000, 0.000, 27.780, 0.000, 0.930
27.750, 1, NPC, -604.015, -281.844, 0.000, 3.892, 0.000, 0.000, 0.000, 0.000, 3.585
27.800, 0, Ego, -905.519, -562.725, 0.000, 3.892, 0.000, 0.000, 27.780, 0.000, 4.899
27.800, 1, NPC, -604.015, -281.844, 0.000, 3.892, 0.000, 0.000, 0.000, 0.000, 3.585
27.850, 0, Ego, -906.536, -563.671, 0.000, 3.892, 0.000, 0.000, 27.780, 0.000, 2.584
27.850, 1, NPC, -604.015, -281.844, 0.000, 3.892, 0.000, 0.000, 0.000, 0.000, 3.585
27.900, 0, Ego, -907.552, -564.618, 0.000, 3.892, 0.000, 0.000, 27.780, 0.000, 0.270
27.900, 1, NPC, -604.015, -281.844, 0.000, 3.892, 0.000, 0.000, 0.000, 0.000, 3.585
27.950, 0, Ego, -908.568, -565.565, 0.000, 3.892, 0.000, 0.000, 27.780, 0.000, 4.238
27.950, 1, NPC, -604.015, -281.844, 0.000, 3.892, 0.000, 0.000, 0.000, 0.000, 3.585
28.000, 0, Ego, -909.585, -566.512, 0.000, 3.892, 0.000, 0.000, 27.780, 0.000, 1.924
28.000, 1, NPC, -604.015, -281.844, 0.000, 3.892, 0.000, 0.000, 0.000, 0.000, 3.585
28.050, 0, Ego, -910.601, -567.459, 0.000, 3.892, 0.000, 0.000, 27.780, 0.000, 5.892
28.050, 1, NPC, -604.015, -281.844, 0.000, 3.892, 0.000, 0.000, 0.000, 0.000, 3.585
28.100, 0, Ego, -911.617, -568.405, 0.000, 3.892, 0.000, 0.000, 27.780, 0.000, 3.578
28.100, 1, NPC, -604.015, -281.844, 0.000, 3.892, 0.000, 0.000, 0.000, 0.000, 3.585
28.150, 0, Ego, -912.634, -569.352, 0.000, 3.892, 0.000, 0.000, 27.780, 0.000, 1.263
28.150, 1, NPC, -604.015, -281.844, 0.000, 3.892, 0.000, 0.000, 0.000, 0.000, 3.585
28.200, 0, Ego, -913.650, -570.299, 0.000, 3.892, 0.000, 0.000, 27.780, 0.000, 5.231
28.200, 1, NPC, -604.015, -281.844, 0.000, 3.892, 0.000, 0.000, 0.000, 0.000, 3.585
28.250, 0, Ego, -914.666, -571.246, 0.000, 3.892, 0.000, 0.000, 27.780, 0.000, 2.917
28.250, 1, NPC, -604.015, -281.844, 0.000, 3.892, 0.000, 0.000, 0.000, 0.000, 3.585
28.300, 0, Ego, -915.682, -572.193, 0.000, 3.892, 0.000, 0.000, 27.780, 0.000, 0.602
28.300, 1, NPC, -604.015, -281.844, 0.000, 3.892, 0.000, 0.000, 0.000, 0.000, 3.585
28.350, 0, Ego, -916.699, -573.139, 0.000, 3.892, 0.000, 0.000, 27.780, 0.000, 4.571
28.350, 1, NPC, -604.015, -281.844, 0.000, 3.892, 0.000, 0.000, 0.000, 0.000, 3.585
28.400, 0, Ego, -917.715, -574.086, 0.000, 3.892, 0.000, 0.000, 27.780, 0.000, 2.256
28.400, 1, NPC, -604.015, -281.844, 0.000, 3.892, 0.000, 0.000, 0.000, 0.000, 3.585
28.450, 0, Ego, -918.731, -575.033, 0.000, 3.892, 0.000, 0.000, 27.780, 0.000, 6.225
28.450, 1, NPC, -604.015, -281.844, 0.000, 3.892, 0.000, 0.000, 0.000, 0.000, 3.585
28.500, 0, Ego, -919.748, -575.980, 0.000, 3.892, 0.000, 0.000, 27.780, 0.000, 3.910
28.500, 1, NPC, -604.015, -281.844, 0.000, 3.892, 0.000, 0.000, 0.000, 0.000, 3.585
28.550, 0, Ego, -920.764, -576.927, 0.000, 3.892, 0.000, 0.000, 27.780, 0.000, 1.596
28.550, 1, NPC, -604.015, -281.844, 0.000, 3.892, 0.000, 0.000, 0.000, 0.000, 3.585
28.600, 0, Ego, -921.780, -577.873, 0.000, 3.892, 0.000, 0.000, 27.780, 0.000, 5.564
28.600, 1, NPC, -604.015, -281.844, 0.000, 3.892, 0.000, 0.000, 0.000, 0.000, 3.585
28.650, 0, Ego, -922.797, -578.820, 0.000, 3.892, 0.000, 0.000, 27.780, 0.000, 3.250
28.650, 1, NPC, -604.015, -281.844, 0.000, 3.892, 0.000, 0.000, 0.000, 0.000, 3.585
28.700, 0, Ego, -923.813, -579.767, 0.000, 3.892, 0.000, 0.000, 27.780, 0.000, 0.935
28.700, 1, NPC, -604.015, -281.844, 0.000, 3.892, 0.000, 0.000, 0.000, 0.000, 3.585
28.750, 0, Ego, -924.829, -580.714, 0.000, 3.892, 0.000, 0.000, 27.780, 0.000, 4.903
28.750, 1, NPC, -604.015, -281.844, 0.000, 3.892, 0.000, 0.000, 0.000, 0.000, 3.585
28.800, 0, Ego, -925.846, -581.661, 0.000, 3.892, 0.000, 0.000, 27.780, 0.000, 2.589
28.800, 1, NPC, -604.015, -281.844, 0.000, 3.892, 0.000, 0.000, 0.000, 0.000, 3.585
28.850, 0, Ego, -926.862, -582.607, 0.000, 3.892, 0.000, 0.000, 27.780, 0.000, 0.274
28.850, 1, NPC, -604.015, -281.844, 0.000, 3.892, 0.000, 0.000, 0.000, 0.000, 3.585
28.900, 0, Ego, -927.878, -583.554, 0.000, 3.892, 0.000, 0.000, 27.780, 0.000, 4.243
28.900, 1, NPC, -604.015, -281.844, 0.000, 3.892, 0.000, 0.000, 0.000, 0.000, 3.585
28.950, 0, Ego, -928.895, -584.501, 0.000, 3.892, 0.000, 0.000, 27.780, 0.000, 1.928
28.950, 1, NPC, -604.015, -281.844, 0.000, 3.892, 0.000, 0.000, 0.000, 0.000, 3.585
29.000, 0, Ego, -929.911, -585.448, 0.000, 3.892, 0.000, 0.000, 27.780, 0.000, 5.897
29.000, 1, NPC, -604.015, -281.844, 0.000, 3.892, 0.000, 0.000, 0.000, 0.000, 3.585
29.050, 0, Ego, -930.927, -586.394, 0.000, 3.892, 0.000, 0.000, 27.780, 0.000, 3.582
29.050, 1, NPC, -604.015, -281.844, 0.000, 3.892, 0.000, 0.000, 0.000, 0.000, 3.585
29.100, 0, Ego, -931.944, -587.341, 0.000, 3.892, 0.000, 0.000, 27.780, 0.000, 1.268
29.100, 1, NPC, -604.015, -281.844, 0.000, 3.892, 0.000, 0.000, 0.000, 0.000, 3.585
29.150, 0, Ego, -932.960, -588.288, 0.000, 3.892, 0.000, 0.000, 27.780, 0.000, 5.236
29.150, 1, NPC, -604.015, -281.844, 0.000, 3.892, 0.000, 0.000, 0.000, 0.000, 3.585
29.200, 0, Ego, -933.976, -589.235, 0.000, 3.892, 0.000, 0.000, 27.780, 0.000, 2.921
29.200, 1, NPC, -604.015, -281.844, 0.000, 3.892, 0.000, 0.000, 0.000, 0.000, 3.585
29.250, 0, Ego, -934.992, -590.182, 0.000, 3.892, 0.000, 0.000, 27.780, 0.000, 0.607
29.250, 1, NPC, -604.015, -281.844, 0.000, 3.892, 0.000, 0.000, 0.000, 0.000, 3.585
29.300, 0, Ego, -936.009, -591.128, 0.000, 3.892, 0.000, 0.000, 27.780, 0.000, 4.575
29.300, 1, NPC, -604.015, -281.844, 0.000, 3.892, 0.000, 0.000, 0.000, 0.000, 3.585
29.350, 0, Ego, -937.025, -592.075, 0.000, 3.892, 0.000, 0.000, 27.780, 0.000, 2.261
29.350, 1, NPC, -604.015, -281.844, 0.000, 3.892, 0.000, 0.000, 0.000, 0.000, 3.585
29.400, 0, Ego, -938.041, -593.022, 0.000, 3.892, 0.000, 0.000, 27.780, 0.000, 6.229
29.400, 1, NPC, -604.015, -281.844, 0.000, 3.892, 0.000, 0.000, 0.000, 0.000, 3.585
29.450, 0, Ego, -939.058, -593.969, 0.000, 3.892, 0.000, 0.000, 27.780, 0.000, 3.915
29.450, 1, NPC, -604.015, -281.844, 0.000, 3.892, 0.000, 0.000, 0.000, 0.000, 3.585
29.500, 0, Ego, -940.074, -594.916, 0.000, 3.892, 0.000, 0.000, 27.780, 0.000, 1.600
29.500, 1, NPC, -604.015, -281.844, 0.000, 3.892, 0.000, 0.000, 0.000, 0.000, 3.585
29.550, 0, Ego, -941.090, -595.862, 0.000, 3.892, 0.000, 0.000, 27.780, 0.000, 5.569
29.550, 1, NPC, -604.015, -281.844, 0.000, 3.892, 0.000, 0.000, 0.000, 0.000, 3.585
29.600, 0, Ego, -942.107, -596.809, 0.000, 3.892, 0.000, 0.000, 27.780, 0.000, 3.254
29.600, 1, NPC, -604.015, -281.844, 0.000, 3.892, 0.000, 0.000, 0.000, 0.000, 3.585
29.650, 0, Ego, -354.970, -54.789, 0.000, 0.749, 0.000, 0.000, 27.780, 1.423, 0.940
29.650, 1, NPC, -604.015, -281.844, 0.000, 3.892, 0.000, 0.000, 0.000, 0.000, 3.585
29.700, 0, Ego, -353.949, -53.847, 0.000, 0.742, 0.000, 0.000, 27.780, -0.015, 4.908
29.700, 1, NPC, -604.015, -281.844, 0.000, 3.892, 0.000, 0.000, 0.000, 0.000, 3.585
29.750, 0, Ego, -352.922, -52.912, 0.000, 0.735, 0.000, 0.000, 27.780, -0.015, 2.593
29.750, 1, NPC, -604.015, -281.844, 0.000, 3.892, 0.000, 0.000, 0.000, 0.000, 3.585
29.800, 0, Ego, -351.888, -51.985, 0.000, 0.728, 0.000, 0.000, 27.780, -0.015, 0.279
29.800, 1, NPC, -604.015, -281.844, 0.000, 3.892, 0.000, 0.000, 0.000, 0.000, 3.585
29.850, 0, Ego, -350.848, -51.064, 0.000, 0.721, 0.000, 0.000, 27.780, -0.015, 4.247
29.850, 1, NPC, -604.015, -281.844, 0.000, 3.892, 0.000, 0.000, 0.000, 0.000, 3.585
29.900, 0, Ego, -349.801, -50.151, 0.000, 0.714, 0.000, 0.000, 27.780, -0.015, 1.933
29.900, 1, NPC, -604.015, -281.844, 0.000, 3.892, 0.000, 0.000, 0.000, 0.000, 3.585
29.950, 0, Ego, -348.748, -49.246, 0.000, 0.707, 0.000, 0.000, 27.780, -0.015, 5.901
29.950, 1, NPC, -604.015, -281.844, 0.000, 3.892, 0.000, 0.000, 0.000, 0.000, 3.585
30.000, 0, Ego, -347.689, -48.347, 0.000, 0.700, 0.000, 0.000, 27.780, -0.015, 3.587
30.000, 1, NPC, -604.015, -281.844, 0.000, 3.892, 0.000, 0.000, 0.000, 0.000, 3.585
30.050, 0, Ego, -346.623, -47.456, 0.000, 0.693, 0.000, 0.000, 27.780, -0.015, 1.272
30.050, 1, NPC, -604.015, -281.844, 0.000, 3.892, 0.000, 0.000, 0.000, 0.000, 3.585
30.100, 0, Ego, -345.551, -46.573, 0.000, 0.686, 0.000, 0.000, 27.780, -0.015, 5.241
30.100, 1, NPC, -604.015, -281.844, 0.000, 3.892, 0.000, 0.000, 0.000, 0.000, 3.585
30.150, 0, Ego, -344.473, -45.697, 0.000, 0.679, 0.000, 0.000, 27.780, -0.015, 2.926
30.150, 1, NPC, -604.015, -281.844, 0.000, 3.892, 0.000, 0.000, 0.000, 0.000, 3.585
30.200, 0, Ego, -343.389, -44.829, 0.000, 0.672, 0.000, 0.000, 27.780, -0.015, 0.612
30.200, 1, NPC, -604.015, -281.844, 0.000, 3.892, 0.000, 0.000, 0.000, 0.000, 3.585
30.250, 0, Ego, -342.299, -43.968, 0.000, 0.665, 0.000, 0.000, 27.780, -0.015, 4.580
30.250, 1, NPC, -604.015, -281.844, 0.000, 3.892, 0.000, 0.000, 0.000, 0.000, 3.585
30.300, 0, Ego, -341.203, -43.115, 0.000, 0.658, 0.000, 0.000, 27.780, -0.015, 2.265
30.300, 1, NPC, -604.015, -281.844, 0.000, 3.892, 0.000, 0.000, 0.000, 0.000, 3.585
30.350, 0, Ego, -340.101, -42.270, 0.000, 0.651, 0.000, 0.000, 27.780, -0.015, 6.234
30.350, 1, NPC, -604.015, -281.844, 0.000, 3.892, 0.000, 0.000, 0.000, 0.000, 3.585
30.400, 0, Ego, -338.993, -41.432, 0.000, 0.644, 0.000, 0.000, 27.780, -0.015, 3.919
30.400, 1, NPC, -604.015, -281.844, 0.000, 3.892, 0.000, 0.000, 0.000, 0.000, 3.585
30.450, 0, Ego, -337.879, -40.602, 0.000, 0.637, 0.000, 0.000, 27.780, -0.015, 1.605
30.450, 1, NPC, -604.015, -281.844, 0.000, 3.892, 0.000, 0.000, 0.000, 0.000, 3.585
30.500, 0, Ego, -336.759, -39.780, 0.000, 0.630, 0.000, 0.000, 27.780, -0.015, 5.573
30.500, 1, NPC, -604.015, -281.844, 0.000, 3.892, 0.000, 0.000, 0.000, 0.000, 3.585
30.550, 0, Ego, -335.634, -38.966, 0.000, 0.623, 0.000, 0.000, 27.780, -0.015, 3.259
30.550, 1, NPC, -604.015, -281.844, 0.000, 3.892, 0.000, 0.000, 0.000, 0.000, 3.585
30.600, 0, Ego, -334.503, -38.160, 0.000, 0.616, 0.000, 0.000, 27.780, -0.015, 0.944
30.600, 1, NPC, -604.015, -281.844, 0.000, 3.892, 0.000, 0.000, 0.000, 0.000, 3.585
30.650, 0, Ego, -333.366, -37.362, 0.000, 0.609, 0.000, 0.000, 27.780, -0.015, 4.913
30.650, 1, NPC, -604.015, -281.844, 0.000, 3.892, 0.000, 0.000, 0.000, 0.000, 3.585
30.700, 0, Ego, -332.224, -36.571, 0.000, 0.602, 0.000, 0.000, 27.780, -0.015, 2.598
30.700, 1, NPC, -604.015, -281.844, 0.000, 3.892, 0.000, 0.000, 0.000, 0.000, 3.585
30.750, 0, Ego, -331.076, -35.789, 0.000, 0.595, 0.000, 0.000, 27.780, -0.015, 0.284
30.750, 1, NPC, -604.015, -281.844, 0.000, 3.892, 0.000, 0.000, 0.000, 0.000, 3.585
30.800, 0, Ego, -329.923, -35.015, 0.000, 0.588, 0.000, 0.000, 27.780, -0.015, 4.252
30.800, 1, NPC, -604.015, -281.844, 0.000, 3.892, 0.000, 0.000, 0.000, 0.000, 3.585
30.850, 0, Ego, -328.764, -34.249, 0.000, 0.581, 0.000, 0.000, 27.780, -0.015, 1.937
30.850, 1, NPC, -604.015, -281.844, 0.000, 3.892, 0.000, 0.000, 0.000, 0.000, 3.585
30.900, 0, Ego, -327.600, -33.491, 0.000, 0.574, 0.000, 0.000, 27.780, -0.015, 5.906
30.900, 1, NPC, -604.015, -281.844, 0.000, 3.892, 0.000, 0.000, 0.000, 0.000, 3.585
30.950, 0, Ego, -326.431, -32.741, 0.000, 0.567, 0.000, 0.000, 27.780, -0.015, 3.591
30.950, 1, NPC, -604.015, -281.844, 0.000, 3.892, 0.000, 0.000, 0.000, 0.000, 3.585
31.000, 0, Ego, -325.256, -32.000, 0.000, 0.560, 0.000, 0.000, 27.780, -0.015, 1.277
31.000, 1, NPC, -604.015, -281.844, 0.000, 3.892, 0.000, 0.000, 0.000, 0.000, 3.585
31.050, 0, Ego, -324.077, -31.266, 0.000, 0.553, 0.000, 0.000, 27.780, -0.015, 5.245
31.050, 1, NPC, -604.015, -281.844, 0.000, 3.892, 0.000, 0.000, 0.000, 0.000, 3.585
31.100, 0, Ego, -322.892, -30.541, 0.000, 0.546, 0.000, 0.000, 27.780, -0.015, 2.931
31.100, 1, NPC, -604.015, -281.844, 0.000, 3.892, 0.000, 0.000, 0.000, 0.000, 3.585
31.150, 0, Ego, -321.702, -29.824, 0.000, 0.539, 0.000, 0.000, 27.780, -0.015, 0.616
31.150, 1, NPC, -604.015, -281.844, 0.000, 3.892, 0.000, 0.000, 0.000, 0.000, 3.585
31.200, 0, Ego, -320.507, -29.116, 0.000, 0.532, 0.000, 0.000, 27.780, -0.015, 4.585
31.200, 1, NPC, -604.015, -281.844, 0.000, 3.892, 0.000, 0.000, 0.000, 0.000, 3.585
31.250, 0, Ego, -319.308, -28.416, 0.000, 0.525, 0.000, 0.000, 27.780, -0.015, 2.270
31.250, 1, NPC, -604.015, -281.844, 0.000, 3.892, 0.000, 0.000, 0.000, 0.000, 3.585
31.300, 0, Ego, -318.103, -27.725, 0.000, 0.518, 0.000, 0.000, 27.780, -0.015, 6.239
31.300, 1, NPC, -604.015, -281.844, 0.000, 3.892, 0.000, 0.000, 0.000, 0.000, 3.585
31.350, 0, Ego, -316.894, -27.041, 0.000, 0.511, 0.000, 0.000, 27.780, -0.015, 3.924
31.350, 1, NPC, -604.015, -281.844, 0.000, 3.892, 0.000, 0.000, 0.000, 0.000, 3.585
31.400, 0, Ego, -315.680, -26.367, 0.000, 0.504, 0.000, 0.000, 27.780, -0.015, 1.609
31.400, 1, NPC, -604.015, -281.844, 0.000, 3.892, 0.000, 0.000, 0.000, 0.000, 3.585
31.450, 0, Ego, -314.461, -25.701, 0.000, 0.497, 0.000, 0.000, 27.780, -0.015, 5.578
31.450, 1, NPC, -604.015, -281.844, 0.000, 3.892, 0.000, 0.000, 0.000, 0.000, 3.585
31.500, 0, Ego, -313.237, -25.043, 0.000, 0.490, 0.000, 0.000, 27.780, -0.015, 3.263
31.500, 1, NPC, -604.015, -281.844, 0.000, 3.892, 0.000, 0.000, 0.000, 0.000, 3.585
31.550, 0, Ego, -312.009, -24.394, 0.000, 0.483, 0.000, 0.000, 27.780, -0.015, 0.949
31.550, 1, NPC, -604.015, -281.844, 0.000, 3.892, 0.000, 0.000, 0.000, 0.000, 3.585
31.600, 0, Ego, -310.776, -23.754, 0.000, 0.476, 0.000, 0.000, 27.780, -0.015, 4.917
31.600, 1, NPC, -604.015, -281.844, 0.000, 3.892, 0.000, 0.000, 0.000, 0.000, 3.585
31.650, 0, Ego, -309.539, -23.122, 0.000, 0.469, 0.000, 0.000, 27.780, -0.015, 2.603
31.650, 1, NPC, -604.015, -281.844, 0.000, 3.892, 0.000, 0.000, 0.000, 0.000, 3.585
31.700, 0, Ego, -308.298, -22.499, 0.000, 0.462, 0.000, 0.000, 27.780, -0.015, 0.288
31.700, 1, NPC, -604.015, -281.844, 0.000, 3.892, 0.000, 0.000, 0.000, 0.000, 3.585
31.750, 0, Ego, -307.052, -21.885, 0.000, 0.455, 0.000, 0.000, 27.780, -0.015, 4.257
31.750, 1, NPC, -604.015, -281.844, 0.000, 3.892, 0.000, 0.000, 0.000, 0.000, 3.585
31.800, 0, Ego, -305.802, -21.279, 0.000, 0.448, 0.000, 0.000, 27.780, -0.015, 1.942
31.800, 1, NPC, -604.015, -281.844, 0.000, 3.892, 0.000, 0.000, 0.000, 0.000, 3.585
31.850, 0, Ego, -304.548, -20.683, 0.000, 0.441, 0.000, 0.000, 27.780, -0.015, 5.911
31.850, 1, NPC, -604.015, -281.844, 0.000, 3.892, 0.000, 0.000, 0.000, 0.000, 3.585
31.900, 0, Ego, -303.289, -20.095, 0.000, 0.434, 0.000, 0.000, 27.780, -0.015, 3.596
31.900, 1, NPC, -604.015, -281.844, 0.000, 3.892, 0.000, 0.000, 0.000, 0.000, 3.585
31.950, 0, Ego, -302.027, -19.516, 0.000, 0.427, 0.000, 0.000, 27.780, -0.015, 1.281
31.950, 1, NPC, -604.015, -281.844, 0.000, 3.892, 0.000, 0.000, 0.000, 0.000, 3.585
32.000, 0, Ego, -300.760, -18.945, 0.000, 0.420, 0.000, 0.000, 27.780, -0.015, 5.250
32.000, 1, NPC, -604.015, -281.844, 0.000, 3.892, 0.000, 0.000, 0.000, 0.000, 3.585
32.050, 0, Ego, -299.490, -18.384, 0.000, 0.413, 0.000, 0.000, 27.780, -0.015, 2.935
32.050, 1, NPC, -604.015, -281.844, 0.000, 3.892, 0.000, 0.000, 0.000, 0.000, 3.585
32.100, 0, Ego, -298.216, -17.831, 0.000, 0.406, 0.000, 0.000, 27.780, -0.015, 0.621
32.100, 1, NPC, -604.015, -281.844, 0.000, 3.892, 0.000, 0.000, 0.000, 0.000, 3.585
32.150, 0, Ego, -296.937, -17.288, 0.000, 0.399, 0.000, 0.000, 27.780, -0.015, 4.589
32.150, 1, NPC, -604.015, -281.844, 0.000, 3.892, 0.000, 0.000, 0.000, 0.000, 3.585
32.200, 0, Ego, -295.655, -16.753, 0.000, 0.392, 0.000, 0.000, 27.780, -0.015, 2.275
32.200, 1, NPC, -604.015, -281.844, 0.000, 3.892, 0.000, 0.000, 0.000, 0.000, 3.585
32.250, 0, Ego, -294.370, -16.228, 0.000, 0.385, 0.000, 0.000, 27.780, -0.015, 6.243
32.250, 1, NPC, -604.015, -281.844, 0.000, 3.892, 0.000, 0.000, 0.000, 0.000, 3.585
32.300, 0, Ego, -293.080, -15.711, 0.000, 0.378, 0.000, 0.000, 27.780, -0.015, 3.929
32.300, 1, NPC, -604.015, -281.844, 0.000, 3.892, 0.000, 0.000, 0.000, 0.000, 3.585
32.350, 0, Ego, -291.787, -15.204, 0.000, 0.371, 0.000, 0.000, 27.780, -0.015, 1.614
32.350, 1, NPC, -604.015, -281.844, 0.000, 3.892, 0.000, 0.000, 0.000, 0.000, 3.585
32.400, 0, Ego, -290.491, -14.705, 0.000, 0.364, 0.000, 0.000, 27.780, -0.015, 5.583
32.400, 1, NPC, -604.015, -281.844, 0.000, 3.892, 0.000, 0.000, 0.000, 0.000, 3.585
32.450, 0, Ego, -289.191, -14.216, 0.000, 0.357, 0.000, 0.000, 27.780, -0.015, 3.268
32.450, 1, NPC, -604.015, -281.844, 0.000, 3.892, 0.000, 0.000, 0.000, 0.000, 3.585
32.500, 0, Ego, -287.887, -13.736, 0.000, 0.350, 0.000, 0.000, 27.780, -0.015, 0.953
32.500, 1, NPC, -604.015, -281.844, 0.000, 3.892, 0.000, 0.000, 0.000, 0.000, 3.585
32.550, 0, Ego, -286.581, -13.265, 0.000, 0.342, 0.000, 0.000, 27.780, -0.015, 4.922
32.550, 1, NPC, -604.015, -281.844, 0.000, 3.892, 0.000, 0.000, 0.000, 0.000, 3.585
32.600, 0, Ego, -285.271, -12.803, 0.000, 0.335, 0.000, 0.000, 27.780, -0.015, 2.607
32.600, 1, NPC, -604.015, -281.844, 0.000, 3.892, 0.000, 0.000, 0.000, 0.000, 3.585
32.650, 0, Ego, -283.958, -12.350, 0.000, 0.328, 0.000, 0.000, 27.780, -0.015, 0.293
32.650, 1, NPC, -604.015, -281.844, 0.000, 3.892, 0.000, 0.000, 0.000, 0.000, 3.585
32.700, 0, Ego, -282.641, -11.907, 0.000, 0.321, 0.000, 0.000, 27.780, -0.015, 4.261
32.700, 1, NPC, -604.015, -281.844, 0.000, 3.892, 0.000, 0.000, 0.000, 0.000, 3.585
32.750, 0, Ego, -281.322, -11.472, 0.000, 0.314, 0.000, 0.000, 27.780, -0.015, 1.947
32.750, 1, NPC, -604.015, -281.844, 0.000, 3.892, 0.000, 0.000, 0.000, 0.000, 3.585
32.800, 0, Ego, -280.000, -11.047, 0.000, 0.307, 0.000, 0.000, 27.780, -0.015, 5.915
32.800, 1, NPC, -604.015, -281.844, 0.000, 3.892, 0.000, 0.000, 0.000, 0.000, 3.585
32.850, 0, Ego, -278.674, -10.632, 0.000, 0.300, 0.000, 0.000, 27.780, -0.015, 3.601
32.850, 1, NPC, -604.015, -281.844, 0.000, 3.892, 0.000, 0.000, 0.000, 0.000, 3.585
32.900, 0, Ego, -277.346, -10.225, 0.000, 0.293, 0.000, 0.000, 27.780, -0.015, 1.286
32.900, 1, NPC, -604.015, -281.844, 0.000, 3.892, 0.000, 0.000, 0.000, 0.000, 3.585
32.950, 0, Ego, -276.015, -9.828, 0.000, 0.286, 0.000, 0.000, 27.780, -0.015, 5.255
32.950, 1, NPC, -604.015, -281.844, 0.000, 3.892, 0.000, 0.000, 0.000, 0.000, 3.585
33.000, 0, Ego, -274.681, -9.440, 0.000, 0.279, 0.000, 0.000, 27.780, -0.015, 2.940
33.000, 1, NPC, -604.015, -281.844, 0.000, 3.892, 0.000, 0.000, 0.000, 0.000, 3.585
33.050, 0, Ego, -273.345, -9.062, 0.000, 0.272, 0.000, 0.000, 27.780, -0.015, 0.625
33.050, 1, NPC, -604.015, -281.844, 0.000, 3.892, 0.000, 0.000, 0.000, 0.000, 3.585
33.100, 0, Ego, -272.006, -8.693, 0.000, 0.265, 0.000, 0.000, 27.780, -0.015, 4.594
33.100, 1, NPC, -604.015, -281.844, 0.000, 3.892, 0.000, 0.000, 0.000, 0.000, 3.585
33.150, 0, Ego, -270.664, -8.333, 0.000, 0.258, 0.000, 0.000, 27.780, -0.015, 2.279
33.150, 1, NPC, -604.015, -281.844, 0.000, 3.892, 0.000, 0.000, 0.000, 0.000, 3.585
33.200, 0, Ego, -269.320, -7.983, 0.000, 0.251, 0.000, 0.000, 27.780, -0.015, 6.248
33.200, 1, NPC, -604.015, -281.844, 0.000, 3.892, 0.000, 0.000, 0.000, 0.000, 3.585
33.250, 0, Ego, -267.974, -7.642, 0.000, 0.244, 0.000, 0.000, 27.780, -0.015, 3.933
33.250, 1, NPC, -604.015, -281.844, 0.000, 3.892, 0.000, 0.000, 0.000, 0.000, 3.585
33.300, 0, Ego, -266.625, -7.311, 0.000, 0.237, 0.000, 0.000, 27.780, -0.015, 1.619
33.300, 1, NPC, -604.015, -281.844, 0.000, 3.892, 0.000, 0.000, 0.000, 0.000, 3.585
33.350, 0, Ego, -265.273, -6.989, 0.000, 0.230, 0.000, 0.000, 27.780, -0.015, 5.587
33.350, 1, NPC, -604.015, -281.844, 0.000, 3.892, 0.000, 0.000, 0.000, 0.000, 3.585
33.400, 0, Ego, -263.920, -6.676, 0.000, 0.223, 0.000, 0.000, 27.780, -0.015, 3.273
33.400, 1, NPC, -604.015, -281.844, 0.000, 3.892, 0.000, 0.000, 0.000, 0.000, 3.585
33.450, 0, Ego, -262.564, -6.373, 0.000, 0.216, 0.000, 0.000, 27.780, -0.015, 0.958
33.450, 1, NPC, -604.015, -281.844, 0.000, 3.892, 0.000, 0.000, 0.000, 0.000, 3.585
33.500, 0, Ego, -261.207, -6.080, 0.000, 0.209, 0.000, 0.000, 27.780, -0.015, 4.927
33.500, 1, NPC, -604.015, -281.844, 0.000, 3.892, 0.000, 0.000, 0.000, 0.000, 3.585
33.550, 0, Ego, -259.847, -5.796, 0.000, 0.202, 0.000, 0.000, 27.780, -0.015, 2.612
33.550, 1, NPC, -604.015, -281.844, 0.000, 3.892, 0.000, 0.000, 0.000, 0.000, 3.585
33.600, 0, Ego, -258.486, -5.521, 0.000, 0.195, 0.000, 0.000, 27.780, -0.015, 0.297
33.600, 1, NPC, -604.015, -281.844, 0.000, 3.892, 0.000, 0.000, 0.000, 0.000, 3.585
33.650, 0, Ego, -257.122, -5.257, 0.000, 0.188, 0.000, 0.000, 27.780, -0.015, 4.266
33.650, 1, NPC, -604.015, -281.844, 0.000, 3.892, 0.000, 0.000, 0.000, 0.000, 3.585
33.700, 0, Ego, -255.757, -5.001, 0.000, 0.181, 0.000, 0.000, 27.780, -0.015, 1.951
33.700, 1, NPC, -604.015, -281.844, 0.000, 3.892, 0.000, 0.000, 0.000, 0.000, 3.585
33.750, 0, Ego, -254.390, -4.755, 0.000, 0.174, 0.000, 0.000, 27.780, -0.015, 5.920
33.750, 1, NPC, -604.015, -281.844, 0.000, 3.892, 0.000, 0.000, 0.000, 0.000, 3.585
33.800, 0, Ego, -253.021, -4.519, 0.000, 0.167, 0.000, 0.000, 27.780, -0.015, 3.605
33.800, 1, NPC, -604.015, -281.844, 0.000, 3.892, 0.000, 0.000, 0.000, 0.000, 3.585
33.850, 0, Ego, -251.650, -4.293, 0.000, 0.160, 0.000, 0.000, 27.780, -0.015, 1.291
33.850, 1, NPC, -604.015, -281.844, 0.000, 3.892, 0.000, 0.000, 0.000, 0.000, 3.585
33.900, 0, Ego, -250.279, -4.076, 0.000, 0.153, 0.000, 0.000, 27.780, -0.015, 5.259
33.900, 1, NPC, -604.015, -281.844, 0.000, 3.892, 0.000, 0.000, 0.000, 0.000, 3.585
33.950, 0, Ego, -248.905, -3.869, 0.000, 0.146, 0.000, 0.000, 27.780, -0.015, 2.945
33.950, 1, NPC, -604.015, -281.844, 0.000, 3.892, 0.000, 0.000, 0.000, 0.000, 3.585
34.000, 0, Ego, -247.530, -3.671, 0.000, 0.139, 0.000, 0.000, 27.780, -0.015, 0.630
34.000, 1, NPC, -604.015, -281.844, 0.000, 3.892, 0.000, 0.000, 0.000, 0.000, 3.585
34.050, 0, Ego, -246.154, -3.483, 0.000, 0.132, 0.000, 0.000, 27.780, -0.015, 4.599
34.050, 1, NPC, -604.015, -281.844, 0.000, 3.892, 0.000, 0.000, 0.000, 0.000, 3.585
34.100, 0, Ego, -244.777, -3.304, 0.000, 0.125, 0.000, 0.000, 27.780, -0.015, 2.284
34.100, 1, NPC, -604.015, -281.844, 0.000, 3.892, 0.000, 0.000, 0.000, 0.000, 3.585
34.150, 0, Ego, -243.398, -3.136, 0.000, 0.118, 0.000, 0.000, 27.780, -0.015, 6.253
34.150, 1, NPC, -604.015, -281.844, 0.000, 3.892, 0.000, 0.000, 0.000, 0.000, 3.585
34.200, 0, Ego, -242.018, -2.976, 0.000, 0.111, 0.000, 0.000, 27.780, -0.015, 3.938
34.200, 1, NPC, -604.015, -281.844, 0.000, 3.892, 0.000, 0.000, 0.000, 0.000, 3.585
34.250, 0, Ego, -240.637, -2.827, 0.000, 0.104, 0.000, 0.000, 27.780, -0.015, 1.623
34.250, 1, NPC, -604.015, -281.844, 0.000, 3.892, 0.000, 0.000, 0.000, 0.000, 3.585
34.300, 0, Ego, -239.255, -2.687, 0.000, 0.097, 0.000, 0.000, 27.780, -0.015, 5.592
34.300, 1, NPC, -604.015, -281.844, 0.000, 3.892, 0.000, 0.000, 0.000, 0.000, 3.585
34.350, 0, Ego, -237.872, -2.557, 0.000, 0.090, 0.000, 0.000, 27.780, -0.015, 3.277
34.350, 1, NPC, -604.015, -281.844, 0.000, 3.892, 0.000, 0.000, 0.000, 0.000, 3.585
34.400, 0, Ego, -236.488, -2.437, 0.000, 0.083, 0.000, 0.000, 27.780, -0.015, 0.963
34.400, 1, NPC, -604.015, -281.844, 0.000, 3.892, 0.000, 0.000, 0.000, 0.000, 3.585
34.450, 0, Ego, -235.104, -2.326, 0.000, 0.076, 0.000, 0.000, 27.780, -0.015, 4.931
34.450, 1, NPC, -604.015, -281.844, 0.000, 3.892, 0.000, 0.000, 0.000, 0.000, 3.585
34.500, 0, Ego, -233.719, -2.225, 0.000, 0.069, 0.000, 0.000, 27.780, -0.015, 2.617
34.500, 1, NPC, -604.015, -281.844, 0.000, 3.892, 0.000, 0.000, 0.000, 0.000, 3.585
34.550, 0, Ego, -232.333, -2.134, 0.000, 0.062, 0.000, 0.000, 27.780, -0.015, 0.302
34.550, 1, NPC, -604.015, -281.844, 0.000, 3.892, 0.000, 0.000, 0.000, 0.000, 3.585
34.600, 0, Ego, -230.946, -2.052, 0.000, 0.055, 0.000, 0.000, 27.780, -0.015, 4.271
34.600, 1, NPC, -604.015, -281.844, 0.000, 3.892, 0.000, 0.000, 0.000, 0.000, 3.585
34.650, 0, Ego, -229.559, -1.981, 0.000, 0.048, 0.000, 0.000, 27.780, -0.015, 1.956
34.650, 1, NPC, -604.015, -281.844, 0.000, 3.892, 0.000, 0.000, 0.000, 0.000, 3.585
34.700, 0, Ego, -228.171, -1.918, 0.000, 0.041, 0.000, 0.000, 27.780, -0.015, 5.925
34.700, 1, NPC, -604.015, -281.844, 0.000, 3.892, 0.000, 0.000, 0.000, 0.000, 3.585
34.750, 0, Ego, -226.783, -1.866, 0.000, 0.034, 0.000, 0.000, 27.780, -0.015, 3.610
34.750, 1, NPC, -604.015, -281.844, 0.000, 3.892, 0.000, 0.000, 0.000, 0.000, 3.585
34.800, 0, Ego, -225.395, -1.823, 0.000, 0.027, 0.000, 0.000, 27.780, -0.015, 1.295
34.800, 1, NPC, -604.015, -281.844, 0.000, 3.892, 0.000, 0.000, 0.000, 0.000, 3.585
34.850, 0, Ego, -224.006, -1.790, 0.000, 0.020, 0.000, 0.000, 27.780, -0.015, 5.264
34.850, 1, NPC, -604.015, -281.844, 0.000, 3.892, 0.000, 0.000, 0.000, 0.000, 3.585
34.900, 0, Ego, -222.617, -1.767, 0.000, 0.013, 0.000, 0.000, 27.780, -0.015, 2.949
34.900, 1, NPC, -604.015, -281.844, 0.000, 3.892, 0.000, 0.000, 0.000, 0.000, 3.585
34.950, 0, Ego, -221.228, -1.754, 0.000, 0.006, 0.000, 0.000, 27.780, -0.015, 0.635
34.950, 1, NPC, -604.015, -281.844, 0.000, 3.892, 0.000, 0.000, 0.000, 0.000, 3.585
35.000, 0, Ego, -219.838, -1.750, 0.000, 6.283, 0.000, 0.000, 27.780, -0.013, 4.603
35.000, 1, NPC, -604.015, -281.844, 0.000, 3.892, 0.000, 0.000, 0.000, 0.000, 3.585
35.050, 0, Ego, -218.449, -1.750, 0.000, 6.283, 0.000, 0.000, 27.780, 0.000, 2.289
35.050, 1, NPC, -604.015, -281.844, 0.000, 3.892, 0.000, 0.000, 0.000, 0.000, 3.585
