time, id, name, x, y, z, h, p, r, speed, wheel_angle, wheel_rot
0.000, 0, Ego, -394.190, -86.372, 0.000, 3.892, 0.000, 0.000, 27.780, 0.000, 0.000
0.000, 1, NPC, -445.408, -134.087, 0.000, 3.892, 0.000, 0.000, 27.780, 0.000, 0.000
0.050, 0, Ego, -395.207, -87.319, 0.000, 3.892, 0.000, 0.000, 27.780, 0.000, 3.969
0.050, 1, NPC, -446.425, -135.034, 0.000, 3.892, 0.000, 0.000, 27.780, 0.000, 3.969
0.100, 0, Ego, -396.223, -88.266, 0.000, 3.892, 0.000, 0.000, 27.780, 0.000, 1.654
0.100, 1, NPC, -447.441, -135.981, 0.000, 3.892, 0.000, 0.000, 27.780, 0.000, 1.654
0.150, 0, Ego, -397.239, -89.213, 0.000, 3.892, 0.000, 0.000, 27.780, 0.000, 5.623
0.150, 1, NPC, -448.457, -136.927, 0.000, 3.892, 0.000, 0.000, 27.780, 0.000, 5.623
0.200, 0, Ego, -398.256, -90.159, 0.000, 3.892, 0.000, 0.000, 27.780, 0.000, 3.308
0.200, 1, NPC, -449.474, -137.874, 0.000, 3.892, 0.000, 0.000, 27.780, 0.000, 3.308
0.250, 0, Ego, -399.272, -91.106, 0.000, 3.892, 0.000, 0.000, 27.780, 0.000, 0.993
0.250, 1, NPC, -450.490, -138.821, 0.000, 3.892, 0.000, 0.000, 27.780, 0.000, 0.993
0.300, 0, Ego, -400.288, -92.053, 0.000, 3.892, 0.000, 0.000, 27.780, 0.000, 4.962
0.300, 1, NPC, -451.506, -139.768, 0.000, 3.892, 0.000, 0.000, 27.780, 0.000, 4.962
0.350, 0, Ego, -401.304, -93.000, 0.000, 3.892, 0.000, 0.000, 27.780, 0.000, 2.647
0.350, 1, NPC, -452.523, -140.715, 0.000, 3.892, 0.000, 0.000, 27.780, 0.000, 2.647
0.400, 0, Ego, -402.321, -93.947, 0.000, 3.892, 0.000, 0.000, 27.780, 0.000, 0.333
0.400, 1, NPC, -453.539, -141.661, 0.000, 3.892, 0.000, 0.000, 27.780, 0.000, 0.333
0.450, 0, Ego, -403.337, -94.893, 0.000, 3.892, 0.000, 0.000, 27.780, 0.000, 4.301
0.450, 1, NPC, -454.555, -142.608, 0.000, 3.892, 0.000, 0.000, 27.780, 0.000, 4.301
0.500, 0, Ego, -404.353, -95.840, 0.000, 3.892, 0.000, 0.000, 27.780, 0.000, 1.987
0.500, 1, NPC, -455.572, -143.555, 0.000, 3.892, 0.000, 0.000, 27.780, 0.000, 1.987
0.550, 0, Ego, -405.370, -96.787, 0.000, 3.892, 0.000, 0.000, 27.780, 0.000, 5.955
0.550, 1, NPC, -456.588, -144.502, 0.000, 3.892, 0.000, 0.000, 27.780, 0.000, 5.955
0.600, 0, Ego, -406.386, -97.734, 0.000, 3.892, 0.000, 0.000, 27.780, 0.000, 3.641
0.600, 1, NPC, -457.604, -145.449, 0.000, 3.892, 0.000, 0.000, 27.780, 0.000, 3.641
0.650, 0, Ego, -407.402, -98.681, 0.000, 3.892, 0.000, 0.000, 27.780, 0.000, 1.326
0.650, 1, NPC, -458.621, -146.395, 0.000, 3.892, 0.000, 0.000, 27.780, 0.000, 1.326
0.700, 0, Ego, -408.419, -99.627, 0.000, 3.892, 0.000, 0.000, 27.780, 0.000, 5.295
0.700, 1, NPC, -459.637, -147.342, 0.000, 3.892, 0.000, 0.000, 27.780, 0.000, 5.295
0.750, 0, Ego, -409.435, -100.574, 0.000, 3.892, 0.000, 0.000, 27.780, 0.000, 2.980
0.750, 1, NPC, -460.653, -148.289, 0.000, 3.892, 0.000, 0.000, 27.780, 0.000, 2.980
0.800, 0, Ego, -410.451, -101.521, 0.000, 3.892, 0.000, 0.000, 27.780, 0.000, 0.665
0.800, 1, NPC, -461.670, -149.236, 0.000, 3.892, 0.000, 0.000, 27.780, 0.000, 0.665
0.850, 0, Ego, -411.468, -102.468, 0.000, 3.892, 0.000, 0.000, 27.780, 0.000, 4.634
0.850, 1, NPC, -462.686, -150.182, 0.000, 3.892, 0.000, 0.000, 27.780, 0.000, 4.634
0.900, 0, Ego, -412.484, -103.415, 0.000, 3.892, 0.000, 0.000, 27.780, 0.000, 2.319
0.900, 1, NPC, -463.702, -151.129, 0.000, 3.892, 0.000, 0.000, 27.780, 0.000, 2.319
0.950, 0, Ego, -413.500, -104.361, 0.000, 3.892, 0.000, 0.000, 27.780, 0.000, 0.005
0.950, 1, NPC, -464.718, -152.076, 0.000, 3.892, 0.000, 0.000, 27.780, 0.000, 0.005
1.000, 0, Ego, -414.517, -105.308, 0.000, 3.892, 0.000, 0.000, 27.780, 0.000, 3.973
1.000, 1, NPC, -465.735, -153.023, 0.000, 3.892, 0.000, 0.000, 27.780, 0.000, 3.973
1.050, 0, Ego, -415.533, -106.255, 0.000, 3.892, 0.000, 0.000, 27.780, 0.000, 1.659
1.050, 1, NPC, -466.751, -153.970, 0.000, 3.892, 0.000, 0.000, 27.780, 0.000, 1.659
1.100, 0, Ego, -416.549, -107.202, 0.000, 3.892, 0.000, 0.000, 27.780, 0.000, 5.627
1.100, 1, NPC, -467.767, -154.916, 0.000, 3.892, 0.000, 0.000, 27.780, 0.000, 5.627
1.150, 0, Ego, -417.566, -108.149, 0.000, 3.892, 0.000, 0.000, 27.780, 0.000, 3.313
1.150, 1, NPC, -468.784, -155.863, 0.000, 3.892, 0.000, 0.000, 27.780, 0.000, 3.313
1.200, 0, Ego, -418.582, -109.095, 0.000, 3.892, 0.000, 0.000, 27.780, 0.000, 0.998
1.200, 1, NPC, -469.800, -156.810, 0.000, 3.892, 0.000, 0.000, 27.780, 0.000, 0.998
1.250, 0, Ego, -419.598, -110.042, 0.000, 3.892, 0.000, 0.000, 27.780, 0.000, 4.967
1.250, 1, NPC, -470.816, -157.757, 0.000, 3.892, 0.000, 0.000, 27.780, 0.000, 4.967
1.300, 0, Ego, -420.614, -110.989, 0.000, 3.892, 0.000, 0.000, 27.780, 0.000, 2.652
1.300, 1, NPC, -471.833, -158.704, 0.000, 3.892, 0.000, 0.000, 27.780, 0.000, 2.652
1.350, 0, Ego, -421.631, -111.936, 0.000, 3.892, 0.000, 0.000, 27.780, 0.000, 0.337
1.350, 1, NPC, -472.849, -159.650, 0.000, 3.892, 0.000, 0.000, 27.780, 0.000, 0.337
1.400, 0, Ego, -422.647, -112.883, 0.000, 3.892, 0.000, 0.000, 27.780, 0.000, 4.306
1.400, 1, NPC, -473.865, -160.597, 0.000, 3.892, 0.000, 0.000, 27.780, 0.000, 4.306
1.450, 0, Ego, -423.663, -113.829, 0.000, 3.892, 0.000, 0.000, 27.780, 0.000, 1.991
1.450, 1, NPC, -474.882, -161.544, 0.000, 3.892, 0.000, 0.000, 27.780, 0.000, 1.991
1.500, 0, Ego, -424.680, -114.776, 0.000, 3.892, 0.000, 0.000, 27.780, 0.000, 5.960
1.500, 1, NPC, -475.898, -162.491, 0.000, 3.892, 0.000, 0.000, 27.780, 0.000, 5.960
1.550, 0, Ego, -425.696, -115.723, 0.000, 3.892, 0.000, 0.000, 27.780, 0.000, 3.645
1.550, 1, NPC, -476.914, -163.438, 0.000, 3.892, 0.000, 0.000, 27.780, 0.000, 3.645
1.600, 0, Ego, -426.712, -116.670, 0.000, 3.892, 0.000, 0.000, 27.780, 0.000, 1.331
1.600, 1, NPC, -477.931, -164.384, 0.000, 3.892, 0.000, 0.000, 27.780, 0.000, 1.331
1.650, 0, Ego, -427.729, -117.617, 0.000, 3.892, 0.000, 0.000, 27.780, 0.000, 5.299
1.650, 1, NPC, -478.947, -165.331, 0.000, 3.892, 0.000, 0.000, 27.780, 0.000, 5.299
1.700, 0, Ego, -428.745, -118.563, 0.000, 3.892, 0.000, 0.000, 27.780, 0.000, 2.985
1.700, 1, NPC, -479.963, -166.278, 0.000, 3.892, 0.000, 0.000, 27.780, 0.000, 2.985
1.750, 0, Ego, -429.761, -119.510, 0.000, 3.892, 0.000, 0.000, 27.780, 0.000, 0.670
1.750, 1, NPC, -480.980, -167.225, 0.000, 3.892, 0.000, 0.000, 27.780, 0.000, 0.670
1.800, 0, Ego, -430.778, -120.457, 0.000, 3.892, 0.000, 0.000, 27.780, 0.000, 4.638
1.800, 1, NPC, -481.996, -168.172, 0.000, 3.892, 0.000, 0.000, 27.780, 0.000, 4.638
1.850, 0, Ego, -431.794, -121.404, 0.000, 3.892, 0.000, 0.000, 27.780, 0.000, 2.324
1.850, 1, NPC, -483.012, -169.118, 0.000, 3.892, 0.000, 0.000, 27.780, 0.000, 2.324
1.900, 0, Ego, -432.810, -122.351, 0.000, 3.892, 0.000, 0.000, 27.780, 0.000, 0.009
1.900, 1, NPC, -484.029, -170.065, 0.000, 3.892, 0.000, 0.000, 27.780, 0.000, 0.009
1.950, 0, Ego, -433.827, -123.297, 0.000, 3.892, 0.000, 0.000, 27.780, 0.000, 3.978
1.950, 1, NPC, -485.045, -171.012, 0.000, 3.892, 0.000, 0.000, 27.780, 0.000, 3.978
2.000, 0, Ego, -434.843, -124.244, 0.000, 3.892, 0.000, 0.000, 27.780, 0.000, 1.663
2.000, 1, NPC, -486.061, -171.959, 0.000, 3.892, 0.000, 0.000, 27.780, 0.000, 1.663
2.050, 0, Ego, -435.859, -125.191, 0.000, 3.892, 0.000, 0.000, 27.780, 0.000, 5.632
2.050, 1, NPC, -487.077, -172.906, 0.000, 3.892, 0.000, 0.000, 27.780, 0.000, 5.632
2.100, 0, Ego, -436.876, -126.138, 0.000, 3.892, 0.000, 0.000, 27.780, 0.000, 3.317
2.100, 1, NPC, -488.094, -173.852, 0.000, 3.892, 0.000, 0.000, 27.780, 0.000, 3.317
2.150, 0, Ego, -437.892, -127.084, 0.000, 3.892, 0.000, 0.000, 27.780, 0.000, 1.003
2.150, 1, NPC, -489.110, -174.799, 0.000, 3.892, 0.000, 0.000, 27.780, 0.000, 1.003
2.200, 0, Ego, -438.908, -128.031, 0.000, 3.892, 0.000, 0.000, 27.780, 0.000, 4.971
2.200, 1, NPC, -490.126, -175.746, 0.000, 3.892, 0.000, 0.000, 27.780, 0.000, 4.971
2.250, 0, Ego, -439.924, -128.978, 0.000, 3.892, 0.000, 0.000, 27.780, 0.000, 2.657
2.250, 1, NPC, -491.143, -176.693, 0.000, 3.892, 0.000, 0.000, 27.780, 0.000, 2.657
2.300, 0, Ego, -440.941, -129.925, 0.000, 3.892, 0.000, 0.000, 27.780, 0.000, 0.342
2.300, 1, NPC, -492.159, -177.640, 0.000, 3.892, 0.000, 0.000, 27.780, 0.000, 0.342
2.350, 0, Ego, -441.957, -130.872, 0.000, 3.892, 0.000, 0.000, 27.780, 0.000, 4.310
2.350, 1, NPC, -493.175, -178.586, 0.000, 3.892, 0.000, 0.000, 27.780, 0.000, 4.310
2.400, 0, Ego, -442.973, -131.818, 0.000, 3.892, 0.000, 0.000, 27.780, 0.000, 1.996
2.400, 1, NPC, -494.192, -179.533, 0.000, 3.892, 0.000, 0.000, 27.780, 0.000, 1.996
2.450, 0, Ego, -443.990, -132.765, 0.000, 3.892, 0.000, 0.000, 27.780, 0.000, 5.964
2.450, 1, NPC, -495.208, -180.480, 0.000, 3.892, 0.000, 0.000, 27.780, 0.000, 5.964
2.500, 0, Ego, -445.006, -133.712, 0.000, 3.892, 0.000, 0.000, 27.780, 0.000, 3.650
2.500, 1, NPC, -496.224, -181.427, 0.000, 3.892, 0.000, 0.000, 27.780, 0.000, 3.650
2.550, 0, Ego, -446.022, -134.659, 0.000, 3.892, 0.000, 0.000, 27.780, 0.000, 1.335
2.550, 1, NPC, -497.241, -182.374, 0.000, 3.892, 0.000, 0.000, 27.780, 0.000, 1.335
2.600, 0, Ego, -447.039, -135.606, 0.000, 3.892, 0.000, 0.000, 27.780, 0.000, 5.304
2.600, 1, NPC, -498.257, -183.320, 0.000, 3.892, 0.000, 0.000, 27.780, 0.000, 5.304
2.650, 0, Ego, -448.055, -136.552, 0.000, 3.892, 0.000, 0.000, 27.780, 0.000, 2.989
2.650, 1, NPC, -499.273, -184.267, 0.000, 3.892, 0.000, 0.000, 27.780, 0.000, 2.989
2.700, 0, Ego, -449.071, -137.499, 0.000, 3.892, 0.000, 0.000, 27.780, 0.000, 0.675
2.700, 1, NPC, -500.290, -185.214, 0.000, 3.892, 0.000, 0.000, 27.780, 0.000, 0.675
2.750, 0, Ego, -450.088, -138.446, 0.000, 3.892, 0.000, 0.000, 27.780, 0.000, 4.643
2.750, 1, NPC, -501.306, -186.161, 0.000, 3.892, 0.000, 0.000, 27.780, 0.000, 4.643
2.800, 0, Ego, -451.104, -139.393, 0.000, 3.892, 0.000, 0.000, 27.780, 0.000, 2.329
2.800, 1, NPC, -502.322, -187.108, 0.000, 3.892, 0.000, 0.000, 27.780, 0.000, 2.329
2.850, 0, Ego, -452.120, -140.340, 0.000, 3.892, 0.000, 0.000, 27.780, 0.000, 0.014
2.850, 1, NPC, -503.339, -188.054, 0.000, 3.892, 0.000, 0.000, 27.780, 0.000, 0.014
2.900, 0, Ego, -453.137, -141.286, 0.000, 3.892, 0.000, 0.000, 27.780, 0.000, 3.982
2.900, 1, NPC, -504.355, -189.001, 0.000, 3.892, 0.000, 0.000, 27.780, 0.000, 3.982
2.950, 0, Ego, -454.153, -142.233, 0.000, 3.892, 0.000, 0.000, 27.780, 0.000, 1.668
2.950, 1, NPC, -505.371, -189.948, 0.000, 3.892, 0.000, 0.000, 27.780, 0.000, 1.668
3.000, 0, Ego, -455.169, -143.180, 0.000, 3.892, 0.000, 0.000, 27.780, 0.000, 5.636
3.000, 1, NPC, -506.387, -190.895, 0.000, 3.892, 0.000, 0.000, 27.780, 0.000, 5.636
3.050, 0, Ego, -456.186, -144.127, 0.000, 3.892, 0.000, 0.000, 27.780, 0.000, 3.322
3.050, 1, NPC, -507.404, -191.842, 0.000, 3.892, 0.000, 0.000, 27.780, 0.000, 3.322
3.100, 0, Ego, -457.202, -145.074, 0.000, 3.892, 0.000, 0.000, 27.780, 0.000, 1.007
3.100, 1, NPC, -508.420, -192.788, 0.000, 3.892, 0.000, 0.000, 27.780, 0.000, 1.007
3.150, 0, Ego, -458.218, -146.020, 0.000, 3.892, 0.000, 0.000, 27.780, 0.000, 4.976
3.150, 1, NPC, -509.436, -193.735, 0.000, 3.892, 0.000, 0.000, 27.780, 0.000, 4.976
3.200, 0, Ego, -459.234, -146.967, 0.000, 3.892, 0.000, 0.000, 27.780, 0.000, 2.661
3.200, 1, NPC, -510.453, -194.682, 0.000, 3.892, 0.000, 0.000, 27.780, 0.000, 2.661
3.250, 0, Ego, -460.251, -147.914, 0.000, 3.892, 0.000, 0.000, 27.780, 0.000, 0.347
3.250, 1, NPC, -511.469, -195.629, 0.000, 3.892, 0.000, 0.000, 27.780, 0.000, 0.347
3.300, 0, Ego, -461.267, -148.861, 0.000, 3.892, 0.000, 0.000, 27.780, 0.000, 4.315
3.300, 1, NPC, -512.485, -196.576, 0.000, 3.892, 0.000, 0.000, 27.780, 0.000, 4.315
3.350, 0, Ego, -462.283, -149.808, 0.000, 3.892, 0.000, 0.000, 27.780, 0.000, 2.001
3.350, 1, NPC, -513.502, -197.522, 0.000, 3.892, 0.000, 0.000, 27.780, 0.000, 2.001
3.400, 0, Ego, -463.300, -150.754, 0.000, 3.892, 0.000, 0.000, 27.780, 0.000, 5.969
3.400, 1, NPC, -514.518, -198.469, 0.000, 3.892, 0.000, 0.000, 27.780, 0.000, 5.969
3.450, 0, Ego, -464.316, -151.701, 0.000, 3.892, 0.000, 0.000, 27.780, 0.000, 3.654
3.450, 1, NPC, -515.534, -199.416, 0.000, 3.892, 0.000, 0.000, 27.780, 0.000, 3.654
3.500, 0, Ego, -465.332, -152.648, 0.000, 3.892, 0.000, 0.000, 27.780, 0.000, 1.340
3.500, 1, NPC, -516.551, -200.363, 0.000, 3.892, 0.000, 0.000, 27.780, 0.000, 1.340
3.550, 0, Ego, -466.349, -153.595, 0.000, 3.892, 0.000, 0.000, 27.780, 0.000, 5.308
3.550, 1, NPC, -517.567, -201.309, 0.000, 3.892, 0.000, 0.000, 27.780, 0.000, 5.308
3.600, 0, Ego, -467.365, -154.542, 0.000, 3.892, 0.000, 0.000, 27.780, 0.000, 2.994
3.600, 1, NPC, -518.583, -202.256, 0.000, 3.892, 0.000, 0.000, 27.780, 0.000, 2.994
3.650, 0, Ego, -468.381, -155.488, 0.000, 3.892, 0.000, 0.000, 27.780, 0.000, 0.679
3.650, 1, NPC, -519.600, -203.203, 0.000, 3.892, 0.000, 0.000, 27.780, 0.000, 0.679
3.700, 0, Ego, -469.398, -156.435, 0.000, 3.892, 0.000, 0.000, 27.780, 0.000, 4.648
3.700, 1, NPC, -520.616, -204.150, 0.000, 3.892, 0.000, 0.000, 27.780, 0.000, 4.648
3.750, 0, Ego, -470.414, -157.382, 0.000, 3.892, 0.000, 0.000, 27.780, 0.000, 2.333
3.750, 1, NPC, -521.632, -205.097, 0.000, 3.892, 0.000, 0.000, 27.780, 0.000, 2.333
3.800, 0, Ego, -471.430, -158.329, 0.000, 3.892, 0.000, 0.000, 27.780, 0.000, 0.019
3.800, 1, NPC, -522.648, -206.043, 0.000, 3.892, 0.000, 0.000, 27.780, 0.000, 0.019
3.850, 0, Ego, -472.447, -159.276, 0.000, 3.892, 0.000, 0.000, 27.780, 0.000, 3.987
3.850, 1, NPC, -523.665, -206.990, 0.000, 3.892, 0.000, 0.000, 27.780, 0.000, 3.987
3.900, 0, Ego, -473.463, -160.222, 0.000, 3.892, 0.000, 0.000, 27.780, 0.000, 1.672
3.900, 1, NPC, -524.681, -207.937, 0.000, 3.892, 0.000, 0.000, 27.780, 0.000, 1.672
3.950, 0, Ego, -474.479, -161.169, 0.000, 3.892, 0.000, 0.000, 27.780, 0.000, 5.641
3.950, 1, NPC, -525.697, -208.884, 0.000, 3.892, 0.000, 0.000, 27.780, 0.000, 5.641
4.000, 0, Ego, -475.496, -162.116, 0.000, 3.892, 0.000, 0.000, 27.780, 0.000, 3.326
4.000, 1, NPC, -526.714, -209.831, 0.000, 3.892, 0.000, 0.000, 27.780, 0.000, 3.326
4.050, 0, Ego, -476.512, -163.063, 0.000, 3.892, 0.000, 0.000, 27.780, 0.000, 1.012
4.050, 1, NPC, -527.730, -210.777, 0.000, 3.892, 0.000, 0.000, 27.780, 0.000, 1.012
4.100, 0, Ego, -477.528, -164.010, 0.000, 3.892, 0.000, 0.000, 27.780, 0.000, 4.980
4.100, 1, NPC, -528.746, -211.724, 0.000, 3.892, 0.000, 0.000, 27.780, 0.000, 4.980
4.150, 0, Ego, -478.544, -164.956, 0.000, 3.892, 0.000, 0.000, 27.780, 0.000, 2.666
4.150, 1, NPC, -529.763, -212.671, 0.000, 3.892, 0.000, 0.000, 27.780, 0.000, 2.666
4.200, 0, Ego, -479.561, -165.903, 0.000, 3.892, 0.000, 0.000, 27.780, 0.000, 0.351
4.200, 1, NPC, -530.779, -213.618, 0.000, 3.892, 0.000, 0.000, 27.780, 0.000, 0.351
4.250, 0, Ego, -480.577, -166.850, 0.000, 3.892, 0.000, 0.000, 27.780, 0.000, 4.320
4.250, 1, NPC, -531.795, -214.565, 0.000, 3.892, 0.000, 0.000, 27.780, 0.000, 4.320
4.300, 0, Ego, -481.593, -167.797, 0.000, 3.892, 0.000, 0.000, 27.780, 0.000, 2.005
4.300, 1, NPC, -532.812, -215.511, 0.000, 3.892, 0.000, 0.000, 27.780, 0.000, 2.005
4.350, 0, Ego, -482.610, -168.744, 0.000, 3.892, 0.000, 0.000, 27.780, 0.000, 5.974
4.350, 1, NPC, -533.828, -216.458, 0.000, 3.892, 0.000, 0.000, 27.780, 0.000, 5.974
4.400, 0, Ego, -483.626, -169.690, 0.000, 3.892, 0.000, 0.000, 27.780, 0.000, 3.659
4.400, 1, NPC, -534.844, -217.405, 0.000, 3.892, 0.000, 0.000, 27.780, 0.000, 3.659
4.450, 0, Ego, -484.642, -170.637, 0.000, 3.892, 0.000, 0.000, 27.780, 0.000, 1.344
4.450, 1, NPC, -535.861, -218.352, 0.000, 3.892, 0.000, 0.000, 27.780, 0.000, 1.344
4.500, 0, Ego, -485.659, -171.584, 0.000, 3.892, 0.000, 0.000, 27.780, 0.000, 5.313
4.500, 1, NPC, -536.877, -219.299, 0.000, 3.892, 0.000, 0.000, 27.780, 0.000, 5.313
4.550, 0, Ego, -486.675, -172.531, 0.000, 3.892, 0.000, 0.000, 27.780, 0.000, 2.998
4.550, 1, NPC, -537.893, -220.245, 0.000, 3.892, 0.000, 0.000, 27.780, 0.000, 2.998
4.600, 0, Ego, -487.691, -173.478, 0.000, 3.892, 0.000, 0.000, 27.780, 0.000, 0.684
4.600, 1, NPC, -538.910, -221.192, 0.000, 3.892, 0.000, 0.000, 27.780, 0.000, 0.684
4.650, 0, Ego, -488.708, -174.424, 0.000, 3.892, 0.000, 0.000, 27.780, 0.000, 4.652
4.650, 1, NPC, -539.926, -222.139, 0.000, 3.892, 0.000, 0.000, 27.780, 0.000, 4.652
4.700, 0, Ego, -489.724, -175.371, 0.000, 3.892, 0.000, 0.000, 27.780, 0.000, 2.338
4.700, 1, NPC, -540.942, -223.086, 0.000, 3.892, 0.000, 0.000, 27.780, 0.000, 2.338
4.750, 0, Ego, -490.740, -176.318, 0.000, 3.892, 0.000, 0.000, 27.780, 0.000, 0.023
4.750, 1, NPC, -541.958, -224.033, 0.000, 3.892, 0.000, 0.000, 27.780, 0.000, 0.023
4.800, 0, Ego, -491.757, -177.265, 0.000, 3.892, 0.000, 0.000, 27.780, 0.000, 3.992
4.800, 1, NPC, -542.975, -224.979, 0.000, 3.892, 0.000, 0.000, 27.780, 0.000, 3.992
4.850, 0, Ego, -492.773, -178.211, 0.000, 3.892, 0.000, 0.000, 27.780, 0.000, 1.677
4.850, 1, NPC, -543.991, -225.926, 0.000, 3.892, 0.000, 0.000, 27.780, 0.000, 1.677
4.900, 0, Ego, -493.789, -179.158, 0.000, 3.892, 0.000, 0.000, 27.780, 0.000, 5.646
4.900, 1, NPC, -545.007, -226.873, 0.000, 3.892, 0.000, 0.000, 27.780, 0.000, 5.646
4.950, 0, Ego, -494.806, -180.105, 0.000, 3.892, 0.000, 0.000, 27.780, 0.000, 3.331
4.950, 1, NPC, -546.024, -227.820, 0.000, 3.892, 0.000, 0.000, 27.780, 0.000, 3.331
5.000, 0, Ego, -495.822, -181.052, 0.000, 3.892, 0.000, 0.000, 27.780, 0.000, 1.016
5.000, 1, NPC, -547.040, -228.767, 0.000, 3.892, 0.000, 0.000, 27.780, 0.000, 1.016
5.050, 0, Ego, -496.838, -181.999, 0.000, 3.892, 0.000, 0.000, 27.780, 0.000, 4.985
5.050, 1, NPC, -548.056, -229.713, 0.000, 3.892, 0.000, 0.000, 27.780, 0.000, 4.985
5.100, 0, Ego, -497.854, -182.945, 0.000, 3.892, 0.000, 0.000, 27.780, 0.000, 2.670
5.100, 1, NPC, -549.069, -230.657, 0.000, 3.892, 0.000, 0.000, 27.680, 0.000, 2.656
5.150, 0, Ego, -498.871, -183.892, 0.000, 3.892, 0.000, 0.000, 27.780, 0.000, 0.356
5.150, 1, NPC, -550.078, -231.597, 0.000, 3.892, 0.000, 0.000, 27.580, 0.000, 0.313
5.200, 0, Ego, -499.887, -184.839, 0.000, 3.892, 0.000, 0.000, 27.780, 0.000, 4.324
5.200, 1, NPC, -551.083, -232.533, 0.000, 3.892, 0.000, 0.000, 27.480, 0.000, 4.239
5.250, 0, Ego, -500.903, -185.786, 0.000, 3.892, 0.000, 0.000, 27.780, 0.000, 2.010
5.250, 1, NPC, -552.085, -233.466, 0.000, 3.892, 0.000, 0.000, 27.380, 0.000, 1.867
5.300, 0, Ego, -501.920, -186.733, 0.000, 3.892, 0.000, 0.000, 27.780, 0.000, 5.978
5.300, 1, NPC, -553.083, -234.396, 0.000, 3.892, 0.000, 0.000, 27.280, 0.000, 5.764
5.350, 0, Ego, -502.936, -187.679, 0.000, 3.892, 0.000, 0.000, 27.780, 0.000, 3.664
5.350, 1, NPC, -554.077, -235.323, 0.000, 3.892, 0.000, 0.000, 27.180, 0.000, 3.364
5.400, 0, Ego, -503.952, -188.626, 0.000, 3.892, 0.000, 0.000, 27.780, 0.000, 1.349
5.400, 1, NPC, -555.068, -236.246, 0.000, 3.892, 0.000, 0.000, 27.080, 0.000, 0.949
5.450, 0, Ego, -504.969, -189.573, 0.000, 3.892, 0.000, 0.000, 27.780, 0.000, 5.318
5.450, 1, NPC, -556.055, -237.165, 0.000, 3.892, 0.000, 0.000, 26.980, 0.000, 4.803
5.500, 0, Ego, -505.985, -190.520, 0.000, 3.892, 0.000, 0.000, 27.780, 0.000, 3.003
5.500, 1, NPC, -557.039, -238.081, 0.000, 3.892, 0.000, 0.000, 26.880, 0.000, 2.360
5.550, 0, Ego, -507.001, -191.467, 0.000, 3.892, 0.000, 0.000, 27.780, 0.000, 0.688
5.550, 1, NPC, -558.018, -238.994, 0.000, 3.892, 0.000, 0.000, 26.780, 0.000, 6.186
5.600, 0, Ego, -508.018, -192.413, 0.000, 3.892, 0.000, 0.000, 27.780, 0.000, 4.657
5.600, 1, NPC, -558.994, -239.903, 0.000, 3.892, 0.000, 0.000, 26.680, 0.000, 3.714
5.650, 0, Ego, -509.034, -193.360, 0.000, 3.892, 0.000, 0.000, 27.780, 0.000, 2.342
5.650, 1, NPC, -559.967, -240.809, 0.000, 3.892, 0.000, 0.000, 26.580, 0.000, 1.228
5.700, 0, Ego, -510.050, -194.307, 0.000, 3.892, 0.000, 0.000, 27.780, 0.000, 0.028
5.700, 1, NPC, -560.936, -241.712, 0.000, 3.892, 0.000, 0.000, 26.480, 0.000, 5.011
5.750, 0, Ego, -511.067, -195.254, 0.000, 3.892, 0.000, 0.000, 27.780, 0.000, 3.996
5.750, 1, NPC, -561.901, -242.611, 0.000, 3.892, 0.000, 0.000, 26.380, 0.000, 2.496
5.800, 0, Ego, -512.083, -196.201, 0.000, 3.892, 0.000, 0.000, 27.780, 0.000, 1.682
5.800, 1, NPC, -562.862, -243.506, 0.000, 3.892, 0.000, 0.000, 26.280, 0.000, 6.251
5.850, 0, Ego, -513.099, -197.147, 0.000, 3.892, 0.000, 0.000, 27.780, 0.000, 5.650
5.850, 1, NPC, -563.820, -244.399, 0.000, 3.892, 0.000, 0.000, 26.180, 0.000, 3.707
5.900, 0, Ego, -514.116, -198.094, 0.000, 3.892, 0.000, 0.000, 27.780, 0.000, 3.336
5.900, 1, NPC, -564.774, -245.287, 0.000, 3.892, 0.000, 0.000, 26.080, 0.000, 1.150
5.950, 0, Ego, -515.132, -199.041, 0.000, 3.892, 0.000, 0.000, 27.780, 0.000, 1.021
5.950, 1, NPC, -565.724, -246.173, 0.000, 3.892, 0.000, 0.000, 25.980, 0.000, 4.861
6.000, 0, Ego, -516.148, -199.988, 0.000, 3.892, 0.000, 0.000, 27.780, 0.000, 4.990
6.000, 1, NPC, -566.671, -247.055, 0.000, 3.892, 0.000, 0.000, 25.880, 0.000, 2.275
6.050, 0, Ego, -517.164, -200.935, 0.000, 3.892, 0.000, 0.000, 27.780, 0.000, 2.675
6.050, 1, NPC, -567.614, -247.934, 0.000, 3.892, 0.000, 0.000, 25.780, 0.000, 5.958
6.100, 0, Ego, -518.181, -201.881, 0.000, 3.892, 0.000, 0.000, 27.780, 0.000, 0.360
6.100, 1, NPC, -568.554, -248.809, 0.000, 3.892, 0.000, 0.000, 25.680, 0.000, 3.344
6.150, 0, Ego, -519.197, -202.828, 0.000, 3.892, 0.000, 0.000, 27.780, 0.000, 4.329
6.150, 1, NPC, -569.490, -249.681, 0.000, 3.892, 0.000, 0.000, 25.580, 0.000, 0.715
6.200, 0, Ego, -520.213, -203.775, 0.000, 3.892, 0.000, 0.000, 27.780, 0.000, 2.014
6.200, 1, NPC, -570.422, -250.549, 0.000, 3.892, 0.000, 0.000, 25.480, 0.000, 4.355
6.250, 0, Ego, -521.230, -204.722, 0.000, 3.892, 0.000, 0.000, 27.780, 0.000, 5.983
6.250, 1, NPC, -571.350, -251.414, 0.000, 3.892, 0.000, 0.000, 25.380, 0.000, 1.697
6.300, 0, Ego, -522.246, -205.669, 0.000, 3.892, 0.000, 0.000, 27.780, 0.000, 3.668
6.300, 1, NPC, -572.275, -252.276, 0.000, 3.892, 0.000, 0.000, 25.280, 0.000, 5.309
6.350, 0, Ego, -523.262, -206.615, 0.000, 3.892, 0.000, 0.000, 27.780, 0.000, 1.354
6.350, 1, NPC, -573.196, -253.134, 0.000, 3.892, 0.000, 0.000, 25.180, 0.000, 2.623
6.400, 0, Ego, -524.279, -207.562, 0.000, 3.892, 0.000, 0.000, 27.780, 0.000, 5.322
6.400, 1, NPC, -574.114, -253.989, 0.000, 3.892, 0.000, 0.000, 25.080, 0.000, 6.206
6.450, 0, Ego, -525.295, -208.509, 0.000, 3.892, 0.000, 0.000, 27.780, 0.000, 3.008
6.450, 1, NPC, -575.028, -254.840, 0.000, 3.892, 0.000, 0.000, 24.980, 0.000, 3.491
6.500, 0, Ego, -526.311, -209.456, 0.000, 3.892, 0.000, 0.000, 27.780, 0.000, 0.693
6.500, 1, NPC, -575.938, -255.688, 0.000, 3.892, 0.000, 0.000, 24.880, 0.000, 0.762
6.550, 0, Ego, -527.328, -210.403, 0.000, 3.892, 0.000, 0.000, 27.780, 0.000, 4.662
6.550, 1, NPC, -576.845, -256.532, 0.000, 3.892, 0.000, 0.000, 24.780, 0.000, 4.302
6.600, 0, Ego, -528.344, -211.349, 0.000, 3.892, 0.000, 0.000, 27.780, 0.000, 2.347
6.600, 1, NPC, -577.748, -257.374, 0.000, 3.892, 0.000, 0.000, 24.680, 0.000, 1.545
6.650, 0, Ego, -529.360, -212.296, 0.000, 3.892, 0.000, 0.000, 27.780, 0.000, 0.032
6.650, 1, NPC, -578.647, -258.211, 0.000, 3.892, 0.000, 0.000, 24.580, 0.000, 5.056
6.700, 0, Ego, -530.377, -213.243, 0.000, 3.892, 0.000, 0.000, 27.780, 0.000, 4.001
6.700, 1, NPC, -579.542, -259.046, 0.000, 3.892, 0.000, 0.000, 24.480, 0.000, 2.270
6.750, 0, Ego, -531.393, -214.190, 0.000, 3.892, 0.000, 0.000, 27.780, 0.000, 1.686
6.750, 1, NPC, -580.434, -259.877, 0.000, 3.892, 0.000, 0.000, 24.380, 0.000, 5.753
6.800, 0, Ego, -532.409, -215.137, 0.000, 3.892, 0.000, 0.000, 27.780, 0.000, 5.655
6.800, 1, NPC, -581.323, -260.704, 0.000, 3.892, 0.000, 0.000, 24.280, 0.000, 2.938
6.850, 0, Ego, -533.426, -216.083, 0.000, 3.892, 0.000, 0.000, 27.780, 0.000, 3.340
6.850, 1, NPC, -582.207, -261.528, 0.000, 3.892, 0.000, 0.000, 24.180, 0.000, 0.109
6.900, 0, Ego, -534.442, -217.030, 0.000, 3.892, 0.000, 0.000, 27.780, 0.000, 1.026
6.900, 1, NPC, -583.088, -262.349, 0.000, 3.892, 0.000, 0.000, 24.080, 0.000, 3.549
6.950, 0, Ego, -535.458, -217.977, 0.000, 3.892, 0.000, 0.000, 27.780, 0.000, 4.994
6.950, 1, NPC, -583.965, -263.166, 0.000, 3.892, 0.000, 0.000, 23.980, 0.000, 0.692
7.000, 0, Ego, -536.474, -218.924, 0.000, 3.892, 0.000, 0.000, 27.780, 0.000, 2.680
7.000, 1, NPC, -584.839, -263.980, 0.000, 3.892, 0.000, 0.000, 23.880, 0.000, 4.103
7.050, 0, Ego, -537.491, -219.871, 0.000, 3.892, 0.000, 0.000, 27.780, 0.000, 0.365
7.050, 1, NPC, -585.709, -264.790, 0.000, 3.892, 0.000, 0.000, 23.780, 0.000, 1.217
7.100, 0, Ego, -538.507, -220.817, 0.000, 3.892, 0.000, 0.000, 27.780, 0.000, 4.334
7.100, 1, NPC, -586.575, -265.598, 0.000, 3.892, 0.000, 0.000, 23.680, 0.000, 4.600
7.150, 0, Ego, -539.523, -221.764, 0.000, 3.892, 0.000, 0.000, 27.780, 0.000, 2.019
7.150, 1, NPC, -587.438, -266.401, 0.000, 3.892, 0.000, 0.000, 23.580, 0.000, 1.685
7.200, 0, Ego, -540.540, -222.711, 0.000, 3.892, 0.000, 0.000, 27.780, 0.000, 5.988
7.200, 1, NPC, -588.297, -267.201, 0.000, 3.892, 0.000, 0.000, 23.480, 0.000, 5.040
7.250, 0, Ego, -541.556, -223.658, 0.000, 3.892, 0.000, 0.000, 27.780, 0.000, 3.673
7.250, 1, NPC, -589.152, -267.998, 0.000, 3.892, 0.000, 0.000, 23.380, 0.000, 2.097
7.300, 0, Ego, -542.572, -224.604, 0.000, 3.892, 0.000, 0.000, 27.780, 0.000, 1.358
7.300, 1, NPC, -590.004, -268.792, 0.000, 3.892, 0.000, 0.000, 23.280, 0.000, 5.422
7.350, 0, Ego, -543.589, -225.551, 0.000, 3.892, 0.000, 0.000, 27.780, 0.000, 5.327
7.350, 1, NPC, -590.852, -269.582, 0.000, 3.892, 0.000, 0.000, 23.180, 0.000, 2.450
7.400, 0, Ego, -544.605, -226.498, 0.000, 3.892, 0.000, 0.000, 27.780, 0.000, 3.012
7.400, 1, NPC, -591.697, -270.368, 0.000, 3.892, 0.000, 0.000, 23.080, 0.000, 5.748
7.450, 0, Ego, -545.621, -227.445, 0.000, 3.892, 0.000, 0.000, 27.780, 0.000, 0.698
7.450, 1, NPC, -592.537, -271.152, 0.000, 3.892, 0.000, 0.000, 22.980, 0.000, 2.747
7.500, 0, Ego, -546.638, -228.392, 0.000, 3.892, 0.000, 0.000, 27.780, 0.000, 4.666
7.500, 1, NPC, -593.374, -271.931, 0.000, 3.892, 0.000, 0.000, 22.880, 0.000, 6.016
7.550, 0, Ego, -547.654, -229.338, 0.000, 3.892, 0.000, 0.000, 27.780, 0.000, 2.352
7.550, 1, NPC, -594.208, -272.708, 0.000, 3.892, 0.000, 0.000, 22.780, 0.000, 2.987
7.600, 0, Ego, -548.670, -230.285, 0.000, 3.892, 0.000, 0.000, 27.780, 0.000, 0.037
7.600, 1, NPC, -595.037, -273.481, 0.000, 3.892, 0.000, 0.000, 22.680, 0.000, 6.227
7.650, 0, Ego, -549.687, -231.232, 0.000, 3.892, 0.000, 0.000, 27.780, 0.000, 4.006
7.650, 1, NPC, -595.863, -274.250, 0.000, 3.892, 0.000, 0.000, 22.580, 0.000, 3.169
7.700, 0, Ego, -550.703, -232.179, 0.000, 3.892, 0.000, 0.000, 27.780, 0.000, 1.691
7.700, 1, NPC, -596.686, -275.016, 0.000, 3.892, 0.000, 0.000, 22.480, 0.000, 0.098
7.750, 0, Ego, -551.719, -233.126, 0.000, 3.892, 0.000, 0.000, 27.780, 0.000, 5.660
7.750, 1, NPC, -597.505, -275.779, 0.000, 3.892, 0.000, 0.000, 22.380, 0.000, 3.295
7.800, 0, Ego, -552.736, -234.072, 0.000, 3.892, 0.000, 0.000, 27.780, 0.000, 3.345
7.800, 1, NPC, -598.320, -276.539, 0.000, 3.892, 0.000, 0.000, 22.280, 0.000, 0.195
7.850, 0, Ego, -553.752, -235.019, 0.000, 3.892, 0.000, 0.000, 27.780, 0.000, 1.030
7.850, 1, NPC, -599.131, -277.294, 0.000, 3.892, 0.000, 0.000, 22.180, 0.000, 3.363
7.900, 0, Ego, -554.768, -235.966, 0.000, 3.892, 0.000, 0.000, 27.780, 0.000, 4.999
7.900, 1, NPC, -599.939, -278.047, 0.000, 3.892, 0.000, 0.000, 22.080, 0.000, 0.234
7.950, 0, Ego, -555.784, -236.913, 0.000, 3.892, 0.000, 0.000, 27.780, 0.000, 2.684
7.950, 1, NPC, -600.743, -278.796, 0.000, 3.892, 0.000, 0.000, 21.980, 0.000, 3.374
8.000, 0, Ego, -556.801, -237.860, 0.000, 3.892, 0.000, 0.000, 27.780, 0.000, 0.370
8.000, 1, NPC, -601.544, -279.542, 0.000, 3.892, 0.000, 0.000, 21.880, 0.000, 0.217
8.050, 0, Ego, -557.817, -238.806, 0.000, 3.892, 0.000, 0.000, 27.780, 0.000, 4.338
8.050, 1, NPC, -602.340, -280.284, 0.000, 3.892, 0.000, 0.000, 21.780, 0.000, 3.328
8.100, 0, Ego, -558.833, -239.753, 0.000, 3.892, 0.000, 0.000, 27.780, 0.000, 2.024
8.100, 1, NPC, -603.134, -281.023, 0.000, 3.892, 0.000, 0.000, 21.680, 0.000, 0.142
8.150, 0, Ego, -559.850, -240.700, 0.000, 3.892, 0.000, 0.000, 27.780, 0.000, 5.992
8.150, 1, NPC, -603.923, -281.759, 0.000, 3.892, 0.000, 0.000, 21.580, 0.000, 3.225
8.200, 0, Ego, -560.866, -241.647, 0.000, 3.892, 0.000, 0.000, 27.780, 0.000, 3.678
8.200, 1, NPC, -604.709, -282.491, 0.000, 3.892, 0.000, 0.000, 21.480, 0.000, 0.010
8.250, 0, Ego, -561.882, -242.594, 0.000, 3.892, 0.000, 0.000, 27.780, 0.000, 1.363
8.250, 1, NPC, -605.491, -283.219, 0.000, 3.892, 0.000, 0.000, 21.380, 0.000, 3.065
8.300, 0, Ego, -562.899, -243.540, 0.000, 3.892, 0.000, 0.000, 27.780, 0.000, 5.332
8.300, 1, NPC, -606.270, -283.945, 0.000, 3.892, 0.000, 0.000, 21.280, 0.000, 6.105
8.350, 0, Ego, -563.915, -244.487, 0.000, 3.892, 0.000, 0.000, 27.780, 0.000, 3.017
8.350, 1, NPC, -607.044, -284.666, 0.000, 3.892, 0.000, 0.000, 21.180, 0.000, 2.847
8.400, 0, Ego, -564.931, -245.434, 0.000, 3.892, 0.000, 0.000, 27.780, 0.000, 0.702
8.400, 1, NPC, -607.816, -285.385, 0.000, 3.892, 0.000, 0.000, 21.080, 0.000, 5.859
8.450, 0, Ego, -565.948, -246.381, 0.000, 3.892, 0.000, 0.000, 27.780, 0.000, 4.671
8.450, 1, NPC, -608.583, -286.100, 0.000, 3.892, 0.000, 0.000, 20.980, 0.000, 2.573
8.500, 0, Ego, -566.964, -247.328, 0.000, 3.892, 0.000, 0.000, 27.780, 0.000, 2.356
8.500, 1, NPC, -609.347, -286.812, 0.000, 3.892, 0.000, 0.000, 20.880, 0.000, 5.555
8.550, 0, Ego, -567.980, -248.274, 0.000, 3.892, 0.000, 0.000, 27.780, 0.000, 0.042
8.550, 1, NPC, -610.107, -287.520, 0.000, 3.892, 0.000, 0.000, 20.780, 0.000, 2.241
8.600, 0, Ego, -568.997, -249.221, 0.000, 3.892, 0.000, 0.000, 27.780, 0.000, 4.010
8.600, 1, NPC, -610.864, -288.225, 0.000, 3.892, 0.000, 0.000, 20.680, 0.000, 5.195
8.650, 0, Ego, -570.013, -250.168, 0.000, 3.892, 0.000, 0.000, 27.780, 0.000, 1.696
8.650, 1, NPC, -611.617, -288.926, 0.000, 3.892, 0.000, 0.000, 20.580, 0.000, 1.852
8.700, 0, Ego, -571.029, -251.115, 0.000, 3.892, 0.000, 0.000, 27.780, 0.000, 5.664
8.700, 1, NPC, -612.366, -289.624, 0.000, 3.892, 0.000, 0.000, 20.480, 0.000, 4.778
8.750, 0, Ego, -572.046, -252.062, 0.000, 3.892, 0.000, 0.000, 27.780, 0.000, 3.350
8.750, 1, NPC, -613.112, -290.319, 0.000, 3.892, 0.000, 0.000, 20.380, 0.000, 1.406
8.800, 0, Ego, -573.062, -253.008, 0.000, 3.892, 0.000, 0.000, 27.780, 0.000, 1.035
8.800, 1, NPC, -613.854, -291.010, 0.000, 3.892, 0.000, 0.000, 20.280, 0.000, 4.303
8.850, 0, Ego, -574.078, -253.955, 0.000, 3.892, 0.000, 0.000, 27.780, 0.000, 5.004
8.850, 1, NPC, -614.592, -291.698, 0.000, 3.892, 0.000, 0.000, 20.180, 0.000, 0.903
8.900, 0, Ego, -575.094, -254.902, 0.000, 3.892, 0.000, 0.000, 27.780, 0.000, 2.689
8.900, 1, NPC, -615.326, -292.382, 0.000, 3.892, 0.000, 0.000, 20.080, 0.000, 3.771
8.950, 0, Ego, -576.111, -255.849, 0.000, 3.892, 0.000, 0.000, 27.780, 0.000, 0.374
8.950, 1, NPC, -616.057, -293.063, 0.000, 3.892, 0.000, 0.000, 19.980, 0.000, 0.342
9.000, 0, Ego, -577.127, -256.796, 0.000, 3.892, 0.000, 0.000, 27.780, 0.000, 4.343
9.000, 1, NPC, -616.785, -293.740, 0.000, 3.892, 0.000, 0.000, 19.880, 0.000, 3.182
9.050, 0, Ego, -578.143, -257.742, 0.000, 3.892, 0.000, 0.000, 27.780, 0.000, 2.028
9.050, 1, NPC, -617.508, -294.415, 0.000, 3.892, 0.000, 0.000, 19.780, 0.000, 6.008
9.100, 0, Ego, -579.160, -258.689, 0.000, 3.892, 0.000, 0.000, 27.780, 0.000, 5.997
9.100, 1, NPC, -618.228, -295.085, 0.000, 3.892, 0.000, 0.000, 19.680, 0.000, 2.536
9.150, 0, Ego, -580.176, -259.636, 0.000, 3.892, 0.000, 0.000, 27.780, 0.000, 3.682
9.150, 1, NPC, -618.945, -295.753, 0.000, 3.892, 0.000, 0.000, 19.580, 0.000, 5.333
9.200, 0, Ego, -581.192, -260.583, 0.000, 3.892, 0.000, 0.000, 27.780, 0.000, 1.368
9.200, 1, NPC, -619.657, -296.417, 0.000, 3.892, 0.000, 0.000, 19.480, 0.000, 1.833
9.250, 0, Ego, -582.209, -261.530, 0.000, 3.892, 0.000, 0.000, 27.780, 0.000, 5.336
9.250, 1, NPC, -620.366, -297.077, 0.000, 3.892, 0.000, 0.000, 19.380, 0.000, 4.602
9.300, 0, Ego, -583.225, -262.476, 0.000, 3.892, 0.000, 0.000, 27.780, 0.000, 3.022
9.300, 1, NPC, -621.072, -297.734, 0.000, 3.892, 0.000, 0.000, 19.280, 0.000, 1.073
9.350, 0, Ego, -584.241, -263.423, 0.000, 3.892, 0.000, 0.000, 27.780, 0.000, 0.707
9.350, 1, NPC, -621.773, -298.388, 0.000, 3.892, 0.000, 0.000, 19.180, 0.000, 3.813
9.400, 0, Ego, -585.258, -264.370, 0.000, 3.892, 0.000, 0.000, 27.780, 0.000, 4.676
9.400, 1, NPC, -622.471, -299.038, 0.000, 3.892, 0.000, 0.000, 19.080, 0.000, 0.255
9.450, 0, Ego, -586.274, -265.317, 0.000, 3.892, 0.000, 0.000, 27.780, 0.000, 2.361
9.450, 1, NPC, -623.166, -299.685, 0.000, 3.892, 0.000, 0.000, 18.980, 0.000, 2.967
9.500, 0, Ego, -587.290, -266.264, 0.000, 3.892, 0.000, 0.000, 27.780, 0.000, 0.046
9.500, 1, NPC, -623.856, -300.328, 0.000, 3.892, 0.000, 0.000, 18.880, 0.000, 5.664
9.550, 0, Ego, -588.307, -267.210, 0.000, 3.892, 0.000, 0.000, 27.780, 0.000, 4.015
9.550, 1, NPC, -624.543, -300.968, 0.000, 3.892, 0.000, 0.000, 18.780, 0.000, 2.064
9.600, 0, Ego, -589.323, -268.157, 0.000, 3.892, 0.000, 0.000, 27.780, 0.000, 1.700
9.600, 1, NPC, -625.227, -301.605, 0.000, 3.892, 0.000, 0.000, 18.680, 0.000, 4.732
9.650, 0, Ego, -590.339, -269.104, 0.000, 3.892, 0.000, 0.000, 27.780, 0.000, 5.669
9.650, 1, NPC, -625.907, -302.238, 0.000, 3.892, 0.000, 0.000, 18.580, 0.000, 1.103
9.700, 0, Ego, -591.356, -270.051, 0.000, 3.892, 0.000, 0.000, 27.780, 0.000, 3.354
9.700, 1, NPC, -626.583, -302.868, 0.000, 3.892, 0.000, 0.000, 18.480, 0.000, 3.743
9.750, 0, Ego, -592.372, -270.998, 0.000, 3.892, 0.000, 0.000, 27.780, 0.000, 1.040
9.750, 1, NPC, -627.255, -303.495, 0.000, 3.892, 0.000, 0.000, 18.380, 0.000, 0.086
9.800, 0, Ego, -593.388, -271.944, 0.000, 3.892, 0.000, 0.000, 27.780, 0.000, 5.008
9.800, 1, NPC, -627.924, -304.118, 0.000, 3.892, 0.000, 0.000, 18.280, 0.000, 2.697
9.850, 0, Ego, -594.404, -272.891, 0.000, 3.892, 0.000, 0.000, 27.780, 0.000, 2.694
9.850, 1, NPC, -628.589, -304.737, 0.000, 3.892, 0.000, 0.000, 18.180, 0.000, 5.294
9.900, 0, Ego, -595.421, -273.838, 0.000, 3.892, 0.000, 0.000, 27.780, 0.000, 0.379
9.900, 1, NPC, -629.250, -305.353, 0.000, 3.892, 0.000, 0.000, 18.080, 0.000, 1.594
9.950, 0, Ego, -596.437, -274.785, 0.000, 3.892, 0.000, 0.000, 27.780, 0.000, 4.348
9.950, 1, NPC, -629.908, -305.966, 0.000, 3.892, 0.000, 0.000, 17.980, 0.000, 4.163
10.000, 0, Ego, -597.453, -275.732, 0.000, 3.892, 0.000, 0.000, 27.780, 0.000, 2.033
10.000, 1, NPC, -630.562, -306.576, 0.000, 3.892, 0.000, 0.000, 17.880, 0.000, 0.434
10.050, 0, Ego, -598.470, -276.678, 0.000, 3.892, 0.000, 0.000, 27.780, 0.000, 6.002
10.050, 1, NPC, -631.213, -307.182, 0.000, 3.892, 0.000, 0.000, 17.780, 0.000, 2.974
10.100, 0, Ego, -599.479, -277.618, 0.000, 3.892, 0.000, 0.000, 27.580, 0.000, 3.658
10.100, 1, NPC, -631.860, -307.784, 0.000, 3.892, 0.000, 0.000, 17.680, 0.000, 5.499
10.150, 0, Ego, -600.480, -278.551, 0.000, 3.892, 0.000, 0.000, 27.380, 0.000, 1.287
10.150, 1, NPC, -632.503, -308.383, 0.000, 3.892, 0.000, 0.000, 17.580, 0.000, 1.728
10.200, 0, Ego, -601.475, -279.478, 0.000, 3.892, 0.000, 0.000, 27.180, 0.000, 5.169
10.200, 1, NPC, -633.142, -308.979, 0.000, 3.892, 0.000, 0.000, 17.480, 0.000, 4.225
10.250, 0, Ego, -602.462, -280.397, 0.000, 3.892, 0.000, 0.000, 26.980, 0.000, 2.741
10.250, 1, NPC, -633.778, -309.571, 0.000, 3.892, 0.000, 0.000, 17.380, 0.000, 0.424
10.300, 0, Ego, -603.442, -281.310, 0.000, 3.892, 0.000, 0.000, 26.780, 0.000, 0.283
10.300, 1, NPC, -634.410, -310.160, 0.000, 3.892, 0.000, 0.000, 17.280, 0.000, 2.893
10.350, 0, Ego, -604.414, -282.216, 0.000, 3.892, 0.000, 0.000, 26.580, 0.000, 4.080
10.350, 1, NPC, -635.039, -310.746, 0.000, 3.892, 0.000, 0.000, 17.180, 0.000, 5.347
10.400, 0, Ego, -605.379, -283.115, 0.000, 3.892, 0.000, 0.000, 26.380, 0.000, 1.566
10.400, 1, NPC, -635.664, -311.328, 0.000, 3.892, 0.000, 0.000, 17.080, 0.000, 1.504
10.450, 0, Ego, -606.337, -284.007, 0.000, 3.892, 0.000, 0.000, 26.180, 0.000, 5.306
10.450, 1, NPC, -636.285, -311.907, 0.000, 3.892, 0.000, 0.000, 16.980, 0.000, 3.930
10.500, 0, Ego, -607.287, -284.893, 0.000, 3.892, 0.000, 0.000, 25.980, 0.000, 2.734
10.500, 1, NPC, -636.902, -312.482, 0.000, 3.892, 0.000, 0.000, 16.880, 0.000, 0.058
10.550, 0, Ego, -608.230, -285.771, 0.000, 3.892, 0.000, 0.000, 25.780, 0.000, 0.133
10.550, 1, NPC, -637.516, -313.054, 0.000, 3.892, 0.000, 0.000, 16.780, 0.000, 2.455
10.600, 0, Ego, -609.166, -286.643, 0.000, 3.892, 0.000, 0.000, 25.580, 0.000, 3.788
10.600, 1, NPC, -638.127, -313.622, 0.000, 3.892, 0.000, 0.000, 16.680, 0.000, 4.838
10.650, 0, Ego, -610.095, -287.508, 0.000, 3.892, 0.000, 0.000, 25.380, 0.000, 1.130
10.650, 1, NPC, -638.733, -314.188, 0.000, 3.892, 0.000, 0.000, 16.580, 0.000, 0.923
10.700, 0, Ego, -611.016, -288.366, 0.000, 3.892, 0.000, 0.000, 25.180, 0.000, 4.727
10.700, 1, NPC, -639.336, -314.749, 0.000, 3.892, 0.000, 0.000, 16.480, 0.000, 3.278
10.750, 0, Ego, -611.930, -289.218, 0.000, 3.892, 0.000, 0.000, 24.980, 0.000, 2.013
10.750, 1, NPC, -639.935, -315.307, 0.000, 3.892, 0.000, 0.000, 16.380, 0.000, 5.618
10.800, 0, Ego, -612.836, -290.062, 0.000, 3.892, 0.000, 0.000, 24.780, 0.000, 5.553
10.800, 1, NPC, -640.531, -315.862, 0.000, 3.892, 0.000, 0.000, 16.280, 0.000, 1.660
10.850, 0, Ego, -613.736, -290.900, 0.000, 3.892, 0.000, 0.000, 24.580, 0.000, 2.781
10.850, 1, NPC, -641.123, -316.414, 0.000, 3.892, 0.000, 0.000, 16.180, 0.000, 3.972
10.900, 0, Ego, -614.628, -291.731, 0.000, 3.892, 0.000, 0.000, 24.380, 0.000, 6.264
10.900, 1, NPC, -641.711, -316.962, 0.000, 3.892, 0.000, 0.000, 16.080, 0.000, 6.269
10.950, 0, Ego, -615.512, -292.555, 0.000, 3.892, 0.000, 0.000, 24.180, 0.000, 3.435
10.950, 1, NPC, -642.296, -317.506, 0.000, 3.892, 0.000, 0.000, 15.980, 0.000, 2.269
11.000, 0, Ego, -616.390, -293.372, 0.000, 3.892, 0.000, 0.000, 23.980, 0.000, 0.578
11.000, 1, NPC, -642.877, -318.048, 0.000, 3.892, 0.000, 0.000, 15.880, 0.000, 4.537
11.050, 0, Ego, -617.260, -294.183, 0.000, 3.892, 0.000, 0.000, 23.780, 0.000, 3.975
11.050, 1, NPC, -643.454, -318.585, 0.000, 3.892, 0.000, 0.000, 15.780, 0.000, 0.508
11.100, 0, Ego, -618.122, -294.986, 0.000, 3.892, 0.000, 0.000, 23.580, 0.000, 1.060
11.100, 1, NPC, -644.028, -319.120, 0.000, 3.892, 0.000, 0.000, 15.680, 0.000, 2.748
11.150, 0, Ego, -618.978, -295.783, 0.000, 3.892, 0.000, 0.000, 23.380, 0.000, 4.400
11.150, 1, NPC, -644.598, -319.651, 0.000, 3.892, 0.000, 0.000, 15.580, 0.000, 4.974
11.200, 0, Ego, -619.826, -296.573, 0.000, 3.892, 0.000, 0.000, 23.180, 0.000, 1.428
11.200, 1, NPC, -645.164, -320.178, 0.000, 3.892, 0.000, 0.000, 15.480, 0.000, 0.902
11.250, 0, Ego, -620.666, -297.356, 0.000, 3.892, 0.000, 0.000, 22.980, 0.000, 4.711
11.250, 1, NPC, -645.727, -320.703, 0.000, 3.892, 0.000, 0.000, 15.380, 0.000, 3.099
11.300, 0, Ego, -621.500, -298.133, 0.000, 3.892, 0.000, 0.000, 22.780, 0.000, 1.682
11.300, 1, NPC, -646.286, -321.223, 0.000, 3.892, 0.000, 0.000, 15.280, 0.000, 5.282
11.350, 0, Ego, -622.326, -298.902, 0.000, 3.892, 0.000, 0.000, 22.580, 0.000, 4.908
11.350, 1, NPC, -646.841, -321.741, 0.000, 3.892, 0.000, 0.000, 15.180, 0.000, 1.168
11.400, 0, Ego, -623.144, -299.665, 0.000, 3.892, 0.000, 0.000, 22.380, 0.000, 1.822
11.400, 1, NPC, -647.393, -322.255, 0.000, 3.892, 0.000, 0.000, 15.080, 0.000, 3.322
11.450, 0, Ego, -623.956, -300.421, 0.000, 3.892, 0.000, 0.000, 22.180, 0.000, 4.991
11.450, 1, NPC, -647.941, -322.765, 0.000, 3.892, 0.000, 0.000, 14.980, 0.000, 5.462
11.500, 0, Ego, -624.760, -301.170, 0.000, 3.892, 0.000, 0.000, 21.980, 0.000, 1.847
11.500, 1, NPC, -648.485, -323.272, 0.000, 3.892, 0.000, 0.000, 14.880, 0.000, 1.304
11.550, 0, Ego, -625.557, -301.913, 0.000, 3.892, 0.000, 0.000, 21.780, 0.000, 4.959
11.550, 1, NPC, -649.026, -323.776, 0.000, 3.892, 0.000, 0.000, 14.780, 0.000, 3.416
11.600, 0, Ego, -626.346, -302.648, 0.000, 3.892, 0.000, 0.000, 21.580, 0.000, 1.758
11.600, 1, NPC, -649.563, -324.276, 0.000, 3.892, 0.000, 0.000, 14.680, 0.000, 5.513
11.650, 0, Ego, -627.129, -303.377, 0.000, 3.892, 0.000, 0.000, 21.380, 0.000, 4.813
11.650, 1, NPC, -650.096, -324.773, 0.000, 3.892, 0.000, 0.000, 14.580, 0.000, 1.313
11.700, 0, Ego, -627.903, -304.099, 0.000, 3.892, 0.000, 0.000, 21.180, 0.000, 1.555
11.700, 1, NPC, -650.626, -325.267, 0.000, 3.892, 0.000, 0.000, 14.480, 0.000, 3.381
11.750, 0, Ego, -628.671, -304.814, 0.000, 3.892, 0.000, 0.000, 20.980, 0.000, 4.552
11.750, 1, NPC, -651.152, -325.757, 0.000, 3.892, 0.000, 0.000, 14.380, 0.000, 5.435
11.800, 0, Ego, -629.431, -305.522, 0.000, 3.892, 0.000, 0.000, 20.780, 0.000, 1.238
11.800, 1, NPC, -651.674, -326.244, 0.000, 3.892, 0.000, 0.000, 14.280, 0.000, 1.192
11.850, 0, Ego, -630.184, -306.223, 0.000, 3.892, 0.000, 0.000, 20.580, 0.000, 4.178
11.850, 1, NPC, -652.193, -326.727, 0.000, 3.892, 0.000, 0.000, 14.180, 0.000, 3.218
11.900, 0, Ego, -630.930, -306.918, 0.000, 3.892, 0.000, 0.000, 20.380, 0.000, 0.806
11.900, 1, NPC, -652.708, -327.207, 0.000, 3.892, 0.000, 0.000, 14.080, 0.000, 5.229
11.950, 0, Ego, -631.668, -307.606, 0.000, 3.892, 0.000, 0.000, 20.180, 0.000, 3.689
11.950, 1, NPC, -653.220, -327.683, 0.000, 3.892, 0.000, 0.000, 13.980, 0.000, 0.943
12.000, 0, Ego, -632.399, -308.287, 0.000, 3.892, 0.000, 0.000, 19.980, 0.000, 0.260
12.000, 1, NPC, -653.728, -328.156, 0.000, 3.892, 0.000, 0.000, 13.880, 0.000, 2.926
12.050, 0, Ego, -633.123, -308.961, 0.000, 3.892, 0.000, 0.000, 19.780, 0.000, 3.086
12.050, 1, NPC, -654.232, -328.626, 0.000, 3.892, 0.000, 0.000, 13.780, 0.000, 4.895
12.100, 0, Ego, -633.839, -309.628, 0.000, 3.892, 0.000, 0.000, 19.580, 0.000, 5.883
12.100, 1, NPC, -654.732, -329.092, 0.000, 3.892, 0.000, 0.000, 13.680, 0.000, 0.566
12.150, 0, Ego, -634.548, -310.289, 0.000, 3.892, 0.000, 0.000, 19.380, 0.000, 2.368
12.150, 1, NPC, -655.229, -329.555, 0.000, 3.892, 0.000, 0.000, 13.580, 0.000, 2.506
12.200, 0, Ego, -635.250, -310.942, 0.000, 3.892, 0.000, 0.000, 19.180, 0.000, 5.108
12.200, 1, NPC, -655.722, -330.014, 0.000, 3.892, 0.000, 0.000, 13.480, 0.000, 4.432
12.250, 0, Ego, -635.944, -311.589, 0.000, 3.892, 0.000, 0.000, 18.980, 0.000, 1.536
12.250, 1, NPC, -656.212, -330.470, 0.000, 3.892, 0.000, 0.000, 13.380, 0.000, 0.060
12.300, 0, Ego, -636.631, -312.229, 0.000, 3.892, 0.000, 0.000, 18.780, 0.000, 4.219
12.300, 1, NPC, -656.698, -330.923, 0.000, 3.892, 0.000, 0.000, 13.280, 0.000, 1.957
12.350, 0, Ego, -637.311, -312.862, 0.000, 3.892, 0.000, 0.000, 18.580, 0.000, 0.590
12.350, 1, NPC, -657.180, -331.372, 0.000, 3.892, 0.000, 0.000, 13.180, 0.000, 3.840
12.400, 0, Ego, -637.983, -313.489, 0.000, 3.892, 0.000, 0.000, 18.380, 0.000, 3.216
12.400, 1, NPC, -657.658, -331.818, 0.000, 3.892, 0.000, 0.000, 13.080, 0.000, 5.708
12.450, 0, Ego, -638.648, -314.108, 0.000, 3.892, 0.000, 0.000, 18.180, 0.000, 5.813
12.450, 1, NPC, -658.133, -332.260, 0.000, 3.892, 0.000, 0.000, 12.980, 0.000, 1.280
12.500, 0, Ego, -639.306, -314.721, 0.000, 3.892, 0.000, 0.000, 17.980, 0.000, 2.099
12.500, 1, NPC, -658.604, -332.699, 0.000, 3.892, 0.000, 0.000, 12.880, 0.000, 3.120
12.550, 0, Ego, -639.956, -315.327, 0.000, 3.892, 0.000, 0.000, 17.780, 0.000, 4.639
12.550, 1, NPC, -659.072, -333.135, 0.000, 3.892, 0.000, 0.000, 12.780, 0.000, 4.945
12.600, 0, Ego, -640.600, -315.926, 0.000, 3.892, 0.000, 0.000, 17.580, 0.000, 0.867
12.600, 1, NPC, -659.536, -333.567, 0.000, 3.892, 0.000, 0.000, 12.680, 0.000, 0.473
12.650, 0, Ego, -641.235, -316.519, 0.000, 3.892, 0.000, 0.000, 17.380, 0.000, 3.350
12.650, 1, NPC, -659.996, -333.996, 0.000, 3.892, 0.000, 0.000, 12.580, 0.000, 2.271
12.700, 0, Ego, -641.864, -317.104, 0.000, 3.892, 0.000, 0.000, 17.180, 0.000, 5.804
12.700, 1, NPC, -660.453, -334.421, 0.000, 3.892, 0.000, 0.000, 12.480, 0.000, 4.053
12.750, 0, Ego, -642.485, -317.683, 0.000, 3.892, 0.000, 0.000, 16.980, 0.000, 1.947
12.750, 1, NPC, -660.906, -334.843, 0.000, 3.892, 0.000, 0.000, 12.380, 0.000, 5.822
12.800, 0, Ego, -643.099, -318.255, 0.000, 3.892, 0.000, 0.000, 16.780, 0.000, 4.344
12.800, 1, NPC, -661.355, -335.262, 0.000, 3.892, 0.000, 0.000, 12.280, 0.000, 1.293
12.850, 0, Ego, -643.706, -318.820, 0.000, 3.892, 0.000, 0.000, 16.580, 0.000, 0.429
12.850, 1, NPC, -661.800, -335.677, 0.000, 3.892, 0.000, 0.000, 12.180, 0.000, 3.033
12.900, 0, Ego, -644.305, -319.378, 0.000, 3.892, 0.000, 0.000, 16.380, 0.000, 2.769
12.900, 1, NPC, -662.242, -336.089, 0.000, 3.892, 0.000, 0.000, 12.080, 0.000, 4.759
12.950, 0, Ego, -644.897, -319.930, 0.000, 3.892, 0.000, 0.000, 16.180, 0.000, 5.081
12.950, 1, NPC, -662.681, -336.497, 0.000, 3.892, 0.000, 0.000, 11.980, 0.000, 0.187
13.000, 0, Ego, -645.482, -320.474, 0.000, 3.892, 0.000, 0.000, 15.980, 0.000, 1.080
13.000, 1, NPC, -663.115, -336.902, 0.000, 3.892, 0.000, 0.000, 11.880, 0.000, 1.884
13.050, 0, Ego, -646.059, -321.012, 0.000, 3.892, 0.000, 0.000, 15.780, 0.000, 3.335
13.050, 1, NPC, -663.546, -337.303, 0.000, 3.892, 0.000, 0.000, 11.780, 0.000, 3.567
13.100, 0, Ego, -646.629, -321.543, 0.000, 3.892, 0.000, 0.000, 15.580, 0.000, 5.560
13.100, 1, NPC, -663.973, -337.701, 0.000, 3.892, 0.000, 0.000, 11.680, 0.000, 5.236
13.150, 0, Ego, -647.191, -322.067, 0.000, 3.892, 0.000, 0.000, 15.380, 0.000, 1.474
13.150, 1, NPC, -664.397, -338.096, 0.000, 3.892, 0.000, 0.000, 11.580, 0.000, 0.607
13.200, 0, Ego, -647.747, -322.585, 0.000, 3.892, 0.000, 0.000, 15.180, 0.000, 3.643
13.200, 1, NPC, -664.817, -338.487, 0.000, 3.892, 0.000, 0.000, 11.480, 0.000, 2.247
13.250, 0, Ego, -648.295, -323.095, 0.000, 3.892, 0.000, 0.000, 14.980, 0.000, 5.783
13.250, 1, NPC, -665.233, -338.875, 0.000, 3.892, 0.000, 0.000, 11.380, 0.000, 3.873
13.300, 0, Ego, -648.836, -323.599, 0.000, 3.892, 0.000, 0.000, 14.780, 0.000, 1.611
13.300, 1, NPC, -665.646, -339.260, 0.000, 3.892, 0.000, 0.000, 11.280, 0.000, 5.484
13.350, 0, Ego, -649.369, -324.096, 0.000, 3.892, 0.000, 0.000, 14.580, 0.000, 3.694
13.350, 1, NPC, -666.055, -339.641, 0.000, 3.892, 0.000, 0.000, 11.180, 0.000, 0.798
13.400, 0, Ego, -649.895, -324.586, 0.000, 3.892, 0.000, 0.000, 14.380, 0.000, 5.748
13.400, 1, NPC, -666.460, -340.018, 0.000, 3.892, 0.000, 0.000, 11.080, 0.000, 2.381
13.450, 0, Ego, -650.414, -325.069, 0.000, 3.892, 0.000, 0.000, 14.180, 0.000, 1.491
13.450, 1, NPC, -666.862, -340.392, 0.000, 3.892, 0.000, 0.000, 10.980, 0.000, 3.949
13.500, 0, Ego, -650.925, -325.546, 0.000, 3.892, 0.000, 0.000, 13.980, 0.000, 3.488
13.500, 1, NPC, -667.260, -340.763, 0.000, 3.892, 0.000, 0.000, 10.880, 0.000, 5.504
13.550, 0, Ego, -651.429, -326.015, 0.000, 3.892, 0.000, 0.000, 13.780, 0.000, 5.456
13.550, 1, NPC, -667.655, -341.131, 0.000, 3.892, 0.000, 0.000, 10.780, 0.000, 0.760
13.600, 0, Ego, -651.926, -326.478, 0.000, 3.892, 0.000, 0.000, 13.580, 0.000, 1.113
13.600, 1, NPC, -668.045, -341.495, 0.000, 3.892, 0.000, 0.000, 10.680, 0.000, 2.286
13.650, 0, Ego, -652.416, -326.934, 0.000, 3.892, 0.000, 0.000, 13.380, 0.000, 3.025
13.650, 1, NPC, -668.432, -341.855, 0.000, 3.892, 0.000, 0.000, 10.580, 0.000, 3.798
13.700, 0, Ego, -652.898, -327.383, 0.000, 3.892, 0.000, 0.000, 13.180, 0.000, 4.907
13.700, 1, NPC, -668.816, -342.212, 0.000, 3.892, 0.000, 0.000, 10.480, 0.000, 5.295
13.750, 0, Ego, -653.373, -327.826, 0.000, 3.892, 0.000, 0.000, 12.980, 0.000, 0.479
13.750, 1, NPC, -669.196, -342.566, 0.000, 3.892, 0.000, 0.000, 10.380, 0.000, 0.494
13.800, 0, Ego, -653.840, -328.261, 0.000, 3.892, 0.000, 0.000, 12.780, 0.000, 2.304
13.800, 1, NPC, -669.572, -342.917, 0.000, 3.892, 0.000, 0.000, 10.280, 0.000, 1.963
13.850, 0, Ego, -654.301, -328.690, 0.000, 3.892, 0.000, 0.000, 12.580, 0.000, 4.101
13.850, 1, NPC, -669.944, -343.263, 0.000, 3.892, 0.000, 0.000, 10.180, 0.000, 3.417
13.900, 0, Ego, -654.753, -329.112, 0.000, 3.892, 0.000, 0.000, 12.380, 0.000, 5.870
13.900, 1, NPC, -670.313, -343.607, 0.000, 3.892, 0.000, 0.000, 10.080, 0.000, 4.857
13.950, 0, Ego, -655.199, -329.527, 0.000, 3.892, 0.000, 0.000, 12.180, 0.000, 1.327
13.950, 1, NPC, -670.678, -343.947, 0.000, 3.892, 0.000, 0.000, 9.980, 0.000, 6.283
14.000, 0, Ego, -655.637, -329.935, 0.000, 3.892, 0.000, 0.000, 11.980, 0.000, 3.038
14.000, 1, NPC, -671.039, -344.284, 0.000, 3.892, 0.000, 0.000, 9.880, 0.000, 1.411
14.050, 0, Ego, -656.068, -330.337, 0.000, 3.892, 0.000, 0.000, 11.780, 0.000, 4.721
14.050, 1, NPC, -671.397, -344.617, 0.000, 3.892, 0.000, 0.000, 9.780, 0.000, 2.808
14.100, 0, Ego, -656.492, -330.732, 0.000, 3.892, 0.000, 0.000, 11.580, 0.000, 0.092
14.100, 1, NPC, -671.751, -344.947, 0.000, 3.892, 0.000, 0.000, 9.680, 0.000, 4.191
14.150, 0, Ego, -656.909, -331.120, 0.000, 3.892, 0.000, 0.000, 11.387, 0.000, 1.719
14.150, 1, NPC, -672.102, -345.274, 0.000, 3.892, 0.000, 0.000, 9.580, 0.000, 5.560
14.200, 0, Ego, -657.319, -331.502, 0.000, 3.892, 0.000, 0.000, 11.216, 0.000, 3.321
14.200, 1, NPC, -672.449, -345.597, 0.000, 3.892, 0.000, 0.000, 9.480, 0.000, 0.631
14.250, 0, Ego, -657.724, -331.879, 0.000, 3.892, 0.000, 0.000, 11.063, 0.000, 4.902
14.250, 1, NPC, -672.792, -345.916, 0.000, 3.892, 0.000, 0.000, 9.380, 0.000, 1.971
14.300, 0, Ego, -658.123, -332.251, 0.000, 3.892, 0.000, 0.000, 10.925, 0.000, 0.179
14.300, 1, NPC, -673.131, -346.233, 0.000, 3.892, 0.000, 0.000, 9.280, 0.000, 3.297
14.350, 0, Ego, -658.518, -332.619, 0.000, 3.892, 0.000, 0.000, 10.798, 0.000, 1.722
14.350, 1, NPC, -673.467, -346.546, 0.000, 3.892, 0.000, 0.000, 9.180, 0.000, 4.608
14.400, 0, Ego, -658.909, -332.983, 0.000, 3.892, 0.000, 0.000, 10.681, 0.000, 3.248
14.400, 1, NPC, -673.799, -346.855, 0.000, 3.892, 0.000, 0.000, 9.080, 0.000, 5.905
14.450, 0, Ego, -659.296, -333.344, 0.000, 3.892, 0.000, 0.000, 10.572, 0.000, 4.758
14.450, 1, NPC, -674.128, -347.161, 0.000, 3.892, 0.000, 0.000, 8.980, 0.000, 0.905
14.500, 0, Ego, -659.679, -333.700, 0.000, 3.892, 0.000, 0.000, 10.469, 0.000, 6.253
14.500, 1, NPC, -674.453, -347.464, 0.000, 3.892, 0.000, 0.000, 8.880, 0.000, 2.173
14.550, 0, Ego, -660.058, -334.054, 0.000, 3.892, 0.000, 0.000, 10.372, 0.000, 1.452
14.550, 1, NPC, -674.774, -347.763, 0.000, 3.892, 0.000, 0.000, 8.780, 0.000, 3.428
14.600, 0, Ego, -660.434, -334.404, 0.000, 3.892, 0.000, 0.000, 10.278, 0.000, 2.920
14.600, 1, NPC, -675.091, -348.059, 0.000, 3.892, 0.000, 0.000, 8.680, 0.000, 4.668
14.650, 0, Ego, -660.807, -334.751, 0.000, 3.892, 0.000, 0.000, 10.188, 0.000, 4.376
14.650, 1, NPC, -675.405, -348.351, 0.000, 3.892, 0.000, 0.000, 8.580, 0.000, 5.893
14.700, 0, Ego, -661.177, -335.096, 0.000, 3.892, 0.000, 0.000, 10.100, 0.000, 5.819
14.700, 1, NPC, -675.716, -348.640, 0.000, 3.892, 0.000, 0.000, 8.480, 0.000, 0.822
14.750, 0, Ego, -661.543, -335.437, 0.000, 3.892, 0.000, 0.000, 10.014, 0.000, 0.966
14.750, 1, NPC, -676.022, -348.926, 0.000, 3.892, 0.000, 0.000, 8.380, 0.000, 2.019
14.800, 0, Ego, -661.906, -335.775, 0.000, 3.892, 0.000, 0.000, 9.930, 0.000, 2.385
14.800, 1, NPC, -676.325, -349.208, 0.000, 3.892, 0.000, 0.000, 8.280, 0.000, 3.202
14.850, 0, Ego, -662.266, -336.111, 0.000, 3.892, 0.000, 0.000, 9.848, 0.000, 3.791
14.850, 1, NPC, -676.624, -349.487, 0.000, 3.892, 0.000, 0.000, 8.180, 0.000, 4.370
14.900, 0, Ego, -662.624, -336.444, 0.000, 3.892, 0.000, 0.000, 9.766, 0.000, 5.186
14.900, 1, NPC, -676.920, -349.762, 0.000, 3.892, 0.000, 0.000, 8.080, 0.000, 5.525
14.950, 0, Ego, -662.978, -336.774, 0.000, 3.892, 0.000, 0.000, 9.685, 0.000, 0.287
14.950, 1, NPC, -677.212, -350.034, 0.000, 3.892, 0.000, 0.000, 7.980, 0.000, 0.381
15.000, 0, Ego, -663.329, -337.101, 0.000, 3.892, 0.000, 0.000, 9.604, 0.000, 1.659
15.000, 1, NPC, -677.500, -350.303, 0.000, 3.892, 0.000, 0.000, 7.880, 0.000, 1.507
15.050, 0, Ego, -663.678, -337.426, 0.000, 3.892, 0.000, 0.000, 9.524, 0.000, 3.019
15.050, 1, NPC, -677.785, -350.568, 0.000, 3.892, 0.000, 0.000, 7.780, 0.000, 2.618
15.100, 0, Ego, -664.023, -337.748, 0.000, 3.892, 0.000, 0.000, 9.444, 0.000, 4.368
15.100, 1, NPC, -678.066, -350.830, 0.000, 3.892, 0.000, 0.000, 7.680, 0.000, 3.716
15.150, 0, Ego, -664.366, -338.067, 0.000, 3.892, 0.000, 0.000, 9.364, 0.000, 5.706
15.150, 1, NPC, -678.343, -351.088, 0.000, 3.892, 0.000, 0.000, 7.580, 0.000, 4.798
15.200, 0, Ego, -664.706, -338.383, 0.000, 3.892, 0.000, 0.000, 9.284, 0.000, 0.749
15.200, 1, NPC, -678.617, -351.343, 0.000, 3.892, 0.000, 0.000, 7.480, 0.000, 5.867
15.250, 0, Ego, -665.042, -338.697, 0.000, 3.892, 0.000, 0.000, 9.203, 0.000, 2.064
15.250, 1, NPC, -678.887, -351.594, 0.000, 3.892, 0.000, 0.000, 7.380, 0.000, 0.638
15.300, 0, Ego, -665.376, -339.008, 0.000, 3.892, 0.000, 0.000, 9.123, 0.000, 3.367
15.300, 1, NPC, -679.153, -351.843, 0.000, 3.892, 0.000, 0.000, 7.280, 0.000, 1.678
15.350, 0, Ego, -665.707, -339.316, 0.000, 3.892, 0.000, 0.000, 9.043, 0.000, 4.659
15.350, 1, NPC, -679.416, -352.087, 0.000, 3.892, 0.000, 0.000, 7.180, 0.000, 2.704
15.400, 0, Ego, -666.035, -339.622, 0.000, 3.892, 0.000, 0.000, 8.962, 0.000, 5.939
15.400, 1, NPC, -679.675, -352.329, 0.000, 3.892, 0.000, 0.000, 7.080, 0.000, 3.715
15.450, 0, Ego, -666.360, -339.924, 0.000, 3.892, 0.000, 0.000, 8.881, 0.000, 0.925
15.450, 1, NPC, -679.930, -352.566, 0.000, 3.892, 0.000, 0.000, 6.980, 0.000, 4.712
15.500, 0, Ego, -666.682, -340.224, 0.000, 3.892, 0.000, 0.000, 8.800, 0.000, 2.182
15.500, 1, NPC, -680.182, -352.801, 0.000, 3.892, 0.000, 0.000, 6.880, 0.000, 5.695
15.550, 0, Ego, -667.001, -340.521, 0.000, 3.892, 0.000, 0.000, 8.719, 0.000, 3.428
15.550, 1, NPC, -680.430, -353.032, 0.000, 3.892, 0.000, 0.000, 6.780, 0.000, 0.381
15.600, 0, Ego, -667.317, -340.816, 0.000, 3.892, 0.000, 0.000, 8.637, 0.000, 4.661
15.600, 1, NPC, -680.674, -353.260, 0.000, 3.892, 0.000, 0.000, 6.680, 0.000, 1.335
15.650, 0, Ego, -667.629, -341.107, 0.000, 3.892, 0.000, 0.000, 8.555, 0.000, 5.884
15.650, 1, NPC, -680.915, -353.484, 0.000, 3.892, 0.000, 0.000, 6.580, 0.000, 2.275
15.700, 0, Ego, -667.939, -341.396, 0.000, 3.892, 0.000, 0.000, 8.473, 0.000, 0.811
15.700, 1, NPC, -681.152, -353.705, 0.000, 3.892, 0.000, 0.000, 6.480, 0.000, 3.201
15.750, 0, Ego, -668.246, -341.682, 0.000, 3.892, 0.000, 0.000, 8.390, 0.000, 2.009
15.750, 1, NPC, -681.385, -353.922, 0.000, 3.892, 0.000, 0.000, 6.380, 0.000, 4.112
15.800, 0, Ego, -668.550, -341.965, 0.000, 3.892, 0.000, 0.000, 8.307, 0.000, 3.196
15.800, 1, NPC, -681.615, -354.136, 0.000, 3.892, 0.000, 0.000, 6.280, 0.000, 5.009
15.850, 0, Ego, -668.851, -342.245, 0.000, 3.892, 0.000, 0.000, 8.223, 0.000, 4.371
15.850, 1, NPC, -681.841, -354.347, 0.000, 3.892, 0.000, 0.000, 6.180, 0.000, 5.892
15.900, 0, Ego, -669.149, -342.523, 0.000, 3.892, 0.000, 0.000, 8.139, 0.000, 5.534
15.900, 1, NPC, -682.064, -354.554, 0.000, 3.892, 0.000, 0.000, 6.080, 0.000, 0.477
15.950, 0, Ego, -669.444, -342.797, 0.000, 3.892, 0.000, 0.000, 8.055, 0.000, 0.401
15.950, 1, NPC, -682.283, -354.758, 0.000, 3.892, 0.000, 0.000, 5.980, 0.000, 1.332
16.000, 0, Ego, -669.735, -343.069, 0.000, 3.892, 0.000, 0.000, 7.971, 0.000, 1.540
16.000, 1, NPC, -682.498, -354.958, 0.000, 3.892, 0.000, 0.000, 5.880, 0.000, 2.172
16.050, 0, Ego, -670.024, -343.338, 0.000, 3.892, 0.000, 0.000, 7.886, 0.000, 2.666
16.050, 1, NPC, -682.709, -355.155, 0.000, 3.892, 0.000, 0.000, 5.780, 0.000, 2.997
16.100, 0, Ego, -670.309, -343.604, 0.000, 3.892, 0.000, 0.000, 7.801, 0.000, 3.781
16.100, 1, NPC, -682.917, -355.349, 0.000, 3.892, 0.000, 0.000, 5.680, 0.000, 3.809
16.150, 0, Ego, -670.591, -343.866, 0.000, 3.892, 0.000, 0.000, 7.715, 0.000, 4.883
16.150, 1, NPC, -683.121, -355.539, 0.000, 3.892, 0.000, 0.000, 5.580, 0.000, 4.606
16.200, 0, Ego, -670.870, -344.126, 0.000, 3.892, 0.000, 0.000, 7.629, 0.000, 5.973
16.200, 1, NPC, -683.322, -355.726, 0.000, 3.892, 0.000, 0.000, 5.480, 0.000, 5.389
16.250, 0, Ego, -671.146, -344.384, 0.000, 3.892, 0.000, 0.000, 7.543, 0.000, 0.767
16.250, 1, NPC, -683.518, -355.909, 0.000, 3.892, 0.000, 0.000, 5.380, 0.000, 6.157
16.300, 0, Ego, -671.419, -344.638, 0.000, 3.892, 0.000, 0.000, 7.456, 0.000, 1.832
16.300, 1, NPC, -683.711, -356.089, 0.000, 3.892, 0.000, 0.000, 5.280, 0.000, 0.629
16.350, 0, Ego, -671.689, -344.889, 0.000, 3.892, 0.000, 0.000, 7.369, 0.000, 2.885
16.350, 1, NPC, -683.901, -356.266, 0.000, 3.892, 0.000, 0.000, 5.180, 0.000, 1.369
16.400, 0, Ego, -671.955, -345.137, 0.000, 3.892, 0.000, 0.000, 7.282, 0.000, 3.925
16.400, 1, NPC, -684.087, -356.439, 0.000, 3.892, 0.000, 0.000, 5.080, 0.000, 2.094
16.450, 0, Ego, -672.218, -345.382, 0.000, 3.892, 0.000, 0.000, 7.194, 0.000, 4.953
16.450, 1, NPC, -684.269, -356.609, 0.000, 3.892, 0.000, 0.000, 4.980, 0.000, 2.806
16.500, 0, Ego, -672.478, -345.624, 0.000, 3.892, 0.000, 0.000, 7.106, 0.000, 5.968
16.500, 1, NPC, -684.448, -356.775, 0.000, 3.892, 0.000, 0.000, 4.880, 0.000, 3.503
16.550, 0, Ego, -672.735, -345.864, 0.000, 3.892, 0.000, 0.000, 7.017, 0.000, 0.687
16.550, 1, NPC, -684.622, -356.938, 0.000, 3.892, 0.000, 0.000, 4.780, 0.000, 4.186
16.600, 0, Ego, -672.988, -346.100, 0.000, 3.892, 0.000, 0.000, 6.929, 0.000, 1.677
16.600, 1, NPC, -684.794, -357.097, 0.000, 3.892, 0.000, 0.000, 4.680, 0.000, 4.854
16.650, 0, Ego, -673.239, -346.333, 0.000, 3.892, 0.000, 0.000, 6.840, 0.000, 2.654
16.650, 1, NPC, -684.961, -357.253, 0.000, 3.892, 0.000, 0.000, 4.580, 0.000, 5.509
16.700, 0, Ego, -673.486, -346.563, 0.000, 3.892, 0.000, 0.000, 6.750, 0.000, 3.618
16.700, 1, NPC, -685.125, -357.406, 0.000, 3.892, 0.000, 0.000, 4.480, 0.000, 6.149
16.750, 0, Ego, -673.729, -346.790, 0.000, 3.892, 0.000, 0.000, 6.661, 0.000, 4.570
16.750, 1, NPC, -685.285, -357.555, 0.000, 3.892, 0.000, 0.000, 4.380, 0.000, 0.491
16.800, 0, Ego, -673.970, -347.014, 0.000, 3.892, 0.000, 0.000, 6.570, 0.000, 5.509
16.800, 1, NPC, -685.442, -357.701, 0.000, 3.892, 0.000, 0.000, 4.280, 0.000, 1.103
16.850, 0, Ego, -674.207, -347.235, 0.000, 3.892, 0.000, 0.000, 6.480, 0.000, 0.151
16.850, 1, NPC, -685.595, -357.844, 0.000, 3.892, 0.000, 0.000, 4.180, 0.000, 1.700
16.900, 0, Ego, -674.441, -347.452, 0.000, 3.892, 0.000, 0.000, 6.389, 0.000, 1.064
16.900, 1, NPC, -685.744, -357.983, 0.000, 3.892, 0.000, 0.000, 4.080, 0.000, 2.283
16.950, 0, Ego, -674.671, -347.667, 0.000, 3.892, 0.000, 0.000, 6.298, 0.000, 1.964
16.950, 1, NPC, -685.890, -358.118, 0.000, 3.892, 0.000, 0.000, 3.980, 0.000, 2.851
17.000, 0, Ego, -674.898, -347.879, 0.000, 3.892, 0.000, 0.000, 6.207, 0.000, 2.850
17.000, 1, NPC, -686.032, -358.251, 0.000, 3.892, 0.000, 0.000, 3.880, 0.000, 3.405
17.050, 0, Ego, -675.122, -348.087, 0.000, 3.892, 0.000, 0.000, 6.115, 0.000, 3.724
17.050, 1, NPC, -686.170, -358.380, 0.000, 3.892, 0.000, 0.000, 3.780, 0.000, 3.945
17.100, 0, Ego, -675.342, -348.292, 0.000, 3.892, 0.000, 0.000, 6.023, 0.000, 4.585
17.100, 1, NPC, -686.305, -358.505, 0.000, 3.892, 0.000, 0.000, 3.680, 0.000, 4.471
17.150, 0, Ego, -675.559, -348.494, 0.000, 3.892, 0.000, 0.000, 5.931, 0.000, 5.432
17.150, 1, NPC, -686.436, -358.627, 0.000, 3.892, 0.000, 0.000, 3.580, 0.000, 4.983
17.200, 0, Ego, -675.773, -348.693, 0.000, 3.892, 0.000, 0.000, 5.839, 0.000, 6.266
17.200, 1, NPC, -686.563, -358.746, 0.000, 3.892, 0.000, 0.000, 3.480, 0.000, 5.480
17.250, 0, Ego, -675.983, -348.889, 0.000, 3.892, 0.000, 0.000, 5.746, 0.000, 0.804
17.250, 1, NPC, -686.687, -358.861, 0.000, 3.892, 0.000, 0.000, 3.380, 0.000, 5.963
17.300, 0, Ego, -676.190, -349.082, 0.000, 3.892, 0.000, 0.000, 5.653, 0.000, 1.611
17.300, 1, NPC, -686.807, -358.973, 0.000, 3.892, 0.000, 0.000, 3.280, 0.000, 0.148
17.350, 0, Ego, -676.393, -349.271, 0.000, 3.892, 0.000, 0.000, 5.559, 0.000, 2.405
17.350, 1, NPC, -686.923, -359.081, 0.000, 3.892, 0.000, 0.000, 3.180, 0.000, 0.602
17.400, 0, Ego, -676.593, -349.458, 0.000, 3.892, 0.000, 0.000, 5.465, 0.000, 3.186
17.400, 1, NPC, -687.036, -359.186, 0.000, 3.892, 0.000, 0.000, 3.080, 0.000, 1.042
17.450, 0, Ego, -676.790, -349.641, 0.000, 3.892, 0.000, 0.000, 5.371, 0.000, 3.953
17.450, 1, NPC, -687.145, -359.287, 0.000, 3.892, 0.000, 0.000, 2.980, 0.000, 1.468
17.500, 0, Ego, -676.983, -349.821, 0.000, 3.892, 0.000, 0.000, 5.277, 0.000, 4.707
17.500, 1, NPC, -687.250, -359.386, 0.000, 3.892, 0.000, 0.000, 2.880, 0.000, 1.879
17.550, 0, Ego, -677.172, -349.997, 0.000, 3.892, 0.000, 0.000, 5.182, 0.000, 5.448
17.550, 1, NPC, -687.352, -359.480, 0.000, 3.892, 0.000, 0.000, 2.780, 0.000, 2.276
17.600, 0, Ego, -677.358, -350.171, 0.000, 3.892, 0.000, 0.000, 5.088, 0.000, 6.174
17.600, 1, NPC, -687.450, -359.572, 0.000, 3.892, 0.000, 0.000, 2.680, 0.000, 2.659
17.650, 0, Ego, -677.541, -350.341, 0.000, 3.892, 0.000, 0.000, 4.992, 0.000, 0.604
17.650, 1, NPC, -687.544, -359.660, 0.000, 3.892, 0.000, 0.000, 2.580, 0.000, 3.028
17.700, 0, Ego, -677.720, -350.508, 0.000, 3.892, 0.000, 0.000, 4.897, 0.000, 1.304
17.700, 1, NPC, -687.635, -359.744, 0.000, 3.892, 0.000, 0.000, 2.480, 0.000, 3.382
17.750, 0, Ego, -677.896, -350.671, 0.000, 3.892, 0.000, 0.000, 4.801, 0.000, 1.990
17.750, 1, NPC, -687.722, -359.825, 0.000, 3.892, 0.000, 0.000, 2.380, 0.000, 3.722
17.800, 0, Ego, -678.068, -350.832, 0.000, 3.892, 0.000, 0.000, 4.705, 0.000, 2.662
17.800, 1, NPC, -687.805, -359.903, 0.000, 3.892, 0.000, 0.000, 2.280, 0.000, 4.048
17.850, 0, Ego, -678.237, -350.989, 0.000, 3.892, 0.000, 0.000, 4.609, 0.000, 3.320
17.850, 1, NPC, -687.885, -359.977, 0.000, 3.892, 0.000, 0.000, 2.180, 0.000, 4.359
17.900, 0, Ego, -678.402, -351.143, 0.000, 3.892, 0.000, 0.000, 4.512, 0.000, 3.965
17.900, 1, NPC, -687.961, -360.048, 0.000, 3.892, 0.000, 0.000, 2.080, 0.000, 4.656
17.950, 0, Ego, -678.563, -351.293, 0.000, 3.892, 0.000, 0.000, 4.416, 0.000, 4.596
17.950, 1, NPC, -688.034, -360.116, 0.000, 3.892, 0.000, 0.000, 1.980, 0.000, 4.939
18.000, 0, Ego, -678.721, -351.440, 0.000, 3.892, 0.000, 0.000, 4.318, 0.000, 5.213
18.000, 1, NPC, -688.102, -360.180, 0.000, 3.892, 0.000, 0.000, 1.880, 0.000, 5.208
18.050, 0, Ego, -678.876, -351.584, 0.000, 3.892, 0.000, 0.000, 4.221, 0.000, 5.816
18.050, 1, NPC, -688.167, -360.240, 0.000, 3.892, 0.000, 0.000, 1.780, 0.000, 5.462
18.100, 0, Ego, -679.026, -351.725, 0.000, 3.892, 0.000, 0.000, 4.124, 0.000, 0.122
18.100, 1, NPC, -688.229, -360.298, 0.000, 3.892, 0.000, 0.000, 1.680, 0.000, 5.702
18.150, 0, Ego, -679.174, -351.862, 0.000, 3.892, 0.000, 0.000, 4.026, 0.000, 0.697
18.150, 1, NPC, -688.287, -360.352, 0.000, 3.892, 0.000, 0.000, 1.580, 0.000, 5.928
18.200, 0, Ego, -679.317, -351.996, 0.000, 3.892, 0.000, 0.000, 3.928, 0.000, 1.258
18.200, 1, NPC, -688.341, -360.402, 0.000, 3.892, 0.000, 0.000, 1.480, 0.000, 6.139
18.250, 0, Ego, -679.458, -352.126, 0.000, 3.892, 0.000, 0.000, 3.829, 0.000, 1.805
18.250, 1, NPC, -688.391, -360.449, 0.000, 3.892, 0.000, 0.000, 1.380, 0.000, 0.053
18.300, 0, Ego, -679.594, -352.253, 0.000, 3.892, 0.000, 0.000, 3.731, 0.000, 2.338
18.300, 1, NPC, -688.438, -360.493, 0.000, 3.892, 0.000, 0.000, 1.280, 0.000, 0.236
18.350, 0, Ego, -679.727, -352.377, 0.000, 3.892, 0.000, 0.000, 3.632, 0.000, 2.857
18.350, 1, NPC, -688.481, -360.533, 0.000, 3.892, 0.000, 0.000, 1.180, 0.000, 0.405
18.400, 0, Ego, -679.856, -352.498, 0.000, 3.892, 0.000, 0.000, 3.533, 0.000, 3.361
18.400, 1, NPC, -688.521, -360.570, 0.000, 3.892, 0.000, 0.000, 1.080, 0.000, 0.559
18.450, 0, Ego, -679.982, -352.615, 0.000, 3.892, 0.000, 0.000, 3.433, 0.000, 3.852
18.450, 1, NPC, -688.557, -360.603, 0.000, 3.892, 0.000, 0.000, 0.980, 0.000, 0.699
18.500, 0, Ego, -680.104, -352.728, 0.000, 3.892, 0.000, 0.000, 3.334, 0.000, 4.328
18.500, 1, NPC, -688.589, -360.633, 0.000, 3.892, 0.000, 0.000, 0.880, 0.000, 0.825
18.550, 0, Ego, -680.222, -352.838, 0.000, 3.892, 0.000, 0.000, 3.234, 0.000, 4.790
18.550, 1, NPC, -688.617, -360.660, 0.000, 3.892, 0.000, 0.000, 0.780, 0.000, 0.936
18.600, 0, Ego, -680.337, -352.945, 0.000, 3.892, 0.000, 0.000, 3.134, 0.000, 5.238
18.600, 1, NPC, -688.642, -360.683, 0.000, 3.892, 0.000, 0.000, 0.680, 0.000, 1.033
18.650, 0, Ego, -680.448, -353.049, 0.000, 3.892, 0.000, 0.000, 3.034, 0.000, 5.671
18.650, 1, NPC, -688.664, -360.703, 0.000, 3.892, 0.000, 0.000, 0.580, 0.000, 1.116
18.700, 0, Ego, -680.555, -353.149, 0.000, 3.892, 0.000, 0.000, 2.933, 0.000, 6.090
18.700, 1, NPC, -688.681, -360.719, 0.000, 3.892, 0.000, 0.000, 0.480, 0.000, 1.185
18.750, 0, Ego, -680.659, -353.245, 0.000, 3.892, 0.000, 0.000, 2.833, 0.000, 0.212
18.750, 1, NPC, -688.695, -360.732, 0.000, 3.892, 0.000, 0.000, 0.380, 0.000, 1.239
18.800, 0, Ego, -680.759, -353.338, 0.000, 3.892, 0.000, 0.000, 2.732, 0.000, 0.602
18.800, 1, NPC, -688.705, -360.741, 0.000, 3.892, 0.000, 0.000, 0.280, 0.000, 1.279
18.850, 0, Ego, -680.855, -353.428, 0.000, 3.892, 0.000, 0.000, 2.631, 0.000, 0.978
18.850, 1, NPC, -688.712, -360.748, 0.000, 3.892, 0.000, 0.000, 0.180, 0.000, 1.305
18.900, 0, Ego, -680.947, -353.514, 0.000, 3.892, 0.000, 0.000, 2.531, 0.000, 1.340
18.900, 1, NPC, -688.715, -360.750, 0.000, 3.892, 0.000, 0.000, 0.080, 0.000, 1.316
18.950, 0, Ego, -681.036, -353.597, 0.000, 3.892, 0.000, 0.000, 2.432, 0.000, 1.687
18.950, 1, NPC, -688.715, -360.750, 0.000, 3.892, 0.000, 0.000, 0.000, 0.000, 1.316
19.000, 0, Ego, -681.122, -353.677, 0.000, 3.892, 0.000, 0.000, 2.336, 0.000, 2.021
19.000, 1, NPC, -688.715, -360.750, 0.000, 3.892, 0.000, 0.000, 0.000, 0.000, 1.316
19.050, 0, Ego, -681.204, -353.753, 0.000, 3.892, 0.000, 0.000, 2.250, 0.000, 2.342
19.050, 1, NPC, -688.715, -360.750, 0.000, 3.892, 0.000, 0.000, 0.000, 0.000, 1.316
19.100, 0, Ego, -681.284, -353.827, 0.000, 3.892, 0.000, 0.000, 2.173, 0.000, 2.653
19.100, 1, NPC, -688.715, -360.750, 0.000, 3.892, 0.000, 0.000, 0.000, 0.000, 1.316
19.150, 0, Ego, -681.361, -353.899, 0.000, 3.892, 0.000, 0.000, 2.103, 0.000, 2.953
19.150, 1, NPC, -688.715, -360.750, 0.000, 3.892, 0.000, 0.000, 0.000, 0.000, 1.316
19.200, 0, Ego, -681.435, -353.969, 0.000, 3.892, 0.000, 0.000, 2.039, 0.000, 3.244
19.200, 1, NPC, -688.715, -360.750, 0.000, 3.892, 0.000, 0.000, 0.000, 0.000, 1.316
19.250, 0, Ego, -681.508, -354.036, 0.000, 3.892, 0.000, 0.000, 1.980, 0.000, 3.527
19.250, 1, NPC, -688.715, -360.750, 0.000, 3.892, 0.000, 0.000, 0.000, 0.000, 1.316
19.300, 0, Ego, -681.578, -354.102, 0.000, 3.892, 0.000, 0.000, 1.925, 0.000, 3.802
19.300, 1, NPC, -688.715, -360.750, 0.000, 3.892, 0.000, 0.000, 0.000, 0.000, 1.316
19.350, 0, Ego, -681.646, -354.165, 0.000, 3.892, 0.000, 0.000, 1.871, 0.000, 4.069
19.350, 1, NPC, -688.715, -360.750, 0.000, 3.892, 0.000, 0.000, 0.000, 0.000, 1.316
19.400, 0, Ego, -681.713, -354.227, 0.000, 3.892, 0.000, 0.000, 1.817, 0.000, 4.329
19.400, 1, NPC, -688.715, -360.750, 0.000, 3.892, 0.000, 0.000, 0.000, 0.000, 1.316
19.450, 0, Ego, -681.778, -354.288, 0.000, 3.892, 0.000, 0.000, 1.765, 0.000, 4.581
19.450, 1, NPC, -688.715, -360.750, 0.000, 3.892, 0.000, 0.000, 0.000, 0.000, 1.316
19.500, 0, Ego, -681.840, -354.346, 0.000, 3.892, 0.000, 0.000, 1.713, 0.000, 4.826
19.500, 1, NPC, -688.715, -360.750, 0.000, 3.892, 0.000, 0.000, 0.000, 0.000, 1.316
19.550, 0, Ego, -681.901, -354.403, 0.000, 3.892, 0.000, 0.000, 1.662, 0.000, 5.063
19.550, 1, NPC, -688.715, -360.750, 0.000, 3.892, 0.000, 0.000, 0.000, 0.000, 1.316
19.600, 0, Ego, -681.960, -354.457, 0.000, 3.892, 0.000, 0.000, 1.612, 0.000, 5.293
19.600, 1, NPC, -688.715, -360.750, 0.000, 3.892, 0.000, 0.000, 0.000, 0.000, 1.316
19.650, 0, Ego, -682.017, -354.511, 0.000, 3.892, 0.000, 0.000, 1.563, 0.000, 5.517
19.650, 1, NPC, -688.715, -360.750, 0.000, 3.892, 0.000, 0.000, 0.000, 0.000, 1.316
19.700, 0, Ego, -682.073, -354.562, 0.000, 3.892, 0.000, 0.000, 1.515, 0.000, 5.733
19.700, 1, NPC, -688.715, -360.750, 0.000, 3.892, 0.000, 0.000, 0.000, 0.000, 1.316
19.750, 0, Ego, -682.126, -354.612, 0.000, 3.892, 0.000, 0.000, 1.468, 0.000, 5.943
19.750, 1, NPC, -688.715, -360.750, 0.000, 3.892, 0.000, 0.000, 0.000, 0.000, 1.316
19.800, 0, Ego, -682.178, -354.661, 0.000, 3.892, 0.000, 0.000, 1.421, 0.000, 6.146
19.800, 1, NPC, -688.715, -360.750, 0.000, 3.892, 0.000, 0.000, 0.000, 0.000, 1.316
19.850, 0, Ego, -682.229, -354.708, 0.000, 3.892, 0.000, 0.000, 1.377, 0.000, 0.059
19.850, 1, NPC, -688.715, -360.750, 0.000, 3.892, 0.000, 0.000, 0.000, 0.000, 1.316
19.900, 0, Ego, -682.277, -354.753, 0.000, 3.892, 0.000, 0.000, 1.333, 0.000, 0.250
19.900, 1, NPC, -688.715, -360.750, 0.000, 3.892, 0.000, 0.000, 0.000, 0.000, 1.316
19.950, 0, Ego, -682.325, -354.797, 0.000, 3.892, 0.000, 0.000, 1.290, 0.000, 0.434
19.950, 1, NPC, -688.715, -360.750, 0.000, 3.892, 0.000, 0.000, 0.000, 0.000, 1.316
20.000, 0, Ego, -682.370, -354.840, 0.000, 3.892, 0.000, 0.000, 1.248, 0.000, 0.612
20.000, 1, NPC, -688.715, -360.750, 0.000, 3.892, 0.000, 0.000, 0.000, 0.000, 1.316
20.050, 0, Ego, -682.414, -354.881, 0.000, 3.892, 0.000, 0.000, 1.207, 0.000, 0.785
20.050, 1, NPC, -688.715, -360.750, 0.000, 3.892, 0.000, 0.000, 0.000, 0.000, 1.316
20.100, 0, Ego, -682.457, -354.921, 0.000, 3.892, 0.000, 0.000, 1.168, 0.000, 0.951
20.100, 1, NPC, -688.715, -360.750, 0.000, 3.892, 0.000, 0.000, 0.000, 0.000, 1.316
20.150, 0, Ego, -682.498, -354.959, 0.000, 3.892, 0.000, 0.000, 1.129, 0.000, 1.113
20.150, 1, NPC, -688.715, -360.750, 0.000, 3.892, 0.000, 0.000, 0.000, 0.000, 1.316
20.200, 0, Ego, -682.538, -354.996, 0.000, 3.892, 0.000, 0.000, 1.091, 0.000, 1.269
20.200, 1, NPC, -688.715, -360.750, 0.000, 3.892, 0.000, 0.000, 0.000, 0.000, 1.316
20.250, 0, Ego, -682.577, -355.032, 0.000, 3.892, 0.000, 0.000, 1.055, 0.000, 1.419
20.250, 1, NPC, -688.715, -360.750, 0.000, 3.892, 0.000, 0.000, 0.000, 0.000, 1.316
20.300, 0, Ego, -682.614, -355.067, 0.000, 3.892, 0.000, 0.000, 1.019, 0.000, 1.565
20.300, 1, NPC, -688.715, -360.750, 0.000, 3.892, 0.000, 0.000, 0.000, 0.000, 1.316
20.350, 0, Ego, -682.650, -355.100, 0.000, 3.892, 0.000, 0.000, 0.985, 0.000, 1.706
20.350, 1, NPC, -688.715, -360.750, 0.000, 3.892, 0.000, 0.000, 0.000, 0.000, 1.316
20.400, 0, Ego, -682.685, -355.133, 0.000, 3.892, 0.000, 0.000, 0.951, 0.000, 1.841
20.400, 1, NPC, -688.715, -360.750, 0.000, 3.892, 0.000, 0.000, 0.000, 0.000, 1.316
20.450, 0, Ego, -682.719, -355.164, 0.000, 3.892, 0.000, 0.000, 0.919, 0.000, 1.973
20.450, 1, NPC, -688.715, -360.750, 0.000, 3.892, 0.000, 0.000, 0.000, 0.000, 1.316
20.500, 0, Ego, -682.751, -355.194, 0.000, 3.892, 0.000, 0.000, 0.887, 0.000, 2.099
20.500, 1, NPC, -688.715, -360.750, 0.000, 3.892, 0.000, 0.000, 0.000, 0.000, 1.316
20.550, 0, Ego, -682.782, -355.224, 0.000, 3.892, 0.000, 0.000, 0.856, 0.000, 2.222
20.550, 1, NPC, -688.715, -360.750, 0.000, 3.892, 0.000, 0.000, 0.000, 0.000, 1.316
20.600, 0, Ego, -682.813, -355.252, 0.000, 3.892, 0.000, 0.000, 0.827, 0.000, 2.340
20.600, 1, NPC, -688.715, -360.750, 0.000, 3.892, 0.000, 0.000, 0.000, 0.000, 1.316
20.650, 0, Ego, -682.842, -355.279, 0.000, 3.892, 0.000, 0.000, 0.798, 0.000, 2.454
20.650, 1, NPC, -688.715, -360.750, 0.000, 3.892, 0.000, 0.000, 0.000, 0.000, 1.316
20.700, 0, Ego, -682.870, -355.305, 0.000, 3.892, 0.000, 0.000, 0.770, 0.000, 2.564
20.700, 1, NPC, -688.715, -360.750, 0.000, 3.892, 0.000, 0.000, 0.000, 0.000, 1.316
20.750, 0, Ego, -682.897, -355.331, 0.000, 3.892, 0.000, 0.000, 0.743, 0.000, 2.670
20.750, 1, NPC, -688.715, -360.750, 0.000, 3.892, 0.000, 0.000, 0.000, 0.000, 1.316
20.800, 0, Ego, -682.923, -355.355, 0.000, 3.892, 0.000, 0.000, 0.716, 0.000, 2.772
20.800, 1, NPC, -688.715, -360.750, 0.000, 3.892, 0.000, 0.000, 0.000, 0.000, 1.316
20.850, 0, Ego, -682.949, -355.379, 0.000, 3.892, 0.000, 0.000, 0.691, 0.000, 2.871
20.850, 1, NPC, -688.715, -360.750, 0.000, 3.892, 0.000, 0.000, 0.000, 0.000, 1.316
20.900, 0, Ego, -682.973, -355.401, 0.000, 3.892, 0.000, 0.000, 0.667, 0.000, 2.966
20.900, 1, NPC, -688.715, -360.750, 0.000, 3.892, 0.000, 0.000, 0.000, 0.000, 1.316
20.950, 0, Ego, -682.997, -355.423, 0.000, 3.892, 0.000, 0.000, 0.643, 0.000, 3.058
20.950, 1, NPC, -688.715, -360.750, 0.000, 3.892, 0.000, 0.000, 0.000, 0.000, 1.316
21.000, 0, Ego, -683.019, -355.444, 0.000, 3.892, 0.000, 0.000, 0.620, 0.000, 3.146
21.000, 1, NPC, -688.715, -360.750, 0.000, 3.892, 0.000, 0.000, 0.000, 0.000, 1.316
21.050, 0, Ego, -683.041, -355.465, 0.000, 3.892, 0.000, 0.000, 0.597, 0.000, 3.232
21.050, 1, NPC, -688.715, -360.750, 0.000, 3.892, 0.000, 0.000, 0.000, 0.000, 1.316
21.100, 0, Ego, -683.062, -355.484, 0.000, 3.892, 0.000, 0.000, 0.576, 0.000, 3.314
21.100, 1, NPC, -688.715, -360.750, 0.000, 3.892, 0.000, 0.000, 0.000, 0.000, 1.316
21.150, 0, Ego, -683.082, -355.503, 0.000, 3.892, 0.000, 0.000, 0.555, 0.000, 3.393
21.150, 1, NPC, -688.715, -360.750, 0.000, 3.892, 0.000, 0.000, 0.000, 0.000, 1.316
21.200, 0, Ego, -683.102, -355.521, 0.000, 3.892, 0.000, 0.000, 0.535, 0.000, 3.470
21.200, 1, NPC, -688.715, -360.750, 0.000, 3.892, 0.000, 0.000, 0.000, 0.000, 1.316
21.250, 0, Ego, -683.121, -355.539, 0.000, 3.892, 0.000, 0.000, 0.516, 0.000, 3.543
21.250, 1, NPC, -688.715, -360.750, 0.000, 3.892, 0.000, 0.000, 0.000, 0.000, 1.316
21.300, 0, Ego, -683.139, -355.556, 0.000, 3.892, 0.000, 0.000, 0.497, 0.000, 3.614
21.300, 1, NPC, -688.715, -360.750, 0.000, 3.892, 0.000, 0.000, 0.000, 0.000, 1.316
21.350, 0, Ego, -683.157, -355.572, 0.000, 3.892, 0.000, 0.000, 0.479, 0.000, 3.683
21.350, 1, NPC, -688.715, -360.750, 0.000, 3.892, 0.000, 0.000, 0.000, 0.000, 1.316
21.400, 0, Ego, -683.173, -355.588, 0.000, 3.892, 0.000, 0.000, 0.461, 0.000, 3.749
21.400, 1, NPC, -688.715, -360.750, 0.000, 3.892, 0.000, 0.000, 0.000, 0.000, 1.316
21.450, 0, Ego, -683.190, -355.603, 0.000, 3.892, 0.000, 0.000, 0.444, 0.000, 3.812
21.450, 1, NPC, -688.715, -360.750, 0.000, 3.892, 0.000, 0.000, 0.000, 0.000, 1.316
21.500, 0, Ego, -683.205, -355.618, 0.000, 3.892, 0.000, 0.000, 0.428, 0.000, 3.873
21.500, 1, NPC, -688.715, -360.750, 0.000, 3.892, 0.000, 0.000, 0.000, 0.000, 1.316
21.550, 0, Ego, -683.220, -355.632, 0.000, 3.892, 0.000, 0.000, 0.412, 0.000, 3.932
21.550, 1, NPC, -688.715, -360.750, 0.000, 3.892, 0.000, 0.000, 0.000, 0.000, 1.316
21.600, 0, Ego, -683.235, -355.645, 0.000, 3.892, 0.000, 0.000, 0.397, 0.000, 3.989
21.600, 1, NPC, -688.715, -360.750, 0.000, 3.892, 0.000, 0.000, 0.000, 0.000, 1.316
21.650, 0, Ego, -683.249, -355.658, 0.000, 3.892, 0.000, 0.000, 0.382, 0.000, 4.043
21.650, 1, NPC, -688.715, -360.750, 0.000, 3.892, 0.000, 0.000, 0.000, 0.000, 1.316
21.700, 0, Ego, -683.262, -355.671, 0.000, 3.892, 0.000, 0.000, 0.368, 0.000, 4.096
21.700, 1, NPC, -688.715, -360.750, 0.000, 3.892, 0.000, 0.000, 0.000, 0.000, 1.316
21.750, 0, Ego, -683.275, -355.683, 0.000, 3.892, 0.000, 0.000, 0.354, 0.000, 4.146
21.750, 1, NPC, -688.715, -360.750, 0.000, 3.892, 0.000, 0.000, 0.000, 0.000, 1.316
21.800, 0, Ego, -683.288, -355.694, 0.000, 3.892, 0.000, 0.000, 0.341, 0.000, 4.195
21.800, 1, NPC, -688.715, -360.750, 0.000, 3.892, 0.000, 0.000, 0.000, 0.000, 1.316
21.850, 0, Ego, -683.300, -355.706, 0.000, 3.892, 0.000, 0.000, 0.328, 0.000, 4.242
21.850, 1, NPC, -688.715, -360.750, 0.000, 3.892, 0.000, 0.000, 0.000, 0.000, 1.316
21.900, 0, Ego, -683.311, -355.716, 0.000, 3.892, 0.000, 0.000, 0.316, 0.000, 4.287
21.900, 1, NPC, -688.715, -360.750, 0.000, 3.892, 0.000, 0.000, 0.000, 0.000, 1.316
21.950, 0, Ego, -683.322, -355.727, 0.000, 3.892, 0.000, 0.000, 0.304, 0.000, 4.331
21.950, 1, NPC, -688.715, -360.750, 0.000, 3.892, 0.000, 0.000, 0.000, 0.000, 1.316
22.000, 0, Ego, -683.333, -355.737, 0.000, 3.892, 0.000, 0.000, 0.293, 0.000, 4.372
22.000, 1, NPC, -688.715, -360.750, 0.000, 3.892, 0.000, 0.000, 0.000, 0.000, 1.316
22.050, 0, Ego, -683.343, -355.746, 0.000, 3.892, 0.000, 0.000, 0.282, 0.000, 4.413
22.050, 1, NPC, -688.715, -360.750, 0.000, 3.892, 0.000, 0.000, 0.000, 0.000, 1.316
22.100, 0, Ego, -683.353, -355.756, 0.000, 3.892, 0.000, 0.000, 0.271, 0.000, 4.451
22.100, 1, NPC, -688.715, -360.750, 0.000, 3.892, 0.000, 0.000, 0.000, 0.000, 1.316
22.150, 0, Ego, -683.363, -355.764, 0.000, 3.892, 0.000, 0.000, 0.261, 0.000, 4.489
22.150, 1, NPC, -688.715, -360.750, 0.000, 3.892, 0.000, 0.000, 0.000, 0.000, 1.316
22.200, 0, Ego, -683.372, -355.773, 0.000, 3.892, 0.000, 0.000, 0.251, 0.000, 4.524
22.200, 1, NPC, -688.715, -360.750, 0.000, 3.892, 0.000, 0.000, 0.000, 0.000, 1.316
22.250, 0, Ego, -683.381, -355.781, 0.000, 3.892, 0.000, 0.000, 0.241, 0.000, 4.559
22.250, 1, NPC, -688.715, -360.750, 0.000, 3.892, 0.000, 0.000, 0.000, 0.000, 1.316
22.300, 0, Ego, -683.389, -355.789, 0.000, 3.892, 0.000, 0.000, 0.232, 0.000, 4.592
22.300, 1, NPC, -688.715, -360.750, 0.000, 3.892, 0.000, 0.000, 0.000, 0.000, 1.316
22.350, 0, Ego, -683.398, -355.797, 0.000, 3.892, 0.000, 0.000, 0.223, 0.000, 4.624
22.350, 1, NPC, -688.715, -360.750, 0.000, 3.892, 0.000, 0.000, 0.000, 0.000, 1.316
22.400, 0, Ego, -683.405, -355.804, 0.000, 3.892, 0.000, 0.000, 0.215, 0.000, 4.655
22.400, 1, NPC, -688.715, -360.750, 0.000, 3.892, 0.000, 0.000, 0.000, 0.000, 1.316
22.450, 0, Ego, -683.413, -355.811, 0.000, 3.892, 0.000, 0.000, 0.207, 0.000, 4.684
22.450, 1, NPC, -688.715, -360.750, 0.000, 3.892, 0.000, 0.000, 0.000, 0.000, 1.316
22.500, 0, Ego, -683.420, -355.818, 0.000, 3.892, 0.000, 0.000, 0.199, 0.000, 4.713
22.500, 1, NPC, -688.715, -360.750, 0.000, 3.892, 0.000, 0.000, 0.000, 0.000, 1.316
22.550, 0, Ego, -683.427, -355.824, 0.000, 3.892, 0.000, 0.000, 0.191, 0.000, 4.740
22.550, 1, NPC, -688.715, -360.750, 0.000, 3.892, 0.000, 0.000, 0.000, 0.000, 1.316
22.600, 0, Ego, -683.434, -355.831, 0.000, 3.892, 0.000, 0.000, 0.184, 0.000, 4.766
22.600, 1, NPC, -688.715, -360.750, 0.000, 3.892, 0.000, 0.000, 0.000, 0.000, 1.316
22.650, 0, Ego, -683.440, -355.837, 0.000, 3.892, 0.000, 0.000, 0.177, 0.000, 4.792
22.650, 1, NPC, -688.715, -360.750, 0.000, 3.892, 0.000, 0.000, 0.000, 0.000, 1.316
22.700, 0, Ego, -683.447, -355.843, 0.000, 3.892, 0.000, 0.000, 0.170, 0.000, 4.816
22.700, 1, NPC, -688.715, -360.750, 0.000, 3.892, 0.000, 0.000, 0.000, 0.000, 1.316
22.750, 0, Ego, -683.453, -355.848, 0.000, 3.892, 0.000, 0.000, 0.164, 0.000, 4.839
22.750, 1, NPC, -688.715, -360.750, 0.000, 3.892, 0.000, 0.000, 0.000, 0.000, 1.316
22.800, 0, Ego, -683.458, -355.853, 0.000, 3.892, 0.000, 0.000, 0.157, 0.000, 4.862
22.800, 1, NPC, -688.715, -360.750, 0.000, 3.892, 0.000, 0.000, 0.000, 0.000, 1.316
22.850, 0, Ego, -683.464, -355.859, 0.000, 3.892, 0.000, 0.000, 0.151, 0.000, 4.883
22.850, 1, NPC, -688.715, -360.750, 0.000, 3.892, 0.000, 0.000, 0.000, 0.000, 1.316
22.900, 0, Ego, -683.469, -355.864, 0.000, 3.892, 0.000, 0.000, 0.146, 0.000, 4.904
22.900, 1, NPC, -688.715, -360.750, 0.000, 3.892, 0.000, 0.000, 0.000, 0.000, 1.316
22.950, 0, Ego, -683.474, -355.868, 0.000, 3.892, 0.000, 0.000, 0.140, 0.000, 4.924
22.950, 1, NPC, -688.715, -360.750, 0.000, 3.892, 0.000, 0.000, 0.000, 0.000, 1.316
23.000, 0, Ego, -683.479, -355.873, 0.000, 3.892, 0.000, 0.000, 0.135, 0.000, 4.943
23.000, 1, NPC, -688.715, -360.750, 0.000, 3.892, 0.000, 0.000, 0.000, 0.000, 1.316
23.050, 0, Ego, -683.484, -355.877, 0.000, 3.892, 0.000, 0.000, 0.129, 0.000, 4.962
23.050, 1, NPC, -688.715, -360.750, 0.000, 3.892, 0.000, 0.000, 0.000, 0.000, 1.316
23.100, 0, Ego, -683.489, -355.882, 0.000, 3.892, 0.000, 0.000, 0.124, 0.000, 4.980
23.100, 1, NPC, -688.715, -360.750, 0.000, 3.892, 0.000, 0.000, 0.000, 0.000, 1.316
23.150, 0, Ego, -683.493, -355.886, 0.000, 3.892, 0.000, 0.000, 0.120, 0.000, 4.997
23.150, 1, NPC, -688.715, -360.750, 0.000, 3.892, 0.000, 0.000, 0.000, 0.000, 1.316
23.200, 0, Ego, -683.497, -355.890, 0.000, 3.892, 0.000, 0.000, 0.115, 0.000, 5.013
23.200, 1, NPC, -688.715, -360.750, 0.000, 3.892, 0.000, 0.000, 0.000, 0.000, 1.316
23.250, 0, Ego, -683.501, -355.893, 0.000, 3.892, 0.000, 0.000, 0.110, 0.000, 5.029
23.250, 1, NPC, -688.715, -360.750, 0.000, 3.892, 0.000, 0.000, 0.000, 0.000, 1.316
23.300, 0, Ego, -683.505, -355.897, 0.000, 3.892, 0.000, 0.000, 0.106, 0.000, 5.044
23.300, 1, NPC, -688.715, -360.750, 0.000, 3.892, 0.000, 0.000, 0.000, 0.000, 1.316
23.350, 0, Ego, -683.509, -355.900, 0.000, 3.892, 0.000, 0.000, 0.102, 0.000, 5.059
23.350, 1, NPC, -688.715, -360.750, 0.000, 3.892, 0.000, 0.000, 0.000, 0.000, 1.316
23.400, 0, Ego, -683.513, -355.904, 0.000, 3.892, 0.000, 0.000, 0.098, 0.000, 5.073
23.400, 1, NPC, -688.715, -360.750, 0.000, 3.892, 0.000, 0.000, 0.000, 0.000, 1.316
23.450, 0, Ego, -683.516, -355.907, 0.000, 3.892, 0.000, 0.000, 0.094, 0.000, 5.086
23.450, 1, NPC, -688.715, -360.750, 0.000, 3.892, 0.000, 0.000, 0.000, 0.000, 1.316
23.500, 0, Ego, -683.519, -355.910, 0.000, 3.892, 0.000, 0.000, 0.091, 0.000, 5.099
23.500, 1, NPC, -688.715, -360.750, 0.000, 3.892, 0.000, 0.000, 0.000, 0.000, 1.316
23.550, 0, Ego, -683.522, -355.913, 0.000, 3.892, 0.000, 0.000, 0.087, 0.000, 5.112
23.550, 1, NPC, -688.715, -360.750, 0.000, 3.892, 0.000, 0.000, 0.000, 0.000, 1.316
23.600, 0, Ego, -683.526, -355.916, 0.000, 3.892, 0.000, 0.000, 0.084, 0.000, 5.124
23.600, 1, NPC, -688.715, -360.750, 0.000, 3.892, 0.000, 0.000, 0.000, 0.000, 1.316
23.650, 0, Ego, -683.528, -355.919, 0.000, 3.892, 0.000, 0.000, 0.080, 0.000, 5.135
23.650, 1, NPC, -688.715, -360.750, 0.000, 3.892, 0.000, 0.000, 0.000, 0.000, 1.316
23.700, 0, Ego, -683.531, -355.921, 0.000, 3.892, 0.000, 0.000, 0.077, 0.000, 5.146
23.700, 1, NPC, -688.715, -360.750, 0.000, 3.892, 0.000, 0.000, 0.000, 0.000, 1.316
23.750, 0, Ego, -683.534, -355.924, 0.000, 3.892, 0.000, 0.000, 0.074, 0.000, 5.157
23.750, 1, NPC, -688.715, -360.750, 0.000, 3.892, 0.000, 0.000, 0.000, 0.000, 1.316
23.800, 0, Ego, -683.537, -355.926, 0.000, 3.892, 0.000, 0.000, 0.071, 0.000, 5.167
23.800, 1, NPC, -688.715, -360.750, 0.000, 3.892, 0.000, 0.000, 0.000, 0.000, 1.316
23.850, 0, Ego, -683.539, -355.929, 0.000, 3.892, 0.000, 0.000, 0.069, 0.000, 5.177
23.850, 1, NPC, -688.715, -360.750, 0.000, 3.892, 0.000, 0.000, 0.000, 0.000, 1.316
23.900, 0, Ego, -683.542, -355.931, 0.000, 3.892, 0.000, 0.000, 0.066, 0.000, 5.186
23.900, 1, NPC, -688.715, -360.750, 0.000, 3.892, 0.000, 0.000, 0.000, 0.000, 1.316
23.950, 0, Ego, -683.544, -355.933, 0.000, 3.892, 0.000, 0.000, 0.063, 0.000, 5.195
23.950, 1, NPC, -688.715, -360.750, 0.000, 3.892, 0.000, 0.000, 0.000, 0.000, 1.316
24.000, 0, Ego, -683.546, -355.935, 0.000, 3.892, 0.000, 0.000, 0.061, 0.000, 5.204
24.000, 1, NPC, -688.715, -360.750, 0.000, 3.892, 0.000, 0.000, 0.000, 0.000, 1.316
24.050, 0, Ego, -683.548, -355.937, 0.000, 3.892, 0.000, 0.000, 0.058, 0.000, 5.212
24.050, 1, NPC, -688.715, -360.750, 0.000, 3.892, 0.000, 0.000, 0.000, 0.000, 1.316
24.100, 0, Ego, -683.550, -355.939, 0.000, 3.892, 0.000, 0.000, 0.056, 0.000, 5.220
24.100, 1, NPC, -688.715, -360.750, 0.000, 3.892, 0.000, 0.000, 0.000, 0.000, 1.316
24.150, 0, Ego, -683.552, -355.941, 0.000, 3.892, 0.000, 0.000, 0.054, 0.000, 5.228
24.150, 1, NPC, -688.715, -360.750, 0.000, 3.892, 0.000, 0.000, 0.000, 0.000, 1.316
24.200, 0, Ego, -683.554, -355.943, 0.000, 3.892, 0.000, 0.000, 0.052, 0.000, 5.235
24.200, 1, NPC, -688.715, -360.750, 0.000, 3.892, 0.000, 0.000, 0.000, 0.000, 1.316
24.250, 0, Ego, -683.556, -355.944, 0.000, 3.892, 0.000, 0.000, 0.050, 0.000, 5.242
24.250, 1, NPC, -688.715, -360.750, 0.000, 3.892, 0.000, 0.000, 0.000, 0.000, 1.316
24.300, 0, Ego, -683.558, -355.946, 0.000, 3.892, 0.000, 0.000, 0.048, 0.000, 5.249
24.300, 1, NPC, -688.715, -360.750, 0.000, 3.892, 0.000, 0.000, 0.000, 0.000, 1.316
24.350, 0, Ego, -683.559, -355.948, 0.000, 3.892, 0.000, 0.000, 0.046, 0.000, 5.256
24.350, 1, NPC, -688.715, -360.750, 0.000, 3.892, 0.000, 0.000, 0.000, 0.000, 1.316
24.400, 0, Ego, -683.561, -355.949, 0.000, 3.892, 0.000, 0.000, 0.044, 0.000, 5.262
24.400, 1, NPC, -688.715, -360.750, 0.000, 3.892, 0.000, 0.000, 0.000, 0.000, 1.316
24.450, 0, Ego, -683.563, -355.950, 0.000, 3.892, 0.000, 0.000, 0.042, 0.000, 5.268
24.450, 1, NPC, -688.715, -360.750, 0.000, 3.892, 0.000, 0.000, 0.000, 0.000, 1.316
24.500, 0, Ego, -683.564, -355.952, 0.000, 3.892, 0.000, 0.000, 0.041, 0.000, 5.274
24.500, 1, NPC, -688.715, -360.750, 0.000, 3.892, 0.000, 0.000, 0.000, 0.000, 1.316
24.550, 0, Ego, -683.565, -355.953, 0.000, 3.892, 0.000, 0.000, 0.039, 0.000, 5.280
24.550, 1, NPC, -688.715, -360.750, 0.000, 3.892, 0.000, 0.000, 0.000, 0.000, 1.316
24.600, 0, Ego, -683.567, -355.954, 0.000, 3.892, 0.000, 0.000, 0.038, 0.000, 5.285
24.600, 1, NPC, -688.715, -360.750, 0.000, 3.892, 0.000, 0.000, 0.000, 0.000, 1.316
24.650, 0, Ego, -683.568, -355.956, 0.000, 3.892, 0.000, 0.000, 0.036, 0.000, 5.290
24.650, 1, NPC, -688.715, -360.750, 0.000, 3.892, 0.000, 0.000, 0.000, 0.000, 1.316
24.700, 0, Ego, -683.569, -355.957, 0.000, 3.892, 0.000, 0.000, 0.035, 0.000, 5.295
24.700, 1, NPC, -688.715, -360.750, 0.000, 3.892, 0.000, 0.000, 0.000, 0.000, 1.316
24.750, 0, Ego, -683.571, -355.958, 0.000, 3.892, 0.000, 0.000, 0.033, 0.000, 5.300
24.750, 1, NPC, -688.715, -360.750, 0.000, 3.892, 0.000, 0.000, 0.000, 0.000, 1.316
24.800, 0, Ego, -683.572, -355.959, 0.000, 3.892, 0.000, 0.000, 0.032, 0.000, 5.305
24.800, 1, NPC, -688.715, -360.750, 0.000, 3.892, 0.000, 0.000, 0.000, 0.000, 1.316
24.850, 0, Ego, -683.573, -355.960, 0.000, 3.892, 0.000, 0.000, 0.031, 0.000, 5.309
24.850, 1, NPC, -688.715, -360.750, 0.000, 3.892, 0.000, 0.000, 0.000, 0.000, 1.316
24.900, 0, Ego, -683.574, -355.961, 0.000, 3.892, 0.000, 0.000, 0.030, 0.000, 5.313
24.900, 1, NPC, -688.715, -360.750, 0.000, 3.892, 0.000, 0.000, 0.000, 0.000, 1.316
24.950, 0, Ego, -683.575, -355.962, 0.000, 3.892, 0.000, 0.000, 0.028, 0.000, 5.317
24.950, 1, NPC, -688.715, -360.750, 0.000, 3.892, 0.000, 0.000, 0.000, 0.000, 1.316
25.000, 0, Ego, -683.576, -355.963, 0.000, 3.892, 0.000, 0.000, 0.027, 0.000, 5.321
25.000, 1, NPC, -688.715, -360.750, 0.000, 3.892, 0.000, 0.000, 0.000, 0.000, 1.316
25.050, 0, Ego, -683.577, -355.964, 0.000, 3.892, 0.000, 0.000, 0.026, 0.000, 5.325
25.050, 1, NPC, -688.715, -360.750, 0.000, 3.892, 0.000, 0.000, 0.000, 0.000, 1.316
25.100, 0, Ego, -683.578, -355.965, 0.000, 3.892, 0.000, 0.000, 0.025, 0.000, 5.328
25.100, 1, NPC, -688.715, -360.750, 0.000, 3.892, 0.000, 0.000, 0.000, 0.000, 1.316
25.150, 0, Ego, -683.579, -355.966, 0.000, 3.892, 0.000, 0.000, 0.024, 0.000, 5.332
25.150, 1, NPC, -688.715, -360.750, 0.000, 3.892, 0.000, 0.000, 0.000, 0.000, 1.316
25.200, 0, Ego, -683.580, -355.966, 0.000, 3.892, 0.000, 0.000, 0.023, 0.000, 5.335
25.200, 1, NPC, -688.715, -360.750, 0.000, 3.892, 0.000, 0.000, 0.000, 0.000, 1.316
25.250, 0, Ego, -683.581, -355.967, 0.000, 3.892, 0.000, 0.000, 0.022, 0.000, 5.338
25.250, 1, NPC, -688.715, -360.750, 0.000, 3.892, 0.000, 0.000, 0.000, 0.000, 1.316
25.300, 0, Ego, -683.581, -355.968, 0.000, 3.892, 0.000, 0.000, 0.021, 0.000, 5.342
25.300, 1, NPC, -688.715, -360.750, 0.000, 3.892, 0.000, 0.000, 0.000, 0.000, 1.316
25.350, 0, Ego, -683.582, -355.969, 0.000, 3.892, 0.000, 0.000, 0.021, 0.000, 5.344
25.350, 1, NPC, -688.715, -360.750, 0.000, 3.892, 0.000, 0.000, 0.000, 0.000, 1.316
25.400, 0, Ego, -683.583, -355.969, 0.000, 3.892, 0.000, 0.000, 0.020, 0.000, 5.347
25.400, 1, NPC, -688.715, -360.750, 0.000, 3.892, 0.000, 0.000, 0.000, 0.000, 1.316
25.450, 0, Ego, -683.583, -355.970, 0.000, 3.892, 0.000, 0.000, 0.019, 0.000, 5.350
25.450, 1, NPC, -688.715, -360.750, 0.000, 3.892, 0.000, 0.000, 0.000, 0.000, 1.316
25.500, 0, Ego, -683.584, -355.971, 0.000, 3.892, 0.000, 0.000, 0.018, 0.000, 5.353
25.500, 1, NPC, -688.715, -360.750, 0.000, 3.892, 0.000, 0.000, 0.000, 0.000, 1.316
25.550, 0, Ego, -683.585, -355.971, 0.000, 3.892, 0.000, 0.000, 0.018, 0.000, 5.355
25.550, 1, NPC, -688.715, -360.750, 0.000, 3.892, 0.000, 0.000, 0.000, 0.000, 1.316
25.600, 0, Ego, -683.585, -355.972, 0.000, 3.892, 0.000, 0.000, 0.017, 0.000, 5.357
25.600, 1, NPC, -688.715, -360.750, 0.000, 3.892, 0.000, 0.000, 0.000, 0.000, 1.316
25.650, 0, Ego, -683.586, -355.972, 0.000, 3.892, 0.000, 0.000, 0.016, 0.000, 5.360
25.650, 1, NPC, -688.715, -360.750, 0.000, 3.892, 0.000, 0.000, 0.000, 0.000, 1.316
25.700, 0, Ego, -683.587, -355.973, 0.000, 3.892, 0.000, 0.000, 0.016, 0.000, 5.362
25.700, 1, NPC, -688.715, -360.750, 0.000, 3.892, 0.000, 0.000, 0.000, 0.000, 1.316
25.750, 0, Ego, -683.587, -355.973, 0.000, 3.892, 0.000, 0.000, 0.015, 0.000, 5.364
25.750, 1, NPC, -688.715, -360.750, 0.000, 3.892, 0.000, 0.000, 0.000, 0.000, 1.316
25.800, 0, Ego, -683.588, -355.974, 0.000, 3.892, 0.000, 0.000, 0.014, 0.000, 5.366
25.800, 1, NPC, -688.715, -360.750, 0.000, 3.892, 0.000, 0.000, 0.000, 0.000, 1.316
25.850, 0, Ego, -683.588, -355.974, 0.000, 3.892, 0.000, 0.000, 0.014, 0.000, 5.368
25.850, 1, NPC, -688.715, -360.750, 0.000, 3.892, 0.000, 0.000, 0.000, 0.000, 1.316
25.900, 0, Ego, -683.589, -355.975, 0.000, 3.892, 0.000, 0.000, 0.013, 0.000, 5.370
25.900, 1, NPC, -688.715, -360.750, 0.000, 3.892, 0.000, 0.000, 0.000, 0.000, 1.316
25.950, 0, Ego, -683.589, -355.975, 0.000, 3.892, 0.000, 0.000, 0.013, 0.000, 5.372
25.950, 1, NPC, -688.715, -360.750, 0.000, 3.892, 0.000, 0.000, 0.000, 0.000, 1.316
26.000, 0, Ego, -683.590, -355.976, 0.000, 3.892, 0.000, 0.000, 0.012, 0.000, 5.374
26.000, 1, NPC, -688.715, -360.750, 0.000, 3.892, 0.000, 0.000, 0.000, 0.000, 1.316
26.050, 0, Ego, -683.590, -355.976, 0.000, 3.892, 0.000, 0.000, 0.012, 0.000, 5.375
26.050, 1, NPC, -688.715, -360.750, 0.000, 3.892, 0.000, 0.000, 0.000, 0.000, 1.316
26.100, 0, Ego, -683.590, -355.976, 0.000, 3.892, 0.000, 0.000, 0.011, 0.000, 5.377
26.100, 1, NPC, -688.715, -360.750, 0.000, 3.892, 0.000, 0.000, 0.000, 0.000, 1.316
26.150, 0, Ego, -683.591, -355.977, 0.000, 3.892, 0.000, 0.000, 0.011, 0.000, 5.378
26.150, 1, NPC, -688.715, -360.750, 0.000, 3.892, 0.000, 0.000, 0.000, 0.000, 1.316
26.200, 0, Ego, -683.591, -355.977, 0.000, 3.892, 0.000, 0.000, 0.010, 0.000, 5.380
26.200, 1, NPC, -688.715, -360.750, 0.000, 3.892, 0.000, 0.000, 0.000, 0.000, 1.316
26.250, 0, Ego, -683.591, -355.977, 0.000, 3.892, 0.000, 0.000, 0.010, 0.000, 5.381
26.250, 1, NPC, -688.715, -360.750, 0.000, 3.892, 0.000, 0.000, 0.000, 0.000, 1.316
26.300, 0, Ego, -683.592, -355.978, 0.000, 3.892, 0.000, 0.000, 0.010, 0.000, 5.383
26.300, 1, NPC, -688.715, -360.750, 0.000, 3.892, 0.000, 0.000, 0.000, 0.000, 1.316
26.350, 0, Ego, -683.592, -355.978, 0.000, 3.892, 0.000, 0.000, 0.009, 0.000, 5.384
26.350, 1, NPC, -688.715, -360.750, 0.000, 3.892, 0.000, 0.000, 0.000, 0.000, 1.316
26.400, 0, Ego, -683.593, -355.978, 0.000, 3.892, 0.000, 0.000, 0.009, 0.000, 5.385
26.400, 1, NPC, -688.715, -360.750, 0.000, 3.892, 0.000, 0.000, 0.000, 0.000, 1.316
26.450, 0, Ego, -683.593, -355.979, 0.000, 3.892, 0.000, 0.000, 0.008, 0.000, 5.386
26.450, 1, NPC, -688.715, -360.750, 0.000, 3.892, 0.000, 0.000, 0.000, 0.000, 1.316
26.500, 0, Ego, -683.593, -355.979, 0.000, 3.892, 0.000, 0.000, 0.008, 0.000, 5.388
26.500, 1, NPC, -688.715, -360.750, 0.000, 3.892, 0.000, 0.000, 0.000, 0.000, 1.316
26.550, 0, Ego, -683.593, -355.979, 0.000, 3.892, 0.000, 0.000, 0.008, 0.000, 5.389
26.550, 1, NPC, -688.715, -360.750, 0.000, 3.892, 0.000, 0.000, 0.000, 0.000, 1.316
26.600, 0, Ego, -683.594, -355.979, 0.000, 3.892, 0.000, 0.000, 0.007, 0.000, 5.390
26.600, 1, NPC, -688.715, -360.750, 0.000, 3.892, 0.000, 0.000, 0.000, 0.000, 1.316
26.650, 0, Ego, -683.594, -355.980, 0.000, 3.892, 0.000, 0.000, 0.007, 0.000, 5.391
26.650, 1, NPC, -688.715, -360.750, 0.000, 3.892, 0.000, 0.000, 0.000, 0.000, 1.316
26.700, 0, Ego, -683.594, -355.980, 0.000, 3.892, 0.000, 0.000, 0.007, 0.000, 5.392
26.700, 1, NPC, -688.715, -360.750, 0.000, 3.892, 0.000, 0.000, 0.000, 0.000, 1.316
26.750, 0, Ego, -683.594, -355.980, 0.000, 3.892, 0.000, 0.000, 0.007, 0.000, 5.393
26.750, 1, NPC, -688.715, -360.750, 0.000, 3.892, 0.000, 0.000, 0.000, 0.000, 1.316
26.800, 0, Ego, -683.595, -355.980, 0.000, 3.892, 0.000, 0.000, 0.006, 0.000, 5.394
26.800, 1, NPC, -688.715, -360.750, 0.000, 3.892, 0.000, 0.000, 0.000, 0.000, 1.316
26.850, 0, Ego, -683.595, -355.981, 0.000, 3.892, 0.000, 0.000, 0.006, 0.000, 5.395
26.850, 1, NPC, -688.715, -360.750, 0.000, 3.892, 0.000, 0.000, 0.000, 0.000, 1.316
26.900, 0, Ego, -683.595, -355.981, 0.000, 3.892, 0.000, 0.000, 0.006, 0.000, 5.395
26.900, 1, NPC, -688.715, -360.750, 0.000, 3.892, 0.000, 0.000, 0.000, 0.000, 1.316
26.950, 0, Ego, -683.595, -355.981, 0.000, 3.892, 0.000, 0.000, 0.006, 0.000, 5.396
26.950, 1, NPC, -688.715, -360.750, 0.000, 3.892, 0.000, 0.000, 0.000, 0.000, 1.316
27.000, 0, Ego, -683.596, -355.981, 0.000, 3.892, 0.000, 0.000, 0.005, 0.000, 5.397
27.000, 1, NPC, -688.715, -360.750, 0.000, 3.892, 0.000, 0.000, 0.000, 0.000, 1.316
27.050, 0, Ego, -683.596, -355.981, 0.000, 3.892, 0.000, 0.000, 0.005, 0.000, 5.398
27.050, 1, NPC, -688.715, -360.750, 0.000, 3.892, 0.000, 0.000, 0.000, 0.000, 1.316
27.100, 0, Ego, -683.596, -355.982, 0.000, 3.892, 0.000, 0.000, 0.005, 0.000, 5.398
27.100, 1, NPC, -688.715, -360.750, 0.000, 3.892, 0.000, 0.000, 0.000, 0.000, 1.316
27.150, 0, Ego, -683.596, -355.982, 0.000, 3.892, 0.000, 0.000, 0.005, 0.000, 5.399
27.150, 1, NPC, -688.715, -360.750, 0.000, 3.892, 0.000, 0.000, 0.000, 0.000, 1.316
27.200, 0, Ego, -683.596, -355.982, 0.000, 3.892, 0.000, 0.000, 0.005, 0.000, 5.400
27.200, 1, NPC, -688.715, -360.750, 0.000, 3.892, 0.000, 0.000, 0.000, 0.000, 1.316
27.250, 0, Ego, -683.596, -355.982, 0.000, 3.892, 0.000, 0.000, 0.004, 0.000, 5.400
27.250, 1, NPC, -688.715, -360.750, 0.000, 3.892, 0.000, 0.000, 0.000, 0.000, 1.316
27.300, 0, Ego, -683.597, -355.982, 0.000, 3.892, 0.000, 0.000, 0.004, 0.000, 5.401
27.300, 1, NPC, -688.715, -360.750, 0.000, 3.892, 0.000, 0.000, 0.000, 0.000, 1.316
27.350, 0, Ego, -683.597, -355.982, 0.000, 3.892, 0.000, 0.000, 0.004, 0.000, 5.402
27.350, 1, NPC, -688.715, -360.750, 0.000, 3.892, 0.000, 0.000, 0.000, 0.000, 1.316
27.400, 0, Ego, -683.597, -355.982, 0.000, 3.892, 0.000, 0.000, 0.004, 0.000, 5.402
27.400, 1, NPC, -688.715, -360.750, 0.000, 3.892, 0.000, 0.000, 0.000, 0.000, 1.316
27.450, 0, Ego, -683.597, -355.983, 0.000, 3.892, 0.000, 0.000, 0.004, 0.000, 5.403
27.450, 1, NPC, -688.715, -360.750, 0.000, 3.892, 0.000, 0.000, 0.000, 0.000, 1.316
27.500, 0, Ego, -683.597, -355.983, 0.000, 3.892, 0.000, 0.000, 0.004, 0.000, 5.403
27.500, 1, NPC, -688.715, -360.750, 0.000, 3.892, 0.000, 0.000, 0.000, 0.000, 1.316
27.550, 0, Ego, -683.597, -355.983, 0.000, 3.892, 0.000, 0.000, 0.003, 0.000, 5.404
27.550, 1, NPC, -688.715, -360.750, 0.000, 3.892, 0.000, 0.000, 0.000, 0.000, 1.316
27.600, 0, Ego, -683.597, -355.983, 0.000, 3.892, 0.000, 0.000, 0.003, 0.000, 5.404
27.600, 1, NPC, -688.715, -360.750, 0.000, 3.892, 0.000, 0.000, 0.000, 0.000, 1.316
27.650, 0, Ego, -683.597, -355.983, 0.000, 3.892, 0.000, 0.000, 0.003, 0.000, 5.405
27.650, 1, NPC, -688.715, -360.750, 0.000, 3.892, 0.000, 0.000, 0.000, 0.000, 1.316
27.700, 0, Ego, -683.598, -355.983, 0.000, 3.892, 0.000, 0.000, 0.003, 0.000, 5.405
27.700, 1, NPC, -688.715, -360.750, 0.000, 3.892, 0.000, 0.000, 0.000, 0.000, 1.316
27.750, 0, Ego, -683.598, -355.983, 0.000, 3.892, 0.000, 0.000, 0.003, 0.000, 5.405
27.750, 1, NPC, -688.715, -360.750, 0.000, 3.892, 0.000, 0.000, 0.000, 0.000, 1.316
27.800, 0, Ego, -683.598, -355.983, 0.000, 3.892, 0.000, 0.000, 0.003, 0.000, 5.406
27.800, 1, NPC, -688.715, -360.750, 0.000, 3.892, 0.000, 0.000, 0.000, 0.000, 1.316
27.850, 0, Ego, -683.598, -355.983, 0.000, 3.892, 0.000, 0.000, 0.003, 0.000, 5.406
27.850, 1, NPC, -688.715, -360.750, 0.000, 3.892, 0.000, 0.000, 0.000, 0.000, 1.316
27.900, 0, Ego, -683.598, -355.983, 0.000, 3.892, 0.000, 0.000, 0.003, 0.000, 5.407
27.900, 1, NPC, -688.715, -360.750, 0.000, 3.892, 0.000, 0.000, 0.000, 0.000, 1.316
27.950, 0, Ego, -683.598, -355.984, 0.000, 3.892, 0.000, 0.000, 0.002, 0.000, 5.407
27.950, 1, NPC, -688.715, -360.750, 0.000, 3.892, 0.000, 0.000, 0.000, 0.000, 1.316
28.000, 0, Ego, -683.598, -355.984, 0.000, 3.892, 0.000, 0.000, 0.002, 0.000, 5.407
28.000, 1, NPC, -688.715, -360.750, 0.000, 3.892, 0.000, 0.000, 0.000, 0.000, 1.316
28.050, 0, Ego, -683.598, -355.984, 0.000, 3.892, 0.000, 0.000, 0.002, 0.000, 5.408
28.050, 1, NPC, -688.715, -360.750, 0.000, 3.892, 0.000, 0.000, 0.000, 0.000, 1.316
28.100, 0, Ego, -683.598, -355.984, 0.000, 3.892, 0.000, 0.000, 0.002, 0.000, 5.408
28.100, 1, NPC, -688.715, -360.750, 0.000, 3.892, 0.000, 0.000, 0.000, 0.000, 1.316
28.150, 0, Ego, -683.598, -355.984, 0.000, 3.892, 0.000, 0.000, 0.002, 0.000, 5.408
28.150, 1, NPC, -688.715, -360.750, 0.000, 3.892, 0.000, 0.000, 0.000, 0.000, 1.316
28.200, 0, Ego, -683.599, -355.984, 0.000, 3.892, 0.000, 0.000, 0.002, 0.000, 5.409
28.200, 1, NPC, -688.715, -360.750, 0.000, 3.892, 0.000, 0.000, 0.000, 0.000, 1.316
28.250, 0, Ego, -683.599, -355.984, 0.000, 3.892, 0.000, 0.000, 0.002, 0.000, 5.409
28.250, 1, NPC, -688.715, -360.750, 0.000, 3.892, 0.000, 0.000, 0.000, 0.000, 1.316
28.300, 0, Ego, -683.599, -355.984, 0.000, 3.892, 0.000, 0.000, 0.002, 0.000, 5.409
28.300, 1, NPC, -688.715, -360.750, 0.000, 3.892, 0.000, 0.000, 0.000, 0.000, 1.316
28.350, 0, Ego, -683.599, -355.984, 0.000, 3.892, 0.000, 0.000, 0.002, 0.000, 5.409
28.350, 1, NPC, -688.715, -360.750, 0.000, 3.892, 0.000, 0.000, 0.000, 0.000, 1.316
28.400, 0, Ego, -683.599, -355.984, 0.000, 3.892, 0.000, 0.000, 0.002, 0.000, 5.410
28.400, 1, NPC, -688.715, -360.750, 0.000, 3.892, 0.000, 0.000, 0.000, 0.000, 1.316
28.450, 0, Ego, -683.599, -355.984, 0.000, 3.892, 0.000, 0.000, 0.002, 0.000, 5.410
28.450, 1, NPC, -688.715, -360.750, 0.000, 3.892, 0.000, 0.000, 0.000, 0.000, 1.316
28.500, 0, Ego, -683.599, -355.984, 0.000, 3.892, 0.000, 0.000, 0.002, 0.000, 5.410
28.500, 1, NPC, -688.715, -360.750, 0.000, 3.892, 0.000, 0.000, 0.000, 0.000, 1.316
28.550, 0, Ego, -683.599, -355.984, 0.000, 3.892, 0.000, 0.000, 0.002, 0.000, 5.410
28.550, 1, NPC, -688.715, -360.750, 0.000, 3.892, 0.000, 0.000, 0.000, 0.000, 1.316
28.600, 0, Ego, -683.599, -355.984, 0.000, 3.892, 0.000, 0.000, 0.001, 0.000, 5.410
28.600, 1, NPC, -688.715, -360.750, 0.000, 3.892, 0.000, 0.000, 0.000, 0.000, 1.316
28.650, 0, Ego, -683.599, -355.984, 0.000, 3.892, 0.000, 0.000, 0.001, 0.000, 5.411
28.650, 1, NPC, -688.715, -360.750, 0.000, 3.892, 0.000, 0.000, 0.000, 0.000, 1.316
28.700, 0, Ego, -683.599, -355.984, 0.000, 3.892, 0.000, 0.000, 0.001, 0.000, 5.411
28.700, 1, NPC, -688.715, -360.750, 0.000, 3.892, 0.000, 0.000, 0.000, 0.000, 1.316
28.750, 0, Ego, -683.599, -355.985, 0.000, 3.892, 0.000, 0.000, 0.001, 0.000, 5.411
28.750, 1, NPC, -688.715, -360.750, 0.000, 3.892, 0.000, 0.000, 0.000, 0.000, 1.316
28.800, 0, Ego, -683.599, -355.985, 0.000, 3.892, 0.000, 0.000, 0.001, 0.000, 5.411
28.800, 1, NPC, -688.715, -360.750, 0.000, 3.892, 0.000, 0.000, 0.000, 0.000, 1.316
28.850, 0, Ego, -683.599, -355.985, 0.000, 3.892, 0.000, 0.000, 0.001, 0.000, 5.411
28.850, 1, NPC, -688.715, -360.750, 0.000, 3.892, 0.000, 0.000, 0.000, 0.000, 1.316
28.900, 0, Ego, -683.599, -355.985, 0.000, 3.892, 0.000, 0.000, 0.001, 0.000, 5.412
28.900, 1, NPC, -688.715, -360.750, 0.000, 3.892, 0.000, 0.000, 0.000, 0.000, 1.316
28.950, 0, Ego, -683.599, -355.985, 0.000, 3.892, 0.000, 0.000, 0.001, 0.000, 5.412
28.950, 1, NPC, -688.715, -360.750, 0.000, 3.892, 0.000, 0.000, 0.000, 0.000, 1.316
29.000, 0, Ego, -683.599, -355.985, 0.000, 3.892, 0.000, 0.000, 0.001, 0.000, 5.412
29.000, 1, NPC, -688.715, -360.750, 0.000, 3.892, 0.000, 0.000, 0.000, 0.000, 1.316
29.050, 0, Ego, -683.599, -355.985, 0.000, 3.892, 0.000, 0.000, 0.001, 0.000, 5.412
29.050, 1, NPC, -688.715, -360.750, 0.000, 3.892, 0.000, 0.000, 0.000, 0.000, 1.316
29.100, 0, Ego, -683.599, -355.985, 0.000, 3.892, 0.000, 0.000, 0.001, 0.000, 5.412
29.100, 1, NPC, -688.715, -360.750, 0.000, 3.892, 0.000, 0.000, 0.000, 0.000, 1.316
29.150, 0, Ego, -683.599, -355.985, 0.000, 3.892, 0.000, 0.000, 0.001, 0.000, 5.412
29.150, 1, NPC, -688.715, -360.750, 0.000, 3.892, 0.000, 0.000, 0.000, 0.000, 1.316
29.200, 0, Ego, -683.599, -355.985, 0.000, 3.892, 0.000, 0.000, 0.001, 0.000, 5.412
29.200, 1, NPC, -688.715, -360.750, 0.000, 3.892, 0.000, 0.000, 0.000, 0.000, 1.316
29.250, 0, Ego, -683.600, -355.985, 0.000, 3.892, 0.000, 0.000, 0.001, 0.000, 5.413
29.250, 1, NPC, -688.715, -360.750, 0.000, 3.892, 0.000, 0.000, 0.000, 0.000, 1.316
29.300, 0, Ego, -683.600, -355.985, 0.000, 3.892, 0.000, 0.000, 0.001, 0.000, 5.413
29.300, 1, NPC, -688.715, -360.750, 0.000, 3.892, 0.000, 0.000, 0.000, 0.000, 1.316
29.350, 0, Ego, -683.600, -355.985, 0.000, 3.892, 0.000, 0.000, 0.001, 0.000, 5.413
29.350, 1, NPC, -688.715, -360.750, 0.000, 3.892, 0.000, 0.000, 0.000, 0.000, 1.316
29.400, 0, Ego, -683.600, -355.985, 0.000, 3.892, 0.000, 0.000, 0.001, 0.000, 5.413
29.400, 1, NPC, -688.715, -360.750, 0.000, 3.892, 0.000, 0.000, 0.000, 0.000, 1.316
29.450, 0, Ego, -683.600, -355.985, 0.000, 3.892, 0.000, 0.000, 0.001, 0.000, 5.413
29.450, 1, NPC, -688.715, -360.750, 0.000, 3.892, 0.000, 0.000, 0.000, 0.000, 1.316
29.500, 0, Ego, -683.600, -355.985, 0.000, 3.892, 0.000, 0.000, 0.001, 0.000, 5.413
29.500, 1, NPC, -688.715, -360.750, 0.000, 3.892, 0.000, 0.000, 0.000, 0.000, 1.316
29.550, 0, Ego, -683.600, -355.985, 0.000, 3.892, 0.000, 0.000, 0.001, 0.000, 5.413
29.550, 1, NPC, -688.715, -360.750, 0.000, 3.892, 0.000, 0.000, 0.000, 0.000, 1.316
29.600, 0, Ego, -683.600, -355.985, 0.000, 3.892, 0.000, 0.000, 0.001, 0.000, 5.413
29.600, 1, NPC, -688.715, -360.750, 0.000, 3.892, 0.000, 0.000, 0.000, 0.000, 1.316
29.650, 0, Ego, -683.600, -355.985, 0.000, 3.892, 0.000, 0.000, 0.001, 0.000, 5.413
29.650, 1, NPC, -688.715, -360.750, 0.000, 3.892, 0.000, 0.000, 0.000, 0.000, 1.316
29.700, 0, Ego, -683.600, -355.985, 0.000, 3.892, 0.000, 0.000, 0.001, 0.000, 5.413
29.700, 1, NPC, -688.715, -360.750, 0.000, 3.892, 0.000, 0.000, 0.000, 0.000, 1.316
29.750, 0, Ego, -683.600, -355.985, 0.000, 3.892, 0.000, 0.000, 0.001, 0.000, 5.414
29.750, 1, NPC, -688.715, -360.750, 0.000, 3.892, 0.000, 0.000, 0.000, 0.000, 1.316
29.800, 0, Ego, -683.600, -355.985, 0.000, 3.892, 0.000, 0.000, 0.001, 0.000, 5.414
29.800, 1, NPC, -688.715, -360.750, 0.000, 3.892, 0.000, 0.000, 0.000, 0.000, 1.316
29.850, 0, Ego, -683.600, -355.985, 0.000, 3.892, 0.000, 0.000, 0.001, 0.000, 5.414
29.850, 1, NPC, -688.715, -360.750, 0.000, 3.892, 0.000, 0.000, 0.000, 0.000, 1.316
29.900, 0, Ego, -683.600, -355.985, 0.000, 3.892, 0.000, 0.000, 0.001, 0.000, 5.414
29.900, 1, NPC, -688.715, -360.750, 0.000, 3.892, 0.000, 0.000, 0.000, 0.000, 1.316
29.950, 0, Ego, -683.600, -355.985, 0.000, 3.892, 0.000, 0.000, 0.000, 0.000, 5.414
29.950, 1, NPC, -688.715, -360.750, 0.000, 3.892, 0.000, 0.000, 0.000, 0.000, 1.316
30.000, 0, Ego, -683.600, -355.985, 0.000, 3.892, 0.000, 0.000, 0.000, 0.000, 5.414
30.000, 1, NPC, -688.715, -360.750, 0.000, 3.892, 0.000, 0.000, 0.000, 0.000, 1.316
30.050, 0, Ego, -683.600, -355.985, 0.000, 3.892, 0.000, 0.000, 0.000, 0.000, 5.414
30.050, 1, NPC, -688.715, -360.750, 0.000, 3.892, 0.000, 0.000, 0.000, 0.000, 1.316
30.100, 0, Ego, -683.600, -355.985, 0.000, 3.892, 0.000, 0.000, 0.000, 0.000, 5.414
30.100, 1, NPC, -688.715, -360.750, 0.000, 3.892, 0.000, 0.000, 0.000, 0.000, 1.316
30.150, 0, Ego, -683.600, -355.985, 0.000, 3.892, 0.000, 0.000, 0.000, 0.000, 5.414
30.150, 1, NPC, -688.715, -360.750, 0.000, 3.892, 0.000, 0.000, 0.000, 0.000, 1.316
30.200, 0, Ego, -683.600, -355.985, 0.000, 3.892, 0.000, 0.000, 0.000, 0.000, 5.414
30.200, 1, NPC, -688.715, -360.750, 0.000, 3.892, 0.000, 0.000, 0.000, 0.000, 1.316
30.250, 0, Ego, -683.600, -355.985, 0.000, 3.892, 0.000, 0.000, 0.000, 0.000, 5.414
30.250, 1, NPC, -688.715, -360.750, 0.000, 3.892, 0.000, 0.000, 0.000, 0.000, 1.316
30.300, 0, Ego, -683.600, -355.985, 0.000, 3.892, 0.000, 0.000, 0.000, 0.000, 5.414
30.300, 1, NPC, -688.715, -360.750, 0.000, 3.892, 0.000, 0.000, 0.000, 0.000, 1.316
30.350, 0, Ego, -683.600, -355.985, 0.000, 3.892, 0.000, 0.000, 0.000, 0.000, 5.414
30.350, 1, NPC, -688.715, -360.750, 0.000, 3.892, 0.000, 0.000, 0.000, 0.000, 1.316
30.400, 0, Ego, -683.600, -355.985, 0.000, 3.892, 0.000, 0.000, 0.000, 0.000, 5.414
30.400, 1, NPC, -688.715, -360.750, 0.000, 3.892, 0.000, 0.000, 0.000, 0.000, 1.316
30.450, 0, Ego, -683.600, -355.985, 0.000, 3.892, 0.000, 0.000, 0.000, 0.000, 5.414
30.450, 1, NPC, -688.715, -360.750, 0.000, 3.892, 0.000, 0.000, 0.000, 0.000, 1.316
30.500, 0, Ego, -683.600, -355.985, 0.000, 3.892, 0.000, 0.000, 0.000, 0.000, 5.414
30.500, 1, NPC, -688.715, -360.750, 0.000, 3.892, 0.000, 0.000, 0.000, 0.000, 1.316
30.550, 0, Ego, -683.600, -355.985, 0.000, 3.892, 0.000, 0.000, 0.000, 0.000, 5.415
30.550, 1, NPC, -688.715, -360.750, 0.000, 3.892, 0.000, 0.000, 0.000, 0.000, 1.316
30.600, 0, Ego, -683.600, -355.985, 0.000, 3.892, 0.000, 0.000, 0.000, 0.000, 5.415
30.600, 1, NPC, -688.715, -360.750, 0.000, 3.892, 0.000, 0.000, 0.000, 0.000, 1.316
30.650, 0, Ego, -683.600, -355.985, 0.000, 3.892, 0.000, 0.000, 0.000, 0.000, 5.415
30.650, 1, NPC, -688.715, -360.750, 0.000, 3.892, 0.000, 0.000, 0.000, 0.000, 1.316
30.700, 0, Ego, -683.600, -355.985, 0.000, 3.892, 0.000, 0.000, 0.000, 0.000, 5.415
30.700, 1, NPC, -688.715, -360.750, 0.000, 3.892, 0.000, 0.000, 0.000, 0.000, 1.316
30.750, 0, Ego, -683.600, -355.985, 0.000, 3.892, 0.000, 0.000, 0.000, 0.000, 5.415
30.750, 1, NPC, -688.715, -360.750, 0.000, 3.892, 0.000, 0.000, 0.000, 0.000, 1.316
30.800, 0, Ego, -683.600, -355.985, 0.000, 3.892, 0.000, 0.000, 0.000, 0.000, 5.415
30.800, 1, NPC, -688.715, -360.750, 0.000, 3.892, 0.000, 0.000, 0.000, 0.000, 1.316
30.850, 0, Ego, -683.600, -355.985, 0.000, 3.892, 0.000, 0.000, 0.000, 0.000, 5.415
30.850, 1, NPC, -688.715, -360.750, 0.000, 3.892, 0.000, 0.000, 0.000, 0.000, 1.316
30.900, 0, Ego, -683.600, -355.985, 0.000, 3.892, 0.000, 0.000, 0.000, 0.000, 5.415
30.900, 1, NPC, -688.715, -360.750, 0.000, 3.892, 0.000, 0.000, 0.000, 0.000, 1.316
30.950, 0, Ego, -683.600, -355.985, 0.000, 3.892, 0.000, 0.000, 0.000, 0.000, 5.415
30.950, 1, NPC, -688.715, -360.750, 0.000, 3.892, 0.000, 0.000, 0.000, 0.000, 1.316
31.000, 0, Ego, -683.600, -355.985, 0.000, 3.892, 0.000, 0.000, 0.000, 0.000, 5.415
31.000, 1, NPC, -688.715, -360.750, 0.000, 3.892, 0.000, 0.000, 0.000, 0.000, 1.316
31.050, 0, Ego, -683.600, -355.985, 0.000, 3.892, 0.000, 0.000, 0.000, 0.000, 5.415
31.050, 1, NPC, -688.715, -360.750, 0.000, 3.892, 0.000, 0.000, 0.000, 0.000, 1.316
31.100, 0, Ego, -683.600, -355.985, 0.000, 3.892, 0.000, 0.000, 0.000, 0.000, 5.415
31.100, 1, NPC, -688.715, -360.750, 0.000, 3.892, 0.000, 0.000, 0.000, 0.000, 1.316
31.150, 0, Ego, -683.600, -355.985, 0.000, 3.892, 0.000, 0.000, 0.000, 0.000, 5.415
31.150, 1, NPC, -688.715, -360.750, 0.000, 3.892, 0.000, 0.000, 0.000, 0.000, 1.316
31.200, 0, Ego, -683.600, -355.985, 0.000, 3.892, 0.000, 0.000, 0.000, 0.000, 5.415
31.200, 1, NPC, -688.715, -360.750, 0.000, 3.892, 0.000, 0.000, 0.000, 0.000, 1.316
31.250, 0, Ego, -683.600, -355.985, 0.000, 3.892, 0.000, 0.000, 0.000, 0.000, 5.415
31.250, 1, NPC, -688.715, -360.750, 0.000, 3.892, 0.000, 0.000, 0.000, 0.000, 1.316
31.300, 0, Ego, -683.600, -355.985, 0.000, 3.892, 0.000, 0.000, 0.000, 0.000, 5.415
31.300, 1, NPC, -688.715, -360.750, 0.000, 3.892, 0.000, 0.000, 0.000, 0.000, 1.316
31.350, 0, Ego, -683.600, -355.985, 0.000, 3.892, 0.000, 0.000, 0.000, 0.000, 5.415
31.350, 1, NPC, -688.715, -360.750, 0.000, 3.892, 0.000, 0.000, 0.000, 0.000, 1.316
31.400, 0, Ego, -683.600, -355.985, 0.000, 3.892, 0.000, 0.000, 0.000, 0.000, 5.415
31.400, 1, NPC, -688.715, -360.750, 0.000, 3.892, 0.000, 0.000, 0.000, 0.000, 1.316
31.450, 0, Ego, -683.600, -355.985, 0.000, 3.892, 0.000, 0.000, 0.000, 0.000, 5.415
31.450, 1, NPC, -688.715, -360.750, 0.000, 3.892, 0.000, 0.000, 0.000, 0.000, 1.316
31.500, 0, Ego, -683.600, -355.985, 0.000, 3.892, 0.000, 0.000, 0.000, 0.000, 5.415
31.500, 1, NPC, -688.715, -360.750, 0.000, 3.892, 0.000, 0.000, 0.000, 0.000, 1.316
31.550, 0, Ego, -683.600, -355.986, 0.000, 3.892, 0.000, 0.000, 0.000, 0.000, 5.415
31.550, 1, NPC, -688.715, -360.750, 0.000, 3.892, 0.000, 0.000, 0.000, 0.000, 1.316
31.600, 0, Ego, -683.600, -355.986, 0.000, 3.892, 0.000, 0.000, 0.000, 0.000, 5.415
31.600, 1, NPC, -688.715, -360.750, 0.000, 3.892, 0.000, 0.000, 0.000, 0.000, 1.316
31.650, 0, Ego, -683.600, -355.986, 0.000, 3.892, 0.000, 0.000, 0.000, 0.000, 5.415
31.650, 1, NPC, -688.715, -360.750, 0.000, 3.892, 0.000, 0.000, 0.000, 0.000, 1.316
31.700, 0, Ego, -683.600, -355.986, 0.000, 3.892, 0.000, 0.000, 0.000, 0.000, 5.415
31.700, 1, NPC, -688.715, -360.750, 0.000, 3.892, 0.000, 0.000, 0.000, 0.000, 1.316
31.750, 0, Ego, -683.600, -355.986, 0.000, 3.892, 0.000, 0.000, 0.000, 0.000, 5.415
31.750, 1, NPC, -688.715, -360.750, 0.000, 3.892, 0.000, 0.000, 0.000, 0.000, 1.316
31.800, 0, Ego, -683.600, -355.986, 0.000, 3.892, 0.000, 0.000, 0.000, 0.000, 5.415
31.800, 1, NPC, -688.715, -360.750, 0.000, 3.892, 0.000, 0.000, 0.000, 0.000, 1.316
31.850, 0, Ego, -683.600, -355.986, 0.000, 3.892, 0.000, 0.000, 0.000, 0.000, 5.415
31.850, 1, NPC, -688.715, -360.750, 0.000, 3.892, 0.000, 0.000, 0.000, 0.000, 1.316
31.900, 0, Ego, -683.600, -355.986, 0.000, 3.892, 0.000, 0.000, 0.000, 0.000, 5.415
31.900, 1, NPC, -688.715, -360.750, 0.000, 3.892, 0.000, 0.000, 0.000, 0.000, 1.316
31.950, 0, Ego, -683.600, -355.986, 0.000, 3.892, 0.000, 0.000, 0.000, 0.000, 5.415
31.950, 1, NPC, -688.715, -360.750, 0.000, 3.892, 0.000, 0.000, 0.000, 0.000, 1.316
32.000, 0, Ego, -683.600, -355.986, 0.000, 3.892, 0.000, 0.000, 0.000, 0.000, 5.415
32.000, 1, NPC, -688.715, -360.750, 0.000, 3.892, 0.000, 0.000, 0.000, 0.000, 1.316
32.050, 0, Ego, -683.600, -355.986, 0.000, 3.892, 0.000, 0.000, 0.000, 0.000, 5.415
32.050, 1, NPC, -688.715, -360.750, 0.000, 3.892, 0.000, 0.000, 0.000, 0.000, 1.316
32.100, 0, Ego, -683.600, -355.986, 0.000, 3.892, 0.000, 0.000, 0.000, 0.000, 5.415
32.100, 1, NPC, -688.715, -360.750, 0.000, 3.892, 0.000, 0.000, 0.000, 0.000, 1.316
32.150, 0, Ego, -683.600, -355.986, 0.000, 3.892, 0.000, 0.000, 0.000, 0.000, 5.415
32.150, 1, NPC, -688.715, -360.750, 0.000, 3.892, 0.000, 0.000, 0.000, 0.000, 1.316
32.200, 0, Ego, -683.600, -355.986, 0.000, 3.892, 0.000, 0.000, 0.000, 0.000, 5.415
32.200, 1, NPC, -688.715, -360.750, 0.000, 3.892, 0.000, 0.000, 0.000, 0.000, 1.316
32.250, 0, Ego, -683.600, -355.986, 0.000, 3.892, 0.000, 0.000, 0.000, 0.000, 5.415
32.250, 1, NPC, -688.715, -360.750, 0.000, 3.892, 0.000, 0.000, 0.000, 0.000, 1.316
32.300, 0, Ego, -683.600, -355.986, 0.000, 3.892, 0.000, 0.000, 0.000, 0.000, 5.415
32.300, 1, NPC, -688.715, -360.750, 0.000, 3.892, 0.000, 0.000, 0.000, 0.000, 1.316
32.350, 0, Ego, -683.600, -355.986, 0.000, 3.892, 0.000, 0.000, 0.000, 0.000, 5.415
32.350, 1, NPC, -688.715, -360.750, 0.000, 3.892, 0.000, 0.000, 0.000, 0.000, 1.316
32.400, 0, Ego, -683.600, -355.986, 0.000, 3.892, 0.000, 0.000, 0.000, 0.000, 5.415
32.400, 1, NPC, -688.715, -360.750, 0.000, 3.892, 0.000, 0.000, 0.000, 0.000, 1.316
32.450, 0, Ego, -683.600, -355.986, 0.000, 3.892, 0.000, 0.000, 0.000, 0.000, 5.415
32.450, 1, NPC, -688.715, -360.750, 0.000, 3.892, 0.000, 0.000, 0.000, 0.000, 1.316
32.500, 0, Ego, -683.600, -355.986, 0.000, 3.892, 0.000, 0.000, 0.000, 0.000, 5.415
32.500, 1, NPC, -688.715, -360.750, 0.000, 3.892, 0.000, 0.000, 0.000, 0.000, 1.316
32.550, 0, Ego, -683.600, -355.986, 0.000, 3.892, 0.000, 0.000, 0.000, 0.000, 5.415
32.550, 1, NPC, -688.715, -360.750, 0.000, 3.892, 0.000, 0.000, 0.000, 0.000, 1.316
32.600, 0, Ego, -683.600, -355.986, 0.000, 3.892, 0.000, 0.000, 0.000, 0.000, 5.415
32.600, 1, NPC, -688.715, -360.750, 0.000, 3.892, 0.000, 0.000, 0.000, 0.000, 1.316
32.650, 0, Ego, -683.600, -355.986, 0.000, 3.892, 0.000, 0.000, 0.000, 0.000, 5.415
32.650, 1, NPC, -688.715, -360.750, 0.000, 3.892, 0.000, 0.000, 0.000, 0.000, 1.316
32.700, 0, Ego, -683.600, -355.986, 0.000, 3.892, 0.000, 0.000, 0.000, 0.000, 5.415
32.700, 1, NPC, -688.715, -360.750, 0.000, 3.892, 0.000, 0.000, 0.000, 0.000, 1.316
32.750, 0, Ego, -683.600, -355.986, 0.000, 3.892, 0.000, 0.000, 0.000, 0.000, 5.415
32.750, 1, NPC, -688.715, -360.750, 0.000, 3.892, 0.000, 0.000, 0.000, 0.000, 1.316
32.800, 0, Ego, -683.600, -355.986, 0.000, 3.892, 0.000, 0.000, 0.000, 0.000, 5.415
32.800, 1, NPC, -688.715, -360.750, 0.000, 3.892, 0.000, 0.000, 0.000, 0.000, 1.316
32.850, 0, Ego, -683.600, -355.986, 0.000, 3.892, 0.000, 0.000, 0.000, 0.000, 5.415
32.850, 1, NPC, -688.715, -360.750, 0.000, 3.892, 0.000, 0.000, 0.000, 0.000, 1.316
32.900, 0, Ego, -683.600, -355.986, 0.000, 3.892, 0.000, 0.000, 0.000, 0.000, 5.415
32.900, 1, NPC, -688.715, -360.750, 0.000, 3.892, 0.000, 0.000, 0.000, 0.000, 1.316
32.950, 0, Ego, -683.600, -355.986, 0.000, 3.892, 0.000, 0.000, 0.000, 0.000, 5.415
32.950, 1, NPC, -688.715, -360.750, 0.000, 3.892, 0.000, 0.000, 0.000, 0.000, 1.316
33.000, 0, Ego, -683.600, -355.986, 0.000, 3.892, 0.000, 0.000, 0.000, 0.000, 5.415
33.000, 1, NPC, -688.715, -360.750, 0.000, 3.892, 0.000, 0.000, 0.000, 0.000, 1.316
33.050, 0, Ego, -683.600, -355.986, 0.000, 3.892, 0.000, 0.000, 0.000, 0.000, 5.415
33.050, 1, NPC, -688.715, -360.750, 0.000, 3.892, 0.000, 0.000, 0.000, 0.000, 1.316
33.100, 0, Ego, -683.600, -355.986, 0.000, 3.892, 0.000, 0.000, 0.000, 0.000, 5.415
33.100, 1, NPC, -688.715, -360.750, 0.000, 3.892, 0.000, 0.000, 0.000, 0.000, 1.316
33.150, 0, Ego, -683.600, -355.986, 0.000, 3.892, 0.000, 0.000, 0.000, 0.000, 5.415
33.150, 1, NPC, -688.715, -360.750, 0.000, 3.892, 0.000, 0.000, 0.000, 0.000, 1.316
33.200, 0, Ego, -683.600, -355.986, 0.000, 3.892, 0.000, 0.000, 0.000, 0.000, 5.415
33.200, 1, NPC, -688.715, -360.750, 0.000, 3.892, 0.000, 0.000, 0.000, 0.000, 1.316
33.250, 0, Ego, -683.600, -355.986, 0.000, 3.892, 0.000, 0.000, 0.000, 0.000, 5.415
33.250, 1, NPC, -688.715, -360.750, 0.000, 3.892, 0.000, 0.000, 0.000, 0.000, 1.316
33.300, 0, Ego, -683.600, -355.986, 0.000, 3.892, 0.000, 0.000, 0.000, 0.000, 5.415
33.300, 1, NPC, -688.715, -360.750, 0.000, 3.892, 0.000, 0.000, 0.000, 0.000, 1.316
33.350, 0, Ego, -683.600, -355.986, 0.000, 3.892, 0.000, 0.000, 0.000, 0.000, 5.415
33.350, 1, NPC, -688.715, -360.750, 0.000, 3.892, 0.000, 0.000, 0.000, 0.000, 1.316
33.400, 0, Ego, -683.600, -355.986, 0.000, 3.892, 0.000, 0.000, 0.000, 0.000, 5.415
33.400, 1, NPC, -688.715, -360.750, 0.000, 3.892, 0.000, 0.000, 0.000, 0.000, 1.316
33.450, 0, Ego, -683.600, -355.986, 0.000, 3.892, 0.000, 0.000, 0.000, 0.000, 5.415
33.450, 1, NPC, -688.715, -360.750, 0.000, 3.892, 0.000, 0.000, 0.000, 0.000, 1.316
33.500, 0, Ego, -683.600, -355.986, 0.000, 3.892, 0.000, 0.000, 0.000, 0.000, 5.415
33.500, 1, NPC, -688.715, -360.750, 0.000, 3.892, 0.000, 0.000, 0.000, 0.000, 1.316
33.550, 0, Ego, -683.600, -355.986, 0.000, 3.892, 0.000, 0.000, 0.000, 0.000, 5.415
33.550, 1, NPC, -688.715, -360.750, 0.000, 3.892, 0.000, 0.000, 0.000, 0.000, 1.316
33.600, 0, Ego, -683.600, -355.986, 0.000, 3.892, 0.000, 0.000, 0.000, 0.000, 5.415
33.600, 1, NPC, -688.715, -360.750, 0.000, 3.892, 0.000, 0.000, 0.000, 0.000, 1.316
33.650, 0, Ego, -683.600, -355.986, 0.000, 3.892, 0.000, 0.000, 0.000, 0.000, 5.415
33.650, 1, NPC, -688.715, -360.750, 0.000, 3.892, 0.000, 0.000, 0.000, 0.000, 1.316
33.700, 0, Ego, -683.600, -355.986, 0.000, 3.892, 0.000, 0.000, 0.000, 0.000, 5.415
33.700, 1, NPC, -688.715, -360.750, 0.000, 3.892, 0.000, 0.000, 0.000, 0.000, 1.316
33.750, 0, Ego, -683.600, -355.986, 0.000, 3.892, 0.000, 0.000, 0.000, 0.000, 5.415
33.750, 1, NPC, -688.715, -360.750, 0.000, 3.892, 0.000, 0.000, 0.000, 0.000, 1.316
33.800, 0, Ego, -683.600, -355.986, 0.000, 3.892, 0.000, 0.000, 0.000, 0.000, 5.415
33.800, 1, NPC, -688.715, -360.750, 0.000, 3.892, 0.000, 0.000, 0.000, 0.000, 1.316
33.850, 0, Ego, -683.600, -355.986, 0.000, 3.892, 0.000, 0.000, 0.000, 0.000, 5.415
33.850, 1, NPC, -688.715, -360.750, 0.000, 3.892, 0.000, 0.000, 0.000, 0.000, 1.316
33.900, 0, Ego, -683.600, -355.986, 0.000, 3.892, 0.000, 0.000, 0.000, 0.000, 5.415
33.900, 1, NPC, -688.715, -360.750, 0.000, 3.892, 0.000, 0.000, 0.000, 0.000, 1.316
33.950, 0, Ego, -683.600, -355.986, 0.000, 3.892, 0.000, 0.000, 0.000, 0.000, 5.415
33.950, 1, NPC, -688.715, -360.750, 0.000, 3.892, 0.000, 0.000, 0.000, 0.000, 1.316
34.000, 0, Ego, -683.600, -355.986, 0.000, 3.892, 0.000, 0.000, 0.000, 0.000, 5.415
34.000, 1, NPC, -688.715, -360.750, 0.000, 3.892, 0.000, 0.000, 0.000, 0.000, 1.316
34.050, 0, Ego, -683.600, -355.986, 0.000, 3.892, 0.000, 0.000, 0.000, 0.000, 5.415
34.050, 1, NPC, -688.715, -360.750, 0.000, 3.892, 0.000, 0.000, 0.000, 0.000, 1.316
34.100, 0, Ego, -683.600, -355.986, 0.000, 3.892, 0.000, 0.000, 0.000, 0.000, 5.415
34.100, 1, NPC, -688.715, -360.750, 0.000, 3.892, 0.000, 0.000, 0.000, 0.000, 1.316
34.150, 0, Ego, -683.600, -355.986, 0.000, 3.892, 0.000, 0.000, 0.000, 0.000, 5.415
34.150, 1, NPC, -688.715, -360.750, 0.000, 3.892, 0.000, 0.000, 0.000, 0.000, 1.316
34.200, 0, Ego, -683.600, -355.986, 0.000, 3.892, 0.000, 0.000, 0.000, 0.000, 5.415
34.200, 1, NPC, -688.715, -360.750, 0.000, 3.892, 0.000, 0.000, 0.000, 0.000, 1.316
34.250, 0, Ego, -683.600, -355.986, 0.000, 3.892, 0.000, 0.000, 0.000, 0.000, 5.415
34.250, 1, NPC, -688.715, -360.750, 0.000, 3.892, 0.000, 0.000, 0.000, 0.000, 1.316
34.300, 0, Ego, -683.600, -355.986, 0.000, 3.892, 0.000, 0.000, 0.000, 0.000, 5.415
34.300, 1, NPC, -688.715, -360.750, 0.000, 3.892, 0.000, 0.000, 0.000, 0.000, 1.316
34.350, 0, Ego, -683.600, -355.986, 0.000, 3.892, 0.000, 0.000, 0.000, 0.000, 5.415
34.350, 1, NPC, -688.715, -360.750, 0.000, 3.892, 0.000, 0.000, 0.000, 0.000, 1.316
34.400, 0, Ego, -683.600, -355.986, 0.000, 3.892, 0.000, 0.000, 0.000, 0.000, 5.416
34.400, 1, NPC, -688.715, -360.750, 0.000, 3.892, 0.000, 0.000, 0.000, 0.000, 1.316
34.450, 0, Ego, -683.600, -355.986, 0.000, 3.892, 0.000, 0.000, 0.000, 0.000, 5.416
34.450, 1, NPC, -688.715, -360.750, 0.000, 3.892, 0.000, 0.000, 0.000, 0.000, 1.316
34.500, 0, Ego, -683.600, -355.986, 0.000, 3.892, 0.000, 0.000, 0.000, 0.000, 5.416
34.500, 1, NPC, -688.715, -360.750, 0.000, 3.892, 0.000, 0.000, 0.000, 0.000, 1.316
34.550, 0, Ego, -683.600, -355.986, 0.000, 3.892, 0.000, 0.000, 0.000, 0.000, 5.416
34.550, 1, NPC, -688.715, -360.750, 0.000, 3.892, 0.000, 0.000, 0.000, 0.000, 1.316
34.600, 0, Ego, -683.600, -355.986, 0.000, 3.892, 0.000, 0.000, 0.000, 0.000, 5.416
34.600, 1, NPC, -688.715, -360.750, 0.000, 3.892, 0.000, 0.000, 0.000, 0.000, 1.316
34.650, 0, Ego, -683.600, -355.986, 0.000, 3.892, 0.000, 0.000, 0.000, 0.000, 5.416
34.650, 1, NPC, -688.715, -360.750, 0.000, 3.892, 0.000, 0.000, 0.000, 0.000, 1.316
34.700, 0, Ego, -683.600, -355.986, 0.000, 3.892, 0.000, 0.000, 0.000, 0.000, 5.416
34.700, 1, NPC, -688.715, -360.750, 0.000, 3.892, 0.000, 0.000, 0.000, 0.000, 1.316
34.750, 0, Ego, -683.600, -355.986, 0.000, 3.892, 0.000, 0.000, 0.000, 0.000, 5.416
34.750, 1, NPC, -688.715, -360.750, 0.000, 3.892, 0.000, 0.000, 0.000, 0.000, 1.316
34.800, 0, Ego, -683.600, -355.986, 0.000, 3.892, 0.000, 0.000, 0.000, 0.000, 5.416
34.800, 1, NPC, -688.715, -360.750, 0.000, 3.892, 0.000, 0.000, 0.000, 0.000, 1.316
34.850, 0, Ego, -683.600, -355.986, 0.000, 3.892, 0.000, 0.000, 0.000, 0.000, 5.416
34.850, 1, NPC, -688.715, -360.750, 0.000, 3.892, 0.000, 0.000, 0.000, 0.000, 1.316
34.900, 0, Ego, -683.600, -355.986, 0.000, 3.892, 0.000, 0.000, 0.000, 0.000, 5.416
34.900, 1, NPC, -688.715, -360.750, 0.000, 3.892, 0.000, 0.000, 0.000, 0.000, 1.316
34.950, 0, Ego, -683.600, -355.986, 0.000, 3.892, 0.000, 0.000, 0.000, 0.000, 5.416
34.950, 1, NPC, -688.715, -360.750, 0.000, 3.892, 0.000, 0.000, 0.000, 0.000, 1.316
35.000, 0, Ego, -683.600, -355.986, 0.000, 3.892, 0.000, 0.000, 0.000, 0.000, 5.416
35.000, 1, NPC, -688.715, -360.750, 0.000, 3.892, 0.000, 0.000, 0.000, 0.000, 1.316
35.050, 0, Ego, -683.600, -355.986, 0.000, 3.892, 0.000, 0.000, 0.000, 0.000, 5.416
35.050, 1, NPC, -688.715, -360.750, 0.000, 3.892, 0.000, 0.000, 0.000, 0.000, 1.316
35.100, 0, Ego, -683.600, -355.986, 0.000, 3.892, 0.000, 0.000, 0.000, 0.000, 5.416
35.100, 1, NPC, -688.715, -360.750, 0.000, 3.892, 0.000, 0.000, 0.000, 0.000, 1.316
35.150, 0, Ego, -683.600, -355.986, 0.000, 3.892, 0.000, 0.000, 0.000, 0.000, 5.416
35.150, 1, NPC, -688.715, -360.750, 0.000, 3.892, 0.000, 0.000, 0.000, 0.000, 1.316
35.200, 0, Ego, -683.600, -355.986, 0.000, 3.892, 0.000, 0.000, 0.000, 0.000, 5.416
35.200, 1, NPC, -688.715, -360.750, 0.000, 3.892, 0.000, 0.000, 0.000, 0.000, 1.316
35.250, 0, Ego, -683.600, -355.986, 0.000, 3.892, 0.000, 0.000, 0.000, 0.000, 5.416
35.250, 1, NPC, -688.715, -360.750, 0.000, 3.892, 0.000, 0.000, 0.000, 0.000, 1.316
35.300, 0, Ego, -683.600, -355.986, 0.000, 3.892, 0.000, 0.000, 0.000, 0.000, 5.416
35.300, 1, NPC, -688.715, -360.750, 0.000, 3.892, 0.000, 0.000, 0.000, 0.000, 1.316
35.350, 0, Ego, -683.600, -355.986, 0.000, 3.892, 0.000, 0.000, 0.000, 0.000, 5.416
35.350, 1, NPC, -688.715, -360.750, 0.000, 3.892, 0.000, 0.000, 0.000, 0.000, 1.316
35.400, 0, Ego, -683.600, -355.986, 0.000, 3.892, 0.000, 0.000, 0.000, 0.000, 5.416
35.400, 1, NPC, -688.715, -360.750, 0.000, 3.892, 0.000, 0.000, 0.000, 0.000, 1.316
35.450, 0, Ego, -683.600, -355.986, 0.000, 3.892, 0.000, 0.000, 0.000, 0.000, 5.416
35.450, 1, NPC, -688.715, -360.750, 0.000, 3.892, 0.000, 0.000, 0.000, 0.000, 1.316
35.500, 0, Ego, -683.600, -355.986, 0.000, 3.892, 0.000, 0.000, 0.000, 0.000, 5.416
35.500, 1, NPC, -688.715, -360.750, 0.000, 3.892, 0.000, 0.000, 0.000, 0.000, 1.316
35.550, 0, Ego, -683.600, -355.986, 0.000, 3.892, 0.000, 0.000, 0.000, 0.000, 5.416
35.550, 1, NPC, -688.715, -360.750, 0.000, 3.892, 0.000, 0.000, 0.000, 0.000, 1.316
35.600, 0, Ego, -683.600, -355.986, 0.000, 3.892, 0.000, 0.000, 0.000, 0.000, 5.416
35.600, 1, NPC, -688.715, -360.750, 0.000, 3.892, 0.000, 0.000, 0.000, 0.000, 1.316
35.650, 0, Ego, -683.600, -355.986, 0.000, 3.892, 0.000, 0.000, 0.000, 0.000, 5.416
35.650, 1, NPC, -688.715, -360.750, 0.000, 3.892, 0.000, 0.000, 0.000, 0.000, 1.316
35.700, 0, Ego, -683.600, -355.986, 0.000, 3.892, 0.000, 0.000, 0.000, 0.000, 5.416
35.700, 1, NPC, -688.715, -360.750, 0.000, 3.892, 0.000, 0.000, 0.000, 0.000, 1.316
35.750, 0, Ego, -683.600, -355.986, 0.000, 3.892, 0.000, 0.000, 0.000, 0.000, 5.416
35.750, 1, NPC, -688.715, -360.750, 0.000, 3.892, 0.000, 0.000, 0.000, 0.000, 1.316
35.800, 0, Ego, -683.600, -355.986, 0.000, 3.892, 0.000, 0.000, 0.000, 0.000, 5.416
35.800, 1, NPC, -688.715, -360.750, 0.000, 3.892, 0.000, 0.000, 0.000, 0.000, 1.316
35.850, 0, Ego, -683.600, -355.986, 0.000, 3.892, 0.000, 0.000, 0.000, 0.000, 5.416
35.850, 1, NPC, -688.715, -360.750, 0.000, 3.892, 0.000, 0.000, 0.000, 0.000, 1.316
35.900, 0, Ego, -683.600, -355.986, 0.000, 3.892, 0.000, 0.000, 0.000, 0.000, 5.416
35.900, 1, NPC, -688.715, -360.750, 0.000, 3.892, 0.000, 0.000, 0.000, 0.000, 1.316
35.950, 0, Ego, -683.600, -355.986, 0.000, 3.892, 0.000, 0.000, 0.000, 0.000, 5.416
35.950, 1, NPC, -688.715, -360.750, 0.000, 3.892, 0.000, 0.000, 0.000, 0.000, 1.316
36.000, 0, Ego, -683.600, -355.986, 0.000, 3.892, 0.000, 0.000, 0.000, 0.000, 5.416
36.000, 1, NPC, -688.715, -360.750, 0.000, 3.892, 0.000, 0.000, 0.000, 0.000, 1.316
36.050, 0, Ego, -683.600, -355.986, 0.000, 3.892, 0.000, 0.000, 0.000, 0.000, 5.416
36.050, 1, NPC, -688.715, -360.750, 0.000, 3.892, 0.000, 0.000, 0.000, 0.000, 1.316
36.100, 0, Ego, -683.600, -355.986, 0.000, 3.892, 0.000, 0.000, 0.000, 0.000, 5.416
36.100, 1, NPC, -688.715, -360.750, 0.000, 3.892, 0.000, 0.000, 0.000, 0.000, 1.316
36.150, 0, Ego, -683.600, -355.986, 0.000, 3.892, 0.000, 0.000, 0.000, 0.000, 5.416
36.150, 1, NPC, -688.715, -360.750, 0.000, 3.892, 0.000, 0.000, 0.000, 0.000, 1.316
36.200, 0, Ego, -683.600, -355.986, 0.000, 3.892, 0.000, 0.000, 0.000, 0.000, 5.416
36.200, 1, NPC, -688.715, -360.750, 0.000, 3.892, 0.000, 0.000, 0.000, 0.000, 1.316
36.250, 0, Ego, -683.600, -355.986, 0.000, 3.892, 0.000, 0.000, 0.000, 0.000, 5.416
36.250, 1, NPC, -688.715, -360.750, 0.000, 3.892, 0.000, 0.000, 0.000, 0.000, 1.316
36.300, 0, Ego, -683.600, -355.986, 0.000, 3.892, 0.000, 0.000, 0.000, 0.000, 5.416
36.300, 1, NPC, -688.715, -360.750, 0.000, 3.892, 0.000, 0.000, 0.000, 0.000, 1.316
36.350, 0, Ego, -683.600, -355.986, 0.000, 3.892, 0.000, 0.000, 0.000, 0.000, 5.416
36.350, 1, NPC, -688.715, -360.750, 0.000, 3.892, 0.000, 0.000, 0.000, 0.000, 1.316
36.400, 0, Ego, -683.600, -355.986, 0.000, 3.892, 0.000, 0.000, 0.000, 0.000, 5.416
36.400, 1, NPC, -688.715, -360.750, 0.000, 3.892, 0.000, 0.000, 0.000, 0.000, 1.316
36.450, 0, Ego, -683.600, -355.986, 0.000, 3.892, 0.000, 0.000, 0.000, 0.000, 5.416
36.450, 1, NPC, -688.715, -360.750, 0.000, 3.892, 0.000, 0.000, 0.000, 0.000, 1.316
36.500, 0, Ego, -683.600, -355.986, 0.000, 3.892, 0.000, 0.000, 0.000, 0.000, 5.416
36.500, 1, NPC, -688.715, -360.750, 0.000, 3.892, 0.000, 0.000, 0.000, 0.000, 1.316
36.550, 0, Ego, -683.600, -355.986, 0.000, 3.892, 0.000, 0.000, 0.000, 0.000, 5.416
36.550, 1, NPC, -688.715, -360.750, 0.000, 3.892, 0.000, 0.000, 0.000, 0.000, 1.316
36.600, 0, Ego, -683.600, -355.986, 0.000, 3.892, 0.000, 0.000, 0.000, 0.000, 5.416
36.600, 1, NPC, -688.715, -360.750, 0.000, 3.892, 0.000, 0.000, 0.000, 0.000, 1.316
36.650, 0, Ego, -683.600, -355.986, 0.000, 3.892, 0.000, 0.000, 0.000, 0.000, 5.416
36.650, 1, NPC, -688.715, -360.750, 0.000, 3.892, 0.000, 0.000, 0.000, 0.000, 1.316
36.700, 0, Ego, -683.600, -355.986, 0.000, 3.892, 0.000, 0.000, 0.000, 0.000, 5.416
36.700, 1, NPC, -688.715, -360.750, 0.000, 3.892, 0.000, 0.000, 0.000, 0.000, 1.316
36.750, 0, Ego, -683.600, -355.986, 0.000, 3.892, 0.000, 0.000, 0.000, 0.000, 5.416
36.750, 1, NPC, -688.715, -360.750, 0.000, 3.892, 0.000, 0.000, 0.000, 0.000, 1.316
36.800, 0, Ego, -683.600, -355.986, 0.000, 3.892, 0.000, 0.000, 0.000, 0.000, 5.416
36.800, 1, NPC, -688.715, -360.750, 0.000, 3.892, 0.000, 0.000, 0.000, 0.000, 1.316
36.850, 0, Ego, -683.600, -355.986, 0.000, 3.892, 0.000, 0.000, 0.000, 0.000, 5.416
36.850, 1, NPC, -688.715, -360.750, 0.000, 3.892, 0.000, 0.000, 0.000, 0.000, 1.316
36.900, 0, Ego, -683.600, -355.986, 0.000, 3.892, 0.000, 0.000, 0.000, 0.000, 5.416
36.900, 1, NPC, -688.715, -360.750, 0.000, 3.892, 0.000, 0.000, 0.000, 0.000, 1.316
36.950, 0, Ego, -683.600, -355.986, 0.000, 3.892, 0.000, 0.000, 0.000, 0.000, 5.416
36.950, 1, NPC, -688.715, -360.750, 0.000, 3.892, 0.000, 0.000, 0.000, 0.000, 1.316
37.000, 0, Ego, -683.600, -355.986, 0.000, 3.892, 0.000, 0.000, 0.000, 0.000, 5.416
37.000, 1, NPC, -688.715, -360.750, 0.000, 3.892, 0.000, 0.000, 0.000, 0.000, 1.316
37.050, 0, Ego, -683.600, -355.986, 0.000, 3.892, 0.000, 0.000, 0.000, 0.000, 5.416
37.050, 1, NPC, -688.715, -360.750, 0.000, 3.892, 0.000, 0.000, 0.000, 0.000, 1.316
37.100, 0, Ego, -683.600, -355.986, 0.000, 3.892, 0.000, 0.000, 0.000, 0.000, 5.416
37.100, 1, NPC, -688.715, -360.750, 0.000, 3.892, 0.000, 0.000, 0.000, 0.000, 1.316
37.150, 0, Ego, -683.600, -355.986, 0.000, 3.892, 0.000, 0.000, 0.000, 0.000, 5.416
37.150, 1, NPC, -688.715, -360.750, 0.000, 3.892, 0.000, 0.000, 0.000, 0.000, 1.316
37.200, 0, Ego, -683.600, -355.986, 0.000, 3.892, 0.000, 0.000, 0.000, 0.000, 5.416
37.200, 1, NPC, -688.715, -360.750, 0.000, 3.892, 0.000, 0.000, 0.000, 0.000, 1.316
37.250, 0, Ego, -683.600, -355.986, 0.000, 3.892, 0.000, 0.000, 0.000, 0.000, 5.416
37.250, 1, NPC, -688.715, -360.750, 0.000, 3.892, 0.000, 0.000, 0.000, 0.000, 1.316
37.300, 0, Ego, -683.600, -355.986, 0.000, 3.892, 0.000, 0.000, 0.000, 0.000, 5.416
37.300, 1, NPC, -688.715, -360.750, 0.000, 3.892, 0.000, 0.000, 0.000, 0.000, 1.316
37.350, 0, Ego, -683.600, -355.986, 0.000, 3.892, 0.000, 0.000, 0.000, 0.000, 5.416
37.350, 1, NPC, -688.715, -360.750, 0.000, 3.892, 0.000, 0.000, 0.000, 0.000, 1.316
37.400, 0, Ego, -683.600, -355.986, 0.000, 3.892, 0.000, 0.000, 0.000, 0.000, 5.416
37.400, 1, NPC, -688.715, -360.750, 0.000, 3.892, 0.000, 0.000, 0.000, 0.000, 1.316
37.450, 0, Ego, -683.600, -355.986, 0.000, 3.892, 0.000, 0.000, 0.000, 0.000, 5.416
37.450, 1, NPC, -688.715, -360.750, 0.000, 3.892, 0.000, 0.000, 0.000, 0.000, 1.316
37.500, 0, Ego, -683.600, -355.986, 0.000, 3.892, 0.000, 0.000, 0.000, 0.000, 5.416
37.500, 1, NPC, -688.715, -360.750, 0.000, 3.892, 0.000, 0.000, 0.000, 0.000, 1.316
37.550, 0, Ego, -683.600, -355.986, 0.000, 3.892, 0.000, 0.000, 0.000, 0.000, 5.416
37.550, 1, NPC, -688.715, -360.750, 0.000, 3.892, 0.000, 0.000, 0.000, 0.000, 1.316
37.600, 0, Ego, -683.600, -355.986, 0.000, 3.892, 0.000, 0.000, 0.000, 0.000, 5.416
37.600, 1, NPC, -688.715, -360.750, 0.000, 3.892, 0.000, 0.000, 0.000, 0.000, 1.316
37.650, 0, Ego, -683.600, -355.986, 0.000, 3.892, 0.000, 0.000, 0.000, 0.000, 5.416
37.650, 1, NPC, -688.715, -360.750, 0.000, 3.892, 0.000, 0.000, 0.000, 0.000, 1.316
37.700, 0, Ego, -683.600, -355.986, 0.000, 3.892, 0.000, 0.000, 0.000, 0.000, 5.416
37.700, 1, NPC, -688.715, -360.750, 0.000, 3.892, 0.000, 0.000, 0.000, 0.000, 1.316
37.750, 0, Ego, -683.600, -355.986, 0.000, 3.892, 0.000, 0.000, 0.000, 0.000, 5.416
37.750, 1, NPC, -688.715, -360.750, 0.000, 3.892, 0.000, 0.000, 0.000, 0.000, 1.316
37.800, 0, Ego, -683.600, -355.986, 0.000, 3.892, 0.000, 0.000, 0.000, 0.000, 5.416
37.800, 1, NPC, -688.715, -360.750, 0.000, 3.892, 0.000, 0.000, 0.000, 0.000, 1.316
37.850, 0, Ego, -683.600, -355.986, 0.000, 3.892, 0.000, 0.000, 0.000, 0.000, 5.416
37.850, 1, NPC, -688.715, -360.750, 0.000, 3.892, 0.000, 0.000, 0.000, 0.000, 1.316
37.900, 0, Ego, -683.600, -355.986, 0.000, 3.892, 0.000, 0.000, 0.000, 0.000, 5.416
37.900, 1, NPC, -688.715, -360.750, 0.000, 3.892, 0.000, 0.000, 0.000, 0.000, 1.316
37.950, 0, Ego, -683.600, -355.986, 0.000, 3.892, 0.000, 0.000, 0.000, 0.000, 5.416
37.950, 1, NPC, -688.715, -360.750, 0.000, 3.892, 0.000, 0.000, 0.000, 0.000, 1.316
38.000, 0, Ego, -683.600, -355.986, 0.000, 3.892, 0.000, 0.000, 0.000, 0.000, 5.416
38.000, 1, NPC, -688.715, -360.750, 0.000, 3.892, 0.000, 0.000, 0.000, 0.000, 1.316
38.050, 0, Ego, -683.600, -355.986, 0.000, 3.892, 0.000, 0.000, 0.000, 0.000, 5.416
38.050, 1, NPC, -688.715, -360.750, 0.000, 3.892, 0.000, 0.000, 0.000, 0.000, 1.316
38.100, 0, Ego, -683.600, -355.986, 0.000, 3.892, 0.000, 0.000, 0.000, 0.000, 5.416
38.100, 1, NPC, -688.715, -360.750, 0.000, 3.892, 0.000, 0.000, 0.000, 0.000, 1.316
38.150, 0, Ego, -683.600, -355.986, 0.000, 3.892, 0.000, 0.000, 0.000, 0.000, 5.416
38.150, 1, NPC, -688.715, -360.750, 0.000, 3.892, 0.000, 0.000, 0.000, 0.000, 1.316
38.200, 0, Ego, -683.600, -355.986, 0.000, 3.892, 0.000, 0.000, 0.000, 0.000, 5.416
38.200, 1, NPC, -688.715, -360.750, 0.000, 3.892, 0.000, 0.000, 0.000, 0.000, 1.316
38.250, 0, Ego, -683.600, -355.986, 0.000, 3.892, 0.000, 0.000, 0.000, 0.000, 5.416
38.250, 1, NPC, -688.715, -360.750, 0.000, 3.892, 0.000, 0.000, 0.000, 0.000, 1.316
38.300, 0, Ego, -683.600, -355.986, 0.000, 3.892, 0.000, 0.000, 0.000, 0.000, 5.416
38.300, 1, NPC, -688.715, -360.750, 0.000, 3.892, 0.000, 0.000, 0.000, 0.000, 1.316
38.350, 0, Ego, -683.600, -355.986, 0.000, 3.892, 0.000, 0.000, 0.000, 0.000, 5.416
38.350, 1, NPC, -688.715, -360.750, 0.000, 3.892, 0.000, 0.000, 0.000, 0.000, 1.316
38.400, 0, Ego, -683.600, -355.986, 0.000, 3.892, 0.000, 0.000, 0.000, 0.000, 5.416
38.400, 1, NPC, -688.715, -360.750, 0.000, 3.892, 0.000, 0.000, 0.000, 0.000, 1.316
38.450, 0, Ego, -683.600, -355.986, 0.000, 3.892, 0.000, 0.000, 0.000, 0.000, 5.416
38.450, 1, NPC, -688.715, -360.750, 0.000, 3.892, 0.000, 0.000, 0.000, 0.000, 1.316
38.500, 0, Ego, -683.600, -355.986, 0.000, 3.892, 0.000, 0.000, 0.000, 0.000, 5.416
38.500, 1, NPC, -688.715, -360.750, 0.000, 3.892, 0.000, 0.000, 0.000, 0.000, 1.316
38.550, 0, Ego, -683.600, -355.986, 0.000, 3.892, 0.000, 0.000, 0.000, 0.000, 5.416
38.550, 1, NPC, -688.715, -360.750, 0.000, 3.892, 0.000, 0.000, 0.000, 0.000, 1.316
38.600, 0, Ego, -683.600, -355.986, 0.000, 3.892, 0.000, 0.000, 0.000, 0.000, 5.416
38.600, 1, NPC, -688.715, -360.750, 0.000, 3.892, 0.000, 0.000, 0.000, 0.000, 1.316
38.650, 0, Ego, -683.600, -355.986, 0.000, 3.892, 0.000, 0.000, 0.000, 0.000, 5.416
38.650, 1, NPC, -688.715, -360.750, 0.000, 3.892, 0.000, 0.000, 0.000, 0.000, 1.316
38.700, 0, Ego, -683.600, -355.986, 0.000, 3.892, 0.000, 0.000, 0.000, 0.000, 5.416
38.700, 1, NPC, -688.715, -360.750, 0.000, 3.892, 0.000, 0.000, 0.000, 0.000, 1.316
38.750, 0, Ego, -683.600, -355.986, 0.000, 3.892, 0.000, 0.000, 0.000, 0.000, 5.416
38.750, 1, NPC, -688.715, -360.750, 0.000, 3.892, 0.000, 0.000, 0.000, 0.000, 1.316
38.800, 0, Ego, -683.600, -355.986, 0.000, 3.892, 0.000, 0.000, 0.000, 0.000, 5.416
38.800, 1, NPC, -688.715, -360.750, 0.000, 3.892, 0.000, 0.000, 0.000, 0.000, 1.316
38.850, 0, Ego, -683.600, -355.986, 0.000, 3.892, 0.000, 0.000, 0.000, 0.000, 5.416
38.850, 1, NPC, -688.715, -360.750, 0.000, 3.892, 0.000, 0.000, 0.000, 0.000, 1.316
38.900, 0, Ego, -683.600, -355.986, 0.000, 3.892, 0.000, 0.000, 0.000, 0.000, 5.416
38.900, 1, NPC, -688.715, -360.750, 0.000, 3.892, 0.000, 0.000, 0.000, 0.000, 1.316
38.950, 0, Ego, -683.600, -355.986, 0.000, 3.892, 0.000, 0.000, 0.000, 0.000, 5.416
38.950, 1, NPC, -688.715, -360.750, 0.000, 3.892, 0.000, 0.000, 0.000, 0.000, 1.316
39.000, 0, Ego, -683.600, -355.986, 0.000, 3.892, 0.000, 0.000, 0.000, 0.000, 5.416
39.000, 1, NPC, -688.715, -360.750, 0.000, 3.892, 0.000, 0.000, 0.000, 0.000, 1.316
39.050, 0, Ego, -683.600, -355.986, 0.000, 3.892, 0.000, 0.000, 0.000, 0.000, 5.416
39.050, 1, NPC, -688.715, -360.750, 0.000, 3.892, 0.000, 0.000, 0.000, 0.000, 1.316
39.100, 0, Ego, -683.600, -355.986, 0.000, 3.892, 0.000, 0.000, 0.000, 0.000, 5.416
39.100, 1, NPC, -688.715, -360.750, 0.000, 3.892, 0.000, 0.000, 0.000, 0.000, 1.316
39.150, 0, Ego, -683.600, -355.986, 0.000, 3.892, 0.000, 0.000, 0.000, 0.000, 5.416
39.150, 1, NPC, -688.715, -360.750, 0.000, 3.892, 0.000, 0.000, 0.000, 0.000, 1.316
39.200, 0, Ego, -683.600, -355.986, 0.000, 3.892, 0.000, 0.000, 0.000, 0.000, 5.416
39.200, 1, NPC, -688.715, -360.750, 0.000, 3.892, 0.000, 0.000, 0.000, 0.000, 1.316
39.250, 0, Ego, -683.600, -355.986, 0.000, 3.892, 0.000, 0.000, 0.000, 0.000, 5.416
39.250, 1, NPC, -688.715, -360.750, 0.000, 3.892, 0.000, 0.000, 0.000, 0.000, 1.316
39.300, 0, Ego, -683.600, -355.986, 0.000, 3.892, 0.000, 0.000, 0.000, 0.000, 5.416
39.300, 1, NPC, -688.715, -360.750, 0.000, 3.892, 0.000, 0.000, 0.000, 0.000, 1.316
39.350, 0, Ego, -683.600, -355.986, 0.000, 3.892, 0.000, 0.000, 0.000, 0.000, 5.416
39.350, 1, NPC, -688.715, -360.750, 0.000, 3.892, 0.000, 0.000, 0.000, 0.000, 1.316
39.400, 0, Ego, -683.600, -355.986, 0.000, 3.892, 0.000, 0.000, 0.000, 0.000, 5.416
39.400, 1, NPC, -688.715, -360.750, 0.000, 3.892, 0.000, 0.000, 0.000, 0.000, 1.316
39.450, 0, Ego, -683.600, -355.986, 0.000, 3.892, 0.000, 0.000, 0.000, 0.000, 5.416
39.450, 1, NPC, -688.715, -360.750, 0.000, 3.892, 0.000, 0.000, 0.000, 0.000, 1.316
39.500, 0, Ego, -683.600, -355.986, 0.000, 3.892, 0.000, 0.000, 0.000, 0.000, 5.416
39.500, 1, NPC, -688.715, -360.750, 0.000, 3.892, 0.000, 0.000, 0.000, 0.000, 1.316
39.550, 0, Ego, -683.600, -355.986, 0.000, 3.892, 0.000, 0.000, 0.000, 0.000, 5.416
39.550, 1, NPC, -688.715, -360.750, 0.000, 3.892, 0.000, 0.000, 0.000, 0.000, 1.316
39.600, 0, Ego, -683.600, -355.986, 0.000, 3.892, 0.000, 0.000, 0.000, 0.000, 5.416
39.600, 1, NPC, -688.715, -360.750, 0.000, 3.892, 0.000, 0.000, 0.000, 0.000, 1.316
39.650, 0, Ego, -683.600, -355.986, 0.000, 3.892, 0.000, 0.000, 0.000, 0.000, 5.416
39.650, 1, NPC, -688.715, -360.750, 0.000, 3.892, 0.000, 0.000, 0.000, 0.000, 1.316
39.700, 0, Ego, -683.600, -355.986, 0.000, 3.892, 0.000, 0.000, 0.000, 0.000, 5.416
39.700, 1, NPC, -688.715, -360.750, 0.000, 3.892, 0.000, 0.000, 0.000, 0.000, 1.316
39.750, 0, Ego, -683.600, -355.986, 0.000, 3.892, 0.000, 0.000, 0.000, 0.000, 5.416
39.750, 1, NPC, -688.715, -360.750, 0.000, 3.892, 0.000, 0.000, 0.000, 0.000, 1.316
39.800, 0, Ego, -683.600, -355.986, 0.000, 3.892, 0.000, 0.000, 0.000, 0.000, 5.416
39.800, 1, NPC, -688.715, -360.750, 0.000, 3.892, 0.000, 0.000, 0.000, 0.000, 1.316
39.850, 0, Ego, -683.600, -355.986, 0.000, 3.892, 0.000, 0.000, 0.000, 0.000, 5.416
39.850, 1, NPC, -688.715, -360.750, 0.000, 3.892, 0.000, 0.000, 0.000, 0.000, 1.316
39.900, 0, Ego, -683.600, -355.986, 0.000, 3.892, 0.000, 0.000, 0.000, 0.000, 5.416
39.900, 1, NPC, -688.715, -360.750, 0.000, 3.892, 0.000, 0.000, 0.000, 0.000, 1.316
39.950, 0, Ego, -683.600, -355.986, 0.000, 3.892, 0.000, 0.000, 0.000, 0.000, 5.416
39.950, 1, NPC, -688.715, -360.750, 0.000, 3.892, 0.000, 0.000, 0.000, 0.000, 1.316
40.000, 0, Ego, -683.600, -355.986, 0.000, 3.892, 0.000, 0.000, 0.000, 0.000, 5.416
40.000, 1, NPC, -688.715, -360.750, 0.000, 3.892, 0.000, 0.000, 0.000, 0.000, 1.316
40.050, 0, Ego, -683.600, -355.986, 0.000, 3.892, 0.000, 0.000, 0.000, 0.000, 5.416
40.050, 1, NPC, -688.715, -360.750, 0.000, 3.892, 0.000, 0.000, 0.000, 0.000, 1.316
40.100, 0, Ego, -683.600, -355.986, 0.000, 3.892, 0.000, 0.000, 0.000, 0.000, 5.416
40.100, 1, NPC, -688.715, -360.750, 0.000, 3.892, 0.000, 0.000, 0.000, 0.000, 1.316
40.150, 0, Ego, -683.600, -355.986, 0.000, 3.892, 0.000, 0.000, 0.000, 0.000, 5.416
40.150, 1, NPC, -688.715, -360.750, 0.000, 3.892, 0.000, 0.000, 0.000, 0.000, 1.316
40.200, 0, Ego, -683.600, -355.986, 0.000, 3.892, 0.000, 0.000, 0.000, 0.000, 5.416
40.200, 1, NPC, -688.715, -360.750, 0.000, 3.892, 0.000, 0.000, 0.000, 0.000, 1.316
40.250, 0, Ego, -683.600, -355.986, 0.000, 3.892, 0.000, 0.000, 0.000, 0.000, 5.416
40.250, 1, NPC, -688.715, -360.750, 0.000, 3.892, 0.000, 0.000, 0.000, 0.000, 1.316
40.300, 0, Ego, -683.600, -355.986, 0.000, 3.892, 0.000, 0.000, 0.000, 0.000, 5.416
40.300, 1, NPC, -688.715, -360.750, 0.000, 3.892, 0.000, 0.000, 0.000, 0.000, 1.316
40.350, 0, Ego, -683.600, -355.986, 0.000, 3.892, 0.000, 0.000, 0.000, 0.000, 5.416
40.350, 1, NPC, -688.715, -360.750, 0.000, 3.892, 0.000, 0.000, 0.000, 0.000, 1.316
40.400, 0, Ego, -683.600, -355.986, 0.000, 3.892, 0.000, 0.000, 0.000, 0.000, 5.416
40.400, 1, NPC, -688.715, -360.750, 0.000, 3.892, 0.000, 0.000, 0.000, 0.000, 1.316
40.450, 0, Ego, -683.600, -355.986, 0.000, 3.892, 0.000, 0.000, 0.000, 0.000, 5.416
40.450, 1, NPC, -688.715, -360.750, 0.000, 3.892, 0.000, 0.000, 0.000, 0.000, 1.316
40.500, 0, Ego, -683.600, -355.986, 0.000, 3.892, 0.000, 0.000, 0.000, 0.000, 5.416
40.500, 1, NPC, -688.715, -360.750, 0.000, 3.892, 0.000, 0.000, 0.000, 0.000, 1.316
40.550, 0, Ego, -683.600, -355.986, 0.000, 3.892, 0.000, 0.000, 0.000, 0.000, 5.416
40.550, 1, NPC, -688.715, -360.750, 0.000, 3.892, 0.000, 0.000, 0.000, 0.000, 1.316
40.600, 0, Ego, -683.600, -355.986, 0.000, 3.892, 0.000, 0.000, 0.000, 0.000, 5.416
40.600, 1, NPC, -688.715, -360.750, 0.000, 3.892, 0.000, 0.000, 0.000, 0.000, 1.316
40.650, 0, Ego, -683.600, -355.986, 0.000, 3.892, 0.000, 0.000, 0.000, 0.000, 5.416
40.650, 1, NPC, -688.715, -360.750, 0.000, 3.892, 0.000, 0.000, 0.000, 0.000, 1.316
40.700, 0, Ego, -683.600, -355.986, 0.000, 3.892, 0.000, 0.000, 0.000, 0.000, 5.416
40.700, 1, NPC, -688.715, -360.750, 0.000, 3.892, 0.000, 0.000, 0.000, 0.000, 1.316
40.750, 0, Ego, -683.600, -355.986, 0.000, 3.892, 0.000, 0.000, 0.000, 0.000, 5.416
40.750, 1, NPC, -688.715, -360.750, 0.000, 3.892, 0.000, 0.000, 0.000, 0.000, 1.316
40.800, 0, Ego, -683.600, -355.986, 0.000, 3.892, 0.000, 0.000, 0.000, 0.000, 5.416
40.800, 1, NPC, -688.715, -360.750, 0.000, 3.892, 0.000, 0.000, 0.000, 0.000, 1.316
40.850, 0, Ego, -683.600, -355.986, 0.000, 3.892, 0.000, 0.000, 0.000, 0.000, 5.416
40.850, 1, NPC, -688.715, -360.750, 0.000, 3.892, 0.000, 0.000, 0.000, 0.000, 1.316
40.900, 0, Ego, -683.600, -355.986, 0.000, 3.892, 0.000, 0.000, 0.000, 0.000, 5.416
40.900, 1, NPC, -688.715, -360.750, 0.000, 3.892, 0.000, 0.000, 0.000, 0.000, 1.316
40.950, 0, Ego, -683.600, -355.986, 0.000, 3.892, 0.000, 0.000, 0.000, 0.000, 5.416
40.950, 1, NPC, -688.715, -360.750, 0.000, 3.892, 0.000, 0.000, 0.000, 0.000, 1.316
41.000, 0, Ego, -683.600, -355.986, 0.000, 3.892, 0.000, 0.000, 0.000, 0.000, 5.416
41.000, 1, NPC, -688.715, -360.750, 0.000, 3.892, 0.000, 0.000, 0.000, 0.000, 1.316
41.050, 0, Ego, -683.600, -355.986, 0.000, 3.892, 0.000, 0.000, 0.000, 0.000, 5.416
41.050, 1, NPC, -688.715, -360.750, 0.000, 3.892, 0.000, 0.000, 0.000, 0.000, 1.316
41.100, 0, Ego, -683.600, -355.986, 0.000, 3.892, 0.000, 0.000, 0.000, 0.000, 5.416
41.100, 1, NPC, -688.715, -360.750, 0.000, 3.892, 0.000, 0.000, 0.000, 0.000, 1.316
41.150, 0, Ego, -683.600, -355.986, 0.000, 3.892, 0.000, 0.000, 0.000, 0.000, 5.416
41.150, 1, NPC, -688.715, -360.750, 0.000, 3.892, 0.000, 0.000, 0.000, 0.000, 1.316
41.200, 0, Ego, -683.600, -355.986, 0.000, 3.892, 0.000, 0.000, 0.000, 0.000, 5.416
41.200, 1, NPC, -688.715, -360.750, 0.000, 3.892, 0.000, 0.000, 0.000, 0.000, 1.316
41.250, 0, Ego, -683.600, -355.986, 0.000, 3.892, 0.000, 0.000, 0.000, 0.000, 5.416
41.250, 1, NPC, -688.715, -360.750, 0.000, 3.892, 0.000, 0.000, 0.000, 0.000, 1.316
41.300, 0, Ego, -683.600, -355.986, 0.000, 3.892, 0.000, 0.000, 0.000, 0.000, 5.416
41.300, 1, NPC, -688.715, -360.750, 0.000, 3.892, 0.000, 0.000, 0.000, 0.000, 1.316
41.350, 0, Ego, -683.600, -355.986, 0.000, 3.892, 0.000, 0.000, 0.000, 0.000, 5.416
41.350, 1, NPC, -688.715, -360.750, 0.000, 3.892, 0.000, 0.000, 0.000, 0.000, 1.316
41.400, 0, Ego, -683.600, -355.986, 0.000, 3.892, 0.000, 0.000, 0.000, 0.000, 5.416
41.400, 1, NPC, -688.715, -360.750, 0.000, 3.892, 0.000, 0.000, 0.000, 0.000, 1.316
41.450, 0, Ego, -683.600, -355.986, 0.000, 3.892, 0.000, 0.000, 0.000, 0.000, 5.416
41.450, 1, NPC, -688.715, -360.750, 0.000, 3.892, 0.000, 0.000, 0.000, 0.000, 1.316
41.500, 0, Ego, -683.600, -355.986, 0.000, 3.892, 0.000, 0.000, 0.000, 0.000, 5.416
41.500, 1, NPC, -688.715, -360.750, 0.000, 3.892, 0.000, 0.000, 0.000, 0.000, 1.316
41.550, 0, Ego, -683.600, -355.986, 0.000, 3.892, 0.000, 0.000, 0.000, 0.000, 5.416
41.550, 1, NPC, -688.715, -360.750, 0.000, 3.892, 0.000, 0.000, 0.000, 0.000, 1.316
41.600, 0, Ego, -683.600, -355.986, 0.000, 3.892, 0.000, 0.000, 0.000, 0.000, 5.416
41.600, 1, NPC, -688.715, -360.750, 0.000, 3.892, 0.000, 0.000, 0.000, 0.000, 1.316
41.650, 0, Ego, -683.600, -355.986, 0.000, 3.892, 0.000, 0.000, 0.000, 0.000, 5.416
41.650, 1, NPC, -688.715, -360.750, 0.000, 3.892, 0.000, 0.000, 0.000, 0.000, 1.316
41.700, 0, Ego, -683.600, -355.986, 0.000, 3.892, 0.000, 0.000, 0.000, 0.000, 5.416
41.700, 1, NPC, -688.715, -360.750, 0.000, 3.892, 0.000, 0.000, 0.000, 0.000, 1.316
41.750, 0, Ego, -683.600, -355.986, 0.000, 3.892, 0.000, 0.000, 0.000, 0.000, 5.416
41.750, 1, NPC, -688.715, -360.750, 0.000, 3.892, 0.000, 0.000, 0.000, 0.000, 1.316
41.800, 0, Ego, -683.600, -355.986, 0.000, 3.892, 0.000, 0.000, 0.000, 0.000, 5.416
41.800, 1, NPC, -688.715, -360.750, 0.000, 3.892, 0.000, 0.000, 0.000, 0.000, 1.316
41.850, 0, Ego, -683.600, -355.986, 0.000, 3.892, 0.000, 0.000, 0.000, 0.000, 5.416
41.850, 1, NPC, -688.715, -360.750, 0.000, 3.892, 0.000, 0.000, 0.000, 0.000, 1.316
41.900, 0, Ego, -683.600, -355.986, 0.000, 3.892, 0.000, 0.000, 0.000, 0.000, 5.416
41.900, 1, NPC, -688.715, -360.750, 0.000, 3.892, 0.000, 0.000, 0.000, 0.000, 1.316
41.950, 0, Ego, -683.600, -355.986, 0.000, 3.892, 0.000, 0.000, 0.000, 0.000, 5.416
41.950, 1, NPC, -688.715, -360.750, 0.000, 3.892, 0.000, 0.000, 0.000, 0.000, 1.316
42.000, 0, Ego, -683.600, -355.986, 0.000, 3.892, 0.000, 0.000, 0.000, 0.000, 5.416
42.000, 1, NPC, -688.715, -360.750, 0.000, 3.892, 0.000, 0.000, 0.000, 0.000, 1.316
42.050, 0, Ego, -683.600, -355.986, 0.000, 3.892, 0.000, 0.000, 0.000, 0.000, 5.416
42.050, 1, NPC, -688.715, -360.750, 0.000, 3.892, 0.000, 0.000, 0.000, 0.000, 1.316
42.100, 0, Ego, -683.600, -355.986, 0.000, 3.892, 0.000, 0.000, 0.000, 0.000, 5.416
42.100, 1, NPC, -688.715, -360.750, 0.000, 3.892, 0.000, 0.000, 0.000, 0.000, 1.316
42.150, 0, Ego, -683.600, -355.986, 0.000, 3.892, 0.000, 0.000, 0.000, 0.000, 5.416
42.150, 1, NPC, -688.715, -360.750, 0.000, 3.892, 0.000, 0.000, 0.000, 0.000, 1.316
42.200, 0, Ego, -683.600, -355.986, 0.000, 3.892, 0.000, 0.000, 0.000, 0.000, 5.416
42.200, 1, NPC, -688.715, -360.750, 0.000, 3.892, 0.000, 0.000, 0.000, 0.000, 1.316
42.250, 0, Ego, -683.600, -355.986, 0.000, 3.892, 0.000, 0.000, 0.000, 0.000, 5.416
42.250, 1, NPC, -688.715, -360.750, 0.000, 3.892, 0.000, 0.000, 0.000, 0.000, 1.316
42.300, 0, Ego, -683.600, -355.986, 0.000, 3.892, 0.000, 0.000, 0.000, 0.000, 5.416
42.300, 1, NPC, -688.715, -360.750, 0.000, 3.892, 0.000, 0.000, 0.000, 0.000, 1.316
42.350, 0, Ego, -683.600, -355.986, 0.000, 3.892, 0.000, 0.000, 0.000, 0.000, 5.416
42.350, 1, NPC, -688.715, -360.750, 0.000, 3.892, 0.000, 0.000, 0.000, 0.000, 1.316
42.400, 0, Ego, -683.600, -355.986, 0.000, 3.892, 0.000, 0.000, 0.000, 0.000, 5.416
42.400, 1, NPC, -688.715, -360.750, 0.000, 3.892, 0.000, 0.000, 0.000, 0.000, 1.316
42.450, 0, Ego, -683.600, -355.986, 0.000, 3.892, 0.000, 0.000, 0.000, 0.000, 5.416
42.450, 1, NPC, -688.715, -360.750, 0.000, 3.892, 0.000, 0.000, 0.000, 0.000, 1.316
42.500, 0, Ego, -683.600, -355.986, 0.000, 3.892, 0.000, 0.000, 0.000, 0.000, 5.416
42.500, 1, NPC, -688.715, -360.750, 0.000, 3.892, 0.000, 0.000, 0.000, 0.000, 1.316
42.550, 0, Ego, -683.600, -355.986, 0.000, 3.892, 0.000, 0.000, 0.000, 0.000, 5.416
42.550, 1, NPC, -688.715, -360.750, 0.000, 3.892, 0.000, 0.000, 0.000, 0.000, 1.316
42.600, 0, Ego, -683.600, -355.986, 0.000, 3.892, 0.000, 0.000, 0.000, 0.000, 5.416
42.600, 1, NPC, -688.715, -360.750, 0.000, 3.892, 0.000, 0.000, 0.000, 0.000, 1.316
42.650, 0, Ego, -683.600, -355.986, 0.000, 3.892, 0.000, 0.000, 0.000, 0.000, 5.416
42.650, 1, NPC, -688.715, -360.750, 0.000, 3.892, 0.000, 0.000, 0.000, 0.000, 1.316
42.700, 0, Ego, -683.600, -355.986, 0.000, 3.892, 0.000, 0.000, 0.000, 0.000, 5.416
42.700, 1, NPC, -688.715, -360.750, 0.000, 3.892, 0.000, 0.000, 0.000, 0.000, 1.316
42.750, 0, Ego, -683.600, -355.986, 0.000, 3.892, 0.000, 0.000, 0.000, 0.000, 5.416
42.750, 1, NPC, -688.715, -360.750, 0.000, 3.892, 0.000, 0.000, 0.000, 0.000, 1.316
42.800, 0, Ego, -683.600, -355.986, 0.000, 3.892, 0.000, 0.000, 0.000, 0.000, 5.416
42.800, 1, NPC, -688.715, -360.750, 0.000, 3.892, 0.000, 0.000, 0.000, 0.000, 1.316
42.850, 0, Ego, -683.600, -355.986, 0.000, 3.892, 0.000, 0.000, 0.000, 0.000, 5.416
42.850, 1, NPC, -688.715, -360.750, 0.000, 3.892, 0.000, 0.000, 0.000, 0.000, 1.316
42.900, 0, Ego, -683.600, -355.986, 0.000, 3.892, 0.000, 0.000, 0.000, 0.000, 5.416
42.900, 1, NPC, -688.715, -360.750, 0.000, 3.892, 0.000, 0.000, 0.000, 0.000, 1.316
42.950, 0, Ego, -683.600, -355.986, 0.000, 3.892, 0.000, 0.000, 0.000, 0.000, 5.416
42.950, 1, NPC, -688.715, -360.750, 0.000, 3.892, 0.000, 0.000, 0.000, 0.000, 1.316
43.000, 0, Ego, -683.600, -355.986, 0.000, 3.892, 0.000, 0.000, 0.000, 0.000, 5.416
43.000, 1, NPC, -688.715, -360.750, 0.000, 3.892, 0.000, 0.000, 0.000, 0.000, 1.316
43.050, 0, Ego, -683.600, -355.986, 0.000, 3.892, 0.000, 0.000, 0.000, 0.000, 5.416
43.050, 1, NPC, -688.715, -360.750, 0.000, 3.892, 0.000, 0.000, 0.000, 0.000, 1.316
43.100, 0, Ego, -683.600, -355.986, 0.000, 3.892, 0.000, 0.000, 0.000, 0.000, 5.416
43.100, 1, NPC, -688.715, -360.750, 0.000, 3.892, 0.000, 0.000, 0.000, 0.000, 1.316
43.150, 0, Ego, -683.600, -355.986, 0.000, 3.892, 0.000, 0.000, 0.000, 0.000, 5.416
43.150, 1, NPC, -688.715, -360.750, 0.000, 3.892, 0.000, 0.000, 0.000, 0.000, 1.316
43.200, 0, Ego, -683.600, -355.986, 0.000, 3.892, 0.000, 0.000, 0.000, 0.000, 5.416
43.200, 1, NPC, -688.715, -360.750, 0.000, 3.892, 0.000, 0.000, 0.000, 0.000, 1.316
43.250, 0, Ego, -683.600, -355.986, 0.000, 3.892, 0.000, 0.000, 0.000, 0.000, 5.416
43.250, 1, NPC, -688.715, -360.750, 0.000, 3.892, 0.000, 0.000, 0.000, 0.000, 1.316
43.300, 0, Ego, -683.600, -355.986, 0.000, 3.892, 0.000, 0.000, 0.000, 0.000, 5.416
43.300, 1, NPC, -688.715, -360.750, 0.000, 3.892, 0.000, 0.000, 0.000, 0.000, 1.316
43.350, 0, Ego, -683.600, -355.986, 0.000, 3.892, 0.000, 0.000, 0.000, 0.000, 5.416
43.350, 1, NPC, -688.715, -360.750, 0.000, 3.892, 0.000, 0.000, 0.000, 0.000, 1.316
43.400, 0, Ego, -683.600, -355.986, 0.000, 3.892, 0.000, 0.000, 0.000, 0.000, 5.416
43.400, 1, NPC, -688.715, -360.750, 0.000, 3.892, 0.000, 0.000, 0.000, 0.000, 1.316
43.450, 0, Ego, -683.600, -355.986, 0.000, 3.892, 0.000, 0.000, 0.000, 0.000, 5.416
43.450, 1, NPC, -688.715, -360.750, 0.000, 3.892, 0.000, 0.000, 0.000, 0.000, 1.316
43.500, 0, Ego, -683.600, -355.986, 0.000, 3.892, 0.000, 0.000, 0.000, 0.000, 5.416
43.500, 1, NPC, -688.715, -360.750, 0.000, 3.892, 0.000, 0.000, 0.000, 0.000, 1.316
43.550, 0, Ego, -683.600, -355.986, 0.000, 3.892, 0.000, 0.000, 0.000, 0.000, 5.416
43.550, 1, NPC, -688.715, -360.750, 0.000, 3.892, 0.000, 0.000, 0.000, 0.000, 1.316
43.600, 0, Ego, -683.600, -355.986, 0.000, 3.892, 0.000, 0.000, 0.000, 0.000, 5.416
43.600, 1, NPC, -688.715, -360.750, 0.000, 3.892, 0.000, 0.000, 0.000, 0.000, 1.316
43.650, 0, Ego, -683.600, -355.986, 0.000, 3.892, 0.000, 0.000, 0.000, 0.000, 5.416
43.650, 1, NPC, -688.715, -360.750, 0.000, 3.892, 0.000, 0.000, 0.000, 0.000, 1.316
43.700, 0, Ego, -683.600, -355.986, 0.000, 3.892, 0.000, 0.000, 0.000, 0.000, 5.416
43.700, 1, NPC, -688.715, -360.750, 0.000, 3.892, 0.000, 0.000, 0.000, 0.000, 1.316
43.750, 0, Ego, -683.600, -355.986, 0.000, 3.892, 0.000, 0.000, 0.000, 0.000, 5.416
43.750, 1, NPC, -688.715, -360.750, 0.000, 3.892, 0.000, 0.000, 0.000, 0.000, 1.316
43.800, 0, Ego, -683.600, -355.986, 0.000, 3.892, 0.000, 0.000, 0.000, 0.000, 5.416
43.800, 1, NPC, -688.715, -360.750, 0.000, 3.892, 0.000, 0.000, 0.000, 0.000, 1.316
43.850, 0, Ego, -683.600, -355.986, 0.000, 3.892, 0.000, 0.000, 0.000, 0.000, 5.416
43.850, 1, NPC, -688.715, -360.750, 0.000, 3.892, 0.000, 0.000, 0.000, 0.000, 1.316
43.900, 0, Ego, -683.600, -355.986, 0.000, 3.892, 0.000, 0.000, 0.000, 0.000, 5.416
43.900, 1, NPC, -688.715, -360.750, 0.000, 3.892, 0.000, 0.000, 0.000, 0.000, 1.316
43.950, 0, Ego, -683.600, -355.986, 0.000, 3.892, 0.000, 0.000, 0.000, 0.000, 5.416
43.950, 1, NPC, -688.715, -360.750, 0.000, 3.892, 0.000, 0.000, 0.000, 0.000, 1.316
44.000, 0, Ego, -683.600, -355.986, 0.000, 3.892, 0.000, 0.000, 0.000, 0.000, 5.416
44.000, 1, NPC, -688.715, -360.750, 0.000, 3.892, 0.000, 0.000, 0.000, 0.000, 1.316
44.050, 0, Ego, -683.600, -355.986, 0.000, 3.892, 0.000, 0.000, 0.000, 0.000, 5.416
44.050, 1, NPC, -688.715, -360.750, 0.000, 3.892, 0.000, 0.000, 0.000, 0.000, 1.316
44.100, 0, Ego, -683.600, -355.986, 0.000, 3.892, 0.000, 0.000, 0.000, 0.000, 5.416
44.100, 1, NPC, -688.715, -360.750, 0.000, 3.892, 0.000, 0.000, 0.000, 0.000, 1.316
44.150, 0, Ego, -683.600, -355.986, 0.000, 3.892, 0.000, 0.000, 0.000, 0.000, 5.416
44.150, 1, NPC, -688.715, -360.750, 0.000, 3.892, 0.000, 0.000, 0.000, 0.000, 1.316
44.200, 0, Ego, -683.600, -355.986, 0.000, 3.892, 0.000, 0.000, 0.000, 0.000, 5.416
44.200, 1, NPC, -688.715, -360.750, 0.000, 3.892, 0.000, 0.000, 0.000, 0.000, 1.316
44.250, 0, Ego, -683.600, -355.986, 0.000, 3.892, 0.000, 0.000, 0.000, 0.000, 5.416
44.250, 1, NPC, -688.715, -360.750, 0.000, 3.892, 0.000, 0.000, 0.000, 0.000, 1.316
44.300, 0, Ego, -683.600, -355.986, 0.000, 3.892, 0.000, 0.000, 0.000, 0.000, 5.416
44.300, 1, NPC, -688.715, -360.750, 0.000, 3.892, 0.000, 0.000, 0.000, 0.000, 1.316
44.350, 0, Ego, -683.600, -355.986, 0.000, 3.892, 0.000, 0.000, 0.000, 0.000, 5.416
44.350, 1, NPC, -688.715, -360.750, 0.000, 3.892, 0.000, 0.000, 0.000, 0.000, 1.316
44.400, 0, Ego, -683.600, -355.986, 0.000, 3.892, 0.000, 0.000, 0.000, 0.000, 5.416
44.400, 1, NPC, -688.715, -360.750, 0.000, 3.892, 0.000, 0.000, 0.000, 0.000, 1.316
44.450, 0, Ego, -683.600, -355.986, 0.000, 3.892, 0.000, 0.000, 0.000, 0.000, 5.416
44.450, 1, NPC, -688.715, -360.750, 0.000, 3.892, 0.000, 0.000, 0.000, 0.000, 1.316
44.500, 0, Ego, -683.600, -355.986, 0.000, 3.892, 0.000, 0.000, 0.000, 0.000, 5.416
44.500, 1, NPC, -688.715, -360.750, 0.000, 3.892, 0.000, 0.000, 0.000, 0.000, 1.316
44.550, 0, Ego, -683.600, -355.986, 0.000, 3.892, 0.000, 0.000, 0.000, 0.000, 5.416
44.550, 1, NPC, -688.715, -360.750, 0.000, 3.892, 0.000, 0.000, 0.000, 0.000, 1.316
44.600, 0, Ego, -683.600, -355.986, 0.000, 3.892, 0.000, 0.000, 0.000, 0.000, 5.416
44.600, 1, NPC, -688.715, -360.750, 0.000, 3.892, 0.000, 0.000, 0.000, 0.000, 1.316
44.650, 0, Ego, -683.600, -355.986, 0.000, 3.892, 0.000, 0.000, 0.000, 0.000, 5.416
44.650, 1, NPC, -688.715, -360.750, 0.000, 3.892, 0.000, 0.000, 0.000, 0.000, 1.316
44.700, 0, Ego, -683.600, -355.986, 0.000, 3.892, 0.000, 0.000, 0.000, 0.000, 5.416
44.700, 1, NPC, -688.715, -360.750, 0.000, 3.892, 0.000, 0.000, 0.000, 0.000, 1.316
44.750, 0, Ego, -683.600, -355.986, 0.000, 3.892, 0.000, 0.000, 0.000, 0.000, 5.416
44.750, 1, NPC, -688.715, -360.750, 0.000, 3.892, 0.000, 0.000, 0.000, 0.000, 1.316
44.800, 0, Ego, -683.600, -355.986, 0.000, 3.892, 0.000, 0.000, 0.000, 0.000, 5.416
44.800, 1, NPC, -688.715, -360.750, 0.000, 3.892, 0.000, 0.000, 0.000, 0.000, 1.316
44.850, 0, Ego, -683.600, -355.986, 0.000, 3.892, 0.000, 0.000, 0.000, 0.000, 5.416
44.850, 1, NPC, -688.715, -360.750, 0.000, 3.892, 0.000, 0.000, 0.000, 0.000, 1.316
44.900, 0, Ego, -683.600, -355.986, 0.000, 3.892, 0.000, 0.000, 0.000, 0.000, 5.416
44.900, 1, NPC, -688.715, -360.750, 0.000, 3.892, 0.000, 0.000, 0.000, 0.000, 1.316
44.950, 0, Ego, -683.600, -355.986, 0.000, 3.892, 0.000, 0.000, 0.000, 0.000, 5.416
44.950, 1, NPC, -688.715, -360.750, 0.000, 3.892, 0.000, 0.000, 0.000, 0.000, 1.316
45.000, 0, Ego, -683.600, -355.986, 0.000, 3.892, 0.000, 0.000, 0.000, 0.000, 5.416
45.000, 1, NPC, -688.715, -360.750, 0.000, 3.892, 0.000, 0.000, 0.000, 0.000, 1.316
45.050, 0, Ego, -683.600, -355.986, 0.000, 3.892, 0.000, 0.000, 0.000, 0.000, 5.416
45.050, 1, NPC, -688.715, -360.750, 0.000, 3.892, 0.000, 0.000, 0.000, 0.000, 1.316
45.100, 0, Ego, -683.600, -355.986, 0.000, 3.892, 0.000, 0.000, 0.000, 0.000, 5.416
45.100, 1, NPC, -688.715, -360.750, 0.000, 3.892, 0.000, 0.000, 0.000, 0.000, 1.316
45.150, 0, Ego, -683.600, -355.986, 0.000, 3.892, 0.000, 0.000, 0.000, 0.000, 5.416
45.150, 1, NPC, -688.715, -360.750, 0.000, 3.892, 0.000, 0.000, 0.000, 0.000, 1.316
45.200, 0, Ego, -683.600, -355.986, 0.000, 3.892, 0.000, 0.000, 0.000, 0.000, 5.416
45.200, 1, NPC, -688.715, -360.750, 0.000, 3.892, 0.000, 0.000, 0.000, 0.000, 1.316
45.250, 0, Ego, -683.600, -355.986, 0.000, 3.892, 0.000, 0.000, 0.000, 0.000, 5.416
45.250, 1, NPC, -688.715, -360.750, 0.000, 3.892, 0.000, 0.000, 0.000, 0.000, 1.316
45.300, 0, Ego, -683.600, -355.986, 0.000, 3.892, 0.000, 0.000, 0.000, 0.000, 5.416
45.300, 1, NPC, -688.715, -360.750, 0.000, 3.892, 0.000, 0.000, 0.000, 0.000, 1.316
45.350, 0, Ego, -683.600, -355.986, 0.000, 3.892, 0.000, 0.000, 0.000, 0.000, 5.416
45.350, 1, NPC, -688.715, -360.750, 0.000, 3.892, 0.000, 0.000, 0.000, 0.000, 1.316
45.400, 0, Ego, -683.600, -355.986, 0.000, 3.892, 0.000, 0.000, 0.000, 0.000, 5.416
45.400, 1, NPC, -688.715, -360.750, 0.000, 3.892, 0.000, 0.000, 0.000, 0.000, 1.316
45.450, 0, Ego, -683.600, -355.986, 0.000, 3.892, 0.000, 0.000, 0.000, 0.000, 5.416
45.450, 1, NPC, -688.715, -360.750, 0.000, 3.892, 0.000, 0.000, 0.000, 0.000, 1.316
45.500, 0, Ego, -683.600, -355.986, 0.000, 3.892, 0.000, 0.000, 0.000, 0.000, 5.416
45.500, 1, NPC, -688.715, -360.750, 0.000, 3.892, 0.000, 0.000, 0.000, 0.000, 1.316
45.550, 0, Ego, -683.600, -355.986, 0.000, 3.892, 0.000, 0.000, 0.000, 0.000, 5.416
45.550, 1, NPC, -688.715, -360.750, 0.000, 3.892, 0.000, 0.000, 0.000, 0.000, 1.316
45.600, 0, Ego, -683.600, -355.986, 0.000, 3.892, 0.000, 0.000, 0.000, 0.000, 5.416
45.600, 1, NPC, -688.715, -360.750, 0.000, 3.892, 0.000, 0.000, 0.000, 0.000, 1.316
45.650, 0, Ego, -683.600, -355.986, 0.000, 3.892, 0.000, 0.000, 0.000, 0.000, 5.416
45.650, 1, NPC, -688.715, -360.750, 0.000, 3.892, 0.000, 0.000, 0.000, 0.000, 1.316
45.700, 0, Ego, -683.600, -355.986, 0.000, 3.892, 0.000, 0.000, 0.000, 0.000, 5.416
45.700, 1, NPC, -688.715, -360.750, 0.000, 3.892, 0.000, 0.000, 0.000, 0.000, 1.316
45.750, 0, Ego, -683.600, -355.986, 0.000, 3.892, 0.000, 0.000, 0.000, 0.000, 5.416
45.750, 1, NPC, -688.715, -360.750, 0.000, 3.892, 0.000, 0.000, 0.000, 0.000, 1.316
45.800, 0, Ego, -683.600, -355.986, 0.000, 3.892, 0.000, 0.000, 0.000, 0.000, 5.416
45.800, 1, NPC, -688.715, -360.750, 0.000, 3.892, 0.000, 0.000, 0.000, 0.000, 1.316
45.850, 0, Ego, -683.600, -355.986, 0.000, 3.892, 0.000, 0.000, 0.000, 0.000, 5.416
45.850, 1, NPC, -688.715, -360.750, 0.000, 3.892, 0.000, 0.000, 0.000, 0.000, 1.316
45.900, 0, Ego, -683.600, -355.986, 0.000, 3.892, 0.000, 0.000, 0.000, 0.000, 5.416
45.900, 1, NPC, -688.715, -360.750, 0.000, 3.892, 0.000, 0.000, 0.000, 0.000, 1.316
45.950, 0, Ego, -683.600, -355.986, 0.000, 3.892, 0.000, 0.000, 0.000, 0.000, 5.416
45.950, 1, NPC, -688.715, -360.750, 0.000, 3.892, 0.000, 0.000, 0.000, 0.000, 1.316
46.000, 0, Ego, -683.600, -355.986, 0.000, 3.892, 0.000, 0.000, 0.000, 0.000, 5.416
46.000, 1, NPC, -688.715, -360.750, 0.000, 3.892, 0.000, 0.000, 0.000, 0.000, 1.316
46.050, 0, Ego, -683.600, -355.986, 0.000, 3.892, 0.000, 0.000, 0.000, 0.000, 5.416
46.050, 1, NPC, -688.715, -360.750, 0.000, 3.892, 0.000, 0.000, 0.000, 0.000, 1.316
46.100, 0, Ego, -683.600, -355.986, 0.000, 3.892, 0.000, 0.000, 0.000, 0.000, 5.416
46.100, 1, NPC, -688.715, -360.750, 0.000, 3.892, 0.000, 0.000, 0.000, 0.000, 1.316
46.150, 0, Ego, -683.600, -355.986, 0.000, 3.892, 0.000, 0.000, 0.000, 0.000, 5.416
46.150, 1, NPC, -688.715, -360.750, 0.000, 3.892, 0.000, 0.000, 0.000, 0.000, 1.316
46.200, 0, Ego, -683.600, -355.986, 0.000, 3.892, 0.000, 0.000, 0.000, 0.000, 5.416
46.200, 1, NPC, -688.715, -360.750, 0.000, 3.892, 0.000, 0.000, 0.000, 0.000, 1.316
46.250, 0, Ego, -683.600, -355.986, 0.000, 3.892, 0.000, 0.000, 0.000, 0.000, 5.416
46.250, 1, NPC, -688.715, -360.750, 0.000, 3.892, 0.000, 0.000, 0.000, 0.000, 1.316
46.300, 0, Ego, -683.600, -355.986, 0.000, 3.892, 0.000, 0.000, 0.000, 0.000, 5.416
46.300, 1, NPC, -688.715, -360.750, 0.000, 3.892, 0.000, 0.000, 0.000, 0.000, 1.316
46.350, 0, Ego, -683.600, -355.986, 0.000, 3.892, 0.000, 0.000, 0.000, 0.000, 5.416
46.350, 1, NPC, -688.715, -360.750, 0.000, 3.892, 0.000, 0.000, 0.000, 0.000, 1.316
46.400, 0, Ego, -683.600, -355.986, 0.000, 3.892, 0.000, 0.000, 0.000, 0.000, 5.416
46.400, 1, NPC, -688.715, -360.750, 0.000, 3.892, 0.000, 0.000, 0.000, 0.000, 1.316
46.450, 0, Ego, -683.600, -355.986, 0.000, 3.892, 0.000, 0.000, 0.000, 0.000, 5.416
46.450, 1, NPC, -688.715, -360.750, 0.000, 3.892, 0.000, 0.000, 0.000, 0.000, 1.316
46.500, 0, Ego, -683.600, -355.986, 0.000, 3.892, 0.000, 0.000, 0.000, 0.000, 5.416
46.500, 1, NPC, -688.715, -360.750, 0.000, 3.892, 0.000, 0.000, 0.000, 0.000, 1.316
46.550, 0, Ego, -683.600, -355.986, 0.000, 3.892, 0.000, 0.000, 0.000, 0.000, 5.416
46.550, 1, NPC, -688.715, -360.750, 0.000, 3.892, 0.000, 0.000, 0.000, 0.000, 1.316
46.600, 0, Ego, -683.600, -355.986, 0.000, 3.892, 0.000, 0.000, 0.000, 0.000, 5.416
46.600, 1, NPC, -688.715, -360.750, 0.000, 3.892, 0.000, 0.000, 0.000, 0.000, 1.316
46.650, 0, Ego, -683.600, -355.986, 0.000, 3.892, 0.000, 0.000, 0.000, 0.000, 5.416
46.650, 1, NPC, -688.715, -360.750, 0.000, 3.892, 0.000, 0.000, 0.000, 0.000, 1.316
46.700, 0, Ego, -683.600, -355.986, 0.000, 3.892, 0.000, 0.000, 0.000, 0.000, 5.416
46.700, 1, NPC, -688.715, -360.750, 0.000, 3.892, 0.000, 0.000, 0.000, 0.000, 1.316
46.750, 0, Ego, -683.600, -355.986, 0.000, 3.892, 0.000, 0.000, 0.000, 0.000, 5.416
46.750, 1, NPC, -688.715, -360.750, 0.000, 3.892, 0.000, 0.000, 0.000, 0.000, 1.316
46.800, 0, Ego, -683.600, -355.986, 0.000, 3.892, 0.000, 0.000, 0.000, 0.000, 5.416
46.800, 1, NPC, -688.715, -360.750, 0.000, 3.892, 0.000, 0.000, 0.000, 0.000, 1.316
46.850, 0, Ego, -683.600, -355.986, 0.000, 3.892, 0.000, 0.000, 0.000, 0.000, 5.416
46.850, 1, NPC, -688.715, -360.750, 0.000, 3.892, 0.000, 0.000, 0.000, 0.000, 1.316
46.900, 0, Ego, -683.600, -355.986, 0.000, 3.892, 0.000, 0.000, 0.000, 0.000, 5.416
46.900, 1, NPC, -688.715, -360.750, 0.000, 3.892, 0.000, 0.000, 0.000, 0.000, 1.316
46.950, 0, Ego, -683.600, -355.986, 0.000, 3.892, 0.000, 0.000, 0.000, 0.000, 5.416
46.950, 1, NPC, -688.715, -360.750, 0.000, 3.892, 0.000, 0.000, 0.000, 0.000, 1.316
47.000, 0, Ego, -683.600, -355.986, 0.000, 3.892, 0.000, 0.000, 0.000, 0.000, 5.416
47.000, 1, NPC, -688.715, -360.750, 0.000, 3.892, 0.000, 0.000, 0.000, 0.000, 1.316
47.050, 0, Ego, -683.600, -355.986, 0.000, 3.892, 0.000, 0.000, 0.000, 0.000, 5.416
47.050, 1, NPC, -688.715, -360.750, 0.000, 3.892, 0.000, 0.000, 0.000, 0.000, 1.316
47.100, 0, Ego, -683.600, -355.986, 0.000, 3.892, 0.000, 0.000, 0.000, 0.000, 5.416
47.100, 1, NPC, -688.715, -360.750, 0.000, 3.892, 0.000, 0.000, 0.000, 0.000, 1.316
47.150, 0, Ego, -683.600, -355.986, 0.000, 3.892, 0.000, 0.000, 0.000, 0.000, 5.416
47.150, 1, NPC, -688.715, -360.750, 0.000, 3.892, 0.000, 0.000, 0.000, 0.000, 1.316
47.200, 0, Ego, -683.600, -355.986, 0.000, 3.892, 0.000, 0.000, 0.000, 0.000, 5.416
47.200, 1, NPC, -688.715, -360.750, 0.000, 3.892, 0.000, 0.000, 0.000, 0.000, 1.316
47.250, 0, Ego, -683.600, -355.986, 0.000, 3.892, 0.000, 0.000, 0.000, 0.000, 5.416
47.250, 1, NPC, -688.715, -360.750, 0.000, 3.892, 0.000, 0.000, 0.000, 0.000, 1.316
47.300, 0, Ego, -683.600, -355.986, 0.000, 3.892, 0.000, 0.000, 0.000, 0.000, 5.416
47.300, 1, NPC, -688.715, -360.750, 0.000, 3.892, 0.000, 0.000, 0.000, 0.000, 1.316
47.350, 0, Ego, -683.600, -355.986, 0.000, 3.892, 0.000, 0.000, 0.000, 0.000, 5.416
47.350, 1, NPC, -688.715, -360.750, 0.000, 3.892, 0.000, 0.000, 0.000, 0.000, 1.316
47.400, 0, Ego, -683.600, -355.986, 0.000, 3.892, 0.000, 0.000, 0.000, 0.000, 5.416
47.400, 1, NPC, -688.715, -360.750, 0.000, 3.892, 0.000, 0.000, 0.000, 0.000, 1.316
47.450, 0, Ego, -683.600, -355.986, 0.000, 3.892, 0.000, 0.000, 0.000, 0.000, 5.416
47.450, 1, NPC, -688.715, -360.750, 0.000, 3.892, 0.000, 0.000, 0.000, 0.000, 1.316
47.500, 0, Ego, -683.600, -355.986, 0.000, 3.892, 0.000, 0.000, 0.000, 0.000, 5.416
47.500, 1, NPC, -688.715, -360.750, 0.000, 3.892, 0.000, 0.000, 0.000, 0.000, 1.316
47.550, 0, Ego, -683.600, -355.986, 0.000, 3.892, 0.000, 0.000, 0.000, 0.000, 5.416
47.550, 1, NPC, -688.715, -360.750, 0.000, 3.892, 0.000, 0.000, 0.000, 0.000, 1.316
47.600, 0, Ego, -683.600, -355.986, 0.000, 3.892, 0.000, 0.000, 0.000, 0.000, 5.416
47.600, 1, NPC, -688.715, -360.750, 0.000, 3.892, 0.000, 0.000, 0.000, 0.000, 1.316
47.650, 0, Ego, -683.600, -355.986, 0.000, 3.892, 0.000, 0.000, 0.000, 0.000, 5.416
47.650, 1, NPC, -688.715, -360.750, 0.000, 3.892, 0.000, 0.000, 0.000, 0.000, 1.316
47.700, 0, Ego, -683.600, -355.986, 0.000, 3.892, 0.000, 0.000, 0.000, 0.000, 5.416
47.700, 1, NPC, -688.715, -360.750, 0.000, 3.892, 0.000, 0.000, 0.000, 0.000, 1.316
47.750, 0, Ego, -683.600, -355.986, 0.000, 3.892, 0.000, 0.000, 0.000, 0.000, 5.416
47.750, 1, NPC, -688.715, -360.750, 0.000, 3.892, 0.000, 0.000, 0.000, 0.000, 1.316
47.800, 0, Ego, -683.600, -355.986, 0.000, 3.892, 0.000, 0.000, 0.000, 0.000, 5.416
47.800, 1, NPC, -688.715, -360.750, 0.000, 3.892, 0.000, 0.000, 0.000, 0.000, 1.316
47.850, 0, Ego, -683.600, -355.986, 0.000, 3.892, 0.000, 0.000, 0.000, 0.000, 5.416
47.850, 1, NPC, -688.715, -360.750, 0.000, 3.892, 0.000, 0.000, 0.000, 0.000, 1.316
47.900, 0, Ego, -683.600, -355.986, 0.000, 3.892, 0.000, 0.000, 0.000, 0.000, 5.416
47.900, 1, NPC, -688.715, -360.750, 0.000, 3.892, 0.000, 0.000, 0.000, 0.000, 1.316
47.950, 0, Ego, -683.600, -355.986, 0.000, 3.892, 0.000, 0.000, 0.000, 0.000, 5.416
47.950, 1, NPC, -688.715, -360.750, 0.000, 3.892, 0.000, 0.000, 0.000, 0.000, 1.316
48.000, 0, Ego, -683.600, -355.986, 0.000, 3.892, 0.000, 0.000, 0.000, 0.000, 5.416
48.000, 1, NPC, -688.715, -360.750, 0.000, 3.892, 0.000, 0.000, 0.000, 0.000, 1.316
48.050, 0, Ego, -683.600, -355.986, 0.000, 3.892, 0.000, 0.000, 0.000, 0.000, 5.416
48.050, 1, NPC, -688.715, -360.750, 0.000, 3.892, 0.000, 0.000, 0.000, 0.000, 1.316
48.100, 0, Ego, -683.600, -355.986, 0.000, 3.892, 0.000, 0.000, 0.000, 0.000, 5.416
48.100, 1, NPC, -688.715, -360.750, 0.000, 3.892, 0.000, 0.000, 0.000, 0.000, 1.316
48.150, 0, Ego, -683.600, -355.986, 0.000, 3.892, 0.000, 0.000, 0.000, 0.000, 5.416
48.150, 1, NPC, -688.715, -360.750, 0.000, 3.892, 0.000, 0.000, 0.000, 0.000, 1.316
48.200, 0, Ego, -683.600, -355.986, 0.000, 3.892, 0.000, 0.000, 0.000, 0.000, 5.416
48.200, 1, NPC, -688.715, -360.750, 0.000, 3.892, 0.000, 0.000, 0.000, 0.000, 1.316
48.250, 0, Ego, -683.600, -355.986, 0.000, 3.892, 0.000, 0.000, 0.000, 0.000, 5.416
48.250, 1, NPC, -688.715, -360.750, 0.000, 3.892, 0.000, 0.000, 0.000, 0.000, 1.316
48.300, 0, Ego, -683.600, -355.986, 0.000, 3.892, 0.000, 0.000, 0.000, 0.000, 5.416
48.300, 1, NPC, -688.715, -360.750, 0.000, 3.892, 0.000, 0.000, 0.000, 0.000, 1.316
48.350, 0, Ego, -683.600, -355.986, 0.000, 3.892, 0.000, 0.000, 0.000, 0.000, 5.416
48.350, 1, NPC, -688.715, -360.750, 0.000, 3.892, 0.000, 0.000, 0.000, 0.000, 1.316
48.400, 0, Ego, -683.600, -355.986, 0.000, 3.892, 0.000, 0.000, 0.000, 0.000, 5.416
48.400, 1, NPC, -688.715, -360.750, 0.000, 3.892, 0.000, 0.000, 0.000, 0.000, 1.316
48.450, 0, Ego, -683.600, -355.986, 0.000, 3.892, 0.000, 0.000, 0.000, 0.000, 5.416
48.450, 1, NPC, -688.715, -360.750, 0.000, 3.892, 0.000, 0.000, 0.000, 0.000, 1.316
48.500, 0, Ego, -683.600, -355.986, 0.000, 3.892, 0.000, 0.000, 0.000, 0.000, 5.416
48.500, 1, NPC, -688.715, -360.750, 0.000, 3.892, 0.000, 0.000, 0.000, 0.000, 1.316
48.550, 0, Ego, -683.600, -355.986, 0.000, 3.892, 0.000, 0.000, 0.000, 0.000, 5.416
48.550, 1, NPC, -688.715, -360.750, 0.000, 3.892, 0.000, 0.000, 0.000, 0.000, 1.316
48.600, 0, Ego, -683.600, -355.986, 0.000, 3.892, 0.000, 0.000, 0.000, 0.000, 5.416
48.600, 1, NPC, -688.715, -360.750, 0.000, 3.892, 0.000, 0.000, 0.000, 0.000, 1.316
48.650, 0, Ego, -683.600, -355.986, 0.000, 3.892, 0.000, 0.000, 0.000, 0.000, 5.416
48.650, 1, NPC, -688.715, -360.750, 0.000, 3.892, 0.000, 0.000, 0.000, 0.000, 1.316
48.700, 0, Ego, -683.600, -355.986, 0.000, 3.892, 0.000, 0.000, 0.000, 0.000, 5.416
48.700, 1, NPC, -688.715, -360.750, 0.000, 3.892, 0.000, 0.000, 0.000, 0.000, 1.316
48.750, 0, Ego, -683.600, -355.986, 0.000, 3.892, 0.000, 0.000, 0.000, 0.000, 5.416
48.750, 1, NPC, -688.715, -360.750, 0.000, 3.892, 0.000, 0.000, 0.000, 0.000, 1.316
48.800, 0, Ego, -683.600, -355.986, 0.000, 3.892, 0.000, 0.000, 0.000, 0.000, 5.416
48.800, 1, NPC, -688.715, -360.750, 0.000, 3.892, 0.000, 0.000, 0.000, 0.000, 1.316
48.850, 0, Ego, -683.600, -355.986, 0.000, 3.892, 0.000, 0.000, 0.000, 0.000, 5.416
48.850, 1, NPC, -688.715, -360.750, 0.000, 3.892, 0.000, 0.000, 0.000, 0.000, 1.316
48.900, 0, Ego, -683.600, -355.986, 0.000, 3.892, 0.000, 0.000, 0.000, 0.000, 5.416
48.900, 1, NPC, -688.715, -360.750, 0.000, 3.892, 0.000, 0.000, 0.000, 0.000, 1.316
48.950, 0, Ego, -683.600, -355.986, 0.000, 3.892, 0.000, 0.000, 0.000, 0.000, 5.416
48.950, 1, NPC, -688.715, -360.750, 0.000, 3.892, 0.000, 0.000, 0.000, 0.000, 1.316
49.000, 0, Ego, -683.600, -355.986, 0.000, 3.892, 0.000, 0.000, 0.000, 0.000, 5.416
49.000, 1, NPC, -688.715, -360.750, 0.000, 3.892, 0.000, 0.000, 0.000, 0.000, 1.316
49.050, 0, Ego, -683.600, -355.986, 0.000, 3.892, 0.000, 0.000, 0.000, 0.000, 5.416
49.050, 1, NPC, -688.715, -360.750, 0.000, 3.892, 0.000, 0.000, 0.000, 0.000, 1.316
49.100, 0, Ego, -683.600, -355.986, 0.000, 3.892, 0.000, 0.000, 0.000, 0.000, 5.416
49.100, 1, NPC, -688.715, -360.750, 0.000, 3.892, 0.000, 0.000, 0.000, 0.000, 1.316
49.150, 0, Ego, -683.600, -355.986, 0.000, 3.892, 0.000, 0.000, 0.000, 0.000, 5.416
49.150, 1, NPC, -688.715, -360.750, 0.000, 3.892, 0.000, 0.000, 0.000, 0.000, 1.316
49.200, 0, Ego, -683.600, -355.986, 0.000, 3.892, 0.000, 0.000, 0.000, 0.000, 5.416
49.200, 1, NPC, -688.715, -360.750, 0.000, 3.892, 0.000, 0.000, 0.000, 0.000, 1.316
49.250, 0, Ego, -683.600, -355.986, 0.000, 3.892, 0.000, 0.000, 0.000, 0.000, 5.416
49.250, 1, NPC, -688.715, -360.750, 0.000, 3.892, 0.000, 0.000, 0.000, 0.000, 1.316
49.300, 0, Ego, -683.600, -355.986, 0.000, 3.892, 0.000, 0.000, 0.000, 0.000, 5.416
49.300, 1, NPC, -688.715, -360.750, 0.000, 3.892, 0.000, 0.000, 0.000, 0.000, 1.316
49.350, 0, Ego, -683.600, -355.986, 0.000, 3.892, 0.000, 0.000, 0.000, 0.000, 5.416
49.350, 1, NPC, -688.715, -360.750, 0.000, 3.892, 0.000, 0.000, 0.000, 0.000, 1.316
49.400, 0, Ego, -683.600, -355.986, 0.000, 3.892, 0.000, 0.000, 0.000, 0.000, 5.416
49.400, 1, NPC, -688.715, -360.750, 0.000, 3.892, 0.000, 0.000, 0.000, 0.000, 1.316
49.450, 0, Ego, -683.600, -355.986, 0.000, 3.892, 0.000, 0.000, 0.000, 0.000, 5.416
49.450, 1, NPC, -688.715, -360.750, 0.000, 3.892, 0.000, 0.000, 0.000, 0.000, 1.316
49.500, 0, Ego, -683.600, -355.986, 0.000, 3.892, 0.000, 0.000, 0.000, 0.000, 5.416
49.500, 1, NPC, -688.715, -360.750, 0.000, 3.892, 0.000, 0.000, 0.000, 0.000, 1.316
49.550, 0, Ego, -683.600, -355.986, 0.000, 3.892, 0.000, 0.000, 0.000, 0.000, 5.416
49.550, 1, NPC, -688.715, -360.750, 0.000, 3.892, 0.000, 0.000, 0.000, 0.000, 1.316
49.600, 0, Ego, -683.600, -355.986, 0.000, 3.892, 0.000, 0.000, 0.000, 0.000, 5.416
49.600, 1, NPC, -688.715, -360.750, 0.000, 3.892, 0.000, 0.000, 0.000, 0.000, 1.316
49.650, 0, Ego, -683.600, -355.986, 0.000, 3.892, 0.000, 0.000, 0.000, 0.000, 5.416
49.650, 1, NPC, -688.715, -360.750, 0.000, 3.892, 0.000, 0.000, 0.000, 0.000, 1.316
49.700, 0, Ego, -683.600, -355.986, 0.000, 3.892, 0.000, 0.000, 0.000, 0.000, 5.416
49.700, 1, NPC, -688.715, -360.750, 0.000, 3.892, 0.000, 0.000, 0.000, 0.000, 1.316
49.750, 0, Ego, -683.600, -355.986, 0.000, 3.892, 0.000, 0.000, 0.000, 0.000, 5.416
49.750, 1, NPC, -688.715, -360.750, 0.000, 3.892, 0.000, 0.000, 0.000, 0.000, 1.316
49.800, 0, Ego, -683.600, -355.986, 0.000, 3.892, 0.000, 0.000, 0.000, 0.000, 5.416
49.800, 1, NPC, -688.715, -360.750, 0.000, 3.892, 0.000, 0.000, 0.000, 0.000, 1.316
49.850, 0, Ego, -683.600, -355.986, 0.000, 3.892, 0.000, 0.000, 0.000, 0.000, 5.416
49.850, 1, NPC, -688.715, -360.750, 0.000, 3.892, 0.000, 0.000, 0.000, 0.000, 1.316
49.900, 0, Ego, -683.600, -355.986, 0.000, 3.892, 0.000, 0.000, 0.000, 0.000, 5.416
49.900, 1, NPC, -688.715, -360.750, 0.000, 3.892, 0.000, 0.000, 0.000, 0.000, 1.316
49.950, 0, Ego, -683.600, -355.986, 0.000, 3.892, 0.000, 0.000, 0.000, 0.000, 5.416
49.950, 1, NPC, -688.715, -360.750, 0.000, 3.892, 0.000, 0.000, 0.000, 0.000, 1.316
50.000, 0, Ego, -683.600, -355.986, 0.000, 3.892, 0.000, 0.000, 0.000, 0.000, 5.416
50.000, 1, NPC, -688.715, -360.750, 0.000, 3.892, 0.000, 0.000, 0.000, 0.000, 1.316
50.050, 0, Ego, -683.600, -355.986, 0.000, 3.892, 0.000, 0.000, 0.000, 0.000, 5.416
50.050, 1, NPC, -688.715, -360.750, 0.000, 3.892, 0.000, 0.000, 0.000, 0.000, 1.316
50.100, 0, Ego, -683.600, -355.986, 0.000, 3.892, 0.000, 0.000, 0.000, 0.000, 5.416
50.100, 1, NPC, -688.715, -360.750, 0.000, 3.892, 0.000, 0.000, 0.000, 0.000, 1.316
50.150, 0, Ego, -683.600, -355.986, 0.000, 3.892, 0.000, 0.000, 0.000, 0.000, 5.416
50.150, 1, NPC, -688.715, -360.750, 0.000, 3.892, 0.000, 0.000, 0.000, 0.000, 1.316
50.200, 0, Ego, -683.600, -355.986, 0.000, 3.892, 0.000, 0.000, 0.000, 0.000, 5.416
50.200, 1, NPC, -688.715, -360.750, 0.000, 3.892, 0.000, 0.000, 0.000, 0.000, 1.316
50.250, 0, Ego, -683.600, -355.986, 0.000, 3.892, 0.000, 0.000, 0.000, 0.000, 5.416
50.250, 1, NPC, -688.715, -360.750, 0.000, 3.892, 0.000, 0.000, 0.000, 0.000, 1.316
50.300, 0, Ego, -683.600, -355.986, 0.000, 3.892, 0.000, 0.000, 0.000, 0.000, 5.416
50.300, 1, NPC, -688.715, -360.750, 0.000, 3.892, 0.000, 0.000, 0.000, 0.000, 1.316
50.350, 0, Ego, -683.600, -355.986, 0.000, 3.892, 0.000, 0.000, 0.000, 0.000, 5.416
50.350, 1, NPC, -688.715, -360.750, 0.000, 3.892, 0.000, 0.000, 0.000, 0.000, 1.316
50.400, 0, Ego, -683.600, -355.986, 0.000, 3.892, 0.000, 0.000, 0.000, 0.000, 5.416
50.400, 1, NPC, -688.715, -360.750, 0.000, 3.892, 0.000, 0.000, 0.000, 0.000, 1.316
50.450, 0, Ego, -683.600, -355.986, 0.000, 3.892, 0.000, 0.000, 0.000, 0.000, 5.416
50.450, 1, NPC, -688.715, -360.750, 0.000, 3.892, 0.000, 0.000, 0.000, 0.000, 1.316
50.500, 0, Ego, -683.600, -355.986, 0.000, 3.892, 0.000, 0.000, 0.000, 0.000, 5.416
50.500, 1, NPC, -688.715, -360.750, 0.000, 3.892, 0.000, 0.000, 0.000, 0.000, 1.316
50.550, 0, Ego, -683.600, -355.986, 0.000, 3.892, 0.000, 0.000, 0.000, 0.000, 5.416
50.550, 1, NPC, -688.715, -360.750, 0.000, 3.892, 0.000, 0.000, 0.000, 0.000, 1.316
50.600, 0, Ego, -683.600, -355.986, 0.000, 3.892, 0.000, 0.000, 0.000, 0.000, 5.416
50.600, 1, NPC, -688.715, -360.750, 0.000, 3.892, 0.000, 0.000, 0.000, 0.000, 1.316
50.650, 0, Ego, -683.600, -355.986, 0.000, 3.892, 0.000, 0.000, 0.000, 0.000, 5.416
50.650, 1, NPC, -688.715, -360.750, 0.000, 3.892, 0.000, 0.000, 0.000, 0.000, 1.316
50.700, 0, Ego, -683.600, -355.986, 0.000, 3.892, 0.000, 0.000, 0.000, 0.000, 5.416
50.700, 1, NPC, -688.715, -360.750, 0.000, 3.892, 0.000, 0.000, 0.000, 0.000, 1.316
50.750, 0, Ego, -683.600, -355.986, 0.000, 3.892, 0.000, 0.000, 0.000, 0.000, 5.416
50.750, 1, NPC, -688.715, -360.750, 0.000, 3.892, 0.000, 0.000, 0.000, 0.000, 1.316
50.800, 0, Ego, -683.600, -355.986, 0.000, 3.892, 0.000, 0.000, 0.000, 0.000, 5.416
50.800, 1, NPC, -688.715, -360.750, 0.000, 3.892, 0.000, 0.000, 0.000, 0.000, 1.316
50.850, 0, Ego, -683.600, -355.986, 0.000, 3.892, 0.000, 0.000, 0.000, 0.000, 5.416
50.850, 1, NPC, -688.715, -360.750, 0.000, 3.892, 0.000, 0.000, 0.000, 0.000, 1.316
50.900, 0, Ego, -683.600, -355.986, 0.000, 3.892, 0.000, 0.000, 0.000, 0.000, 5.416
50.900, 1, NPC, -688.715, -360.750, 0.000, 3.892, 0.000, 0.000, 0.000, 0.000, 1.316
50.950, 0, Ego, -683.600, -355.986, 0.000, 3.892, 0.000, 0.000, 0.000, 0.000, 5.416
50.950, 1, NPC, -688.715, -360.750, 0.000, 3.892, 0.000, 0.000, 0.000, 0.000, 1.316
51.000, 0, Ego, -683.600, -355.986, 0.000, 3.892, 0.000, 0.000, 0.000, 0.000, 5.416
51.000, 1, NPC, -688.715, -360.750, 0.000, 3.892, 0.000, 0.000, 0.000, 0.000, 1.316
51.050, 0, Ego, -683.600, -355.986, 0.000, 3.892, 0.000, 0.000, 0.000, 0.000, 5.416
51.050, 1, NPC, -688.715, -360.750, 0.000, 3.892, 0.000, 0.000, 0.000, 0.000, 1.316
51.100, 0, Ego, -683.600, -355.986, 0.000, 3.892, 0.000, 0.000, 0.000, 0.000, 5.416
51.100, 1, NPC, -688.715, -360.750, 0.000, 3.892, 0.000, 0.000, 0.000, 0.000, 1.316
51.150, 0, Ego, -683.600, -355.986, 0.000, 3.892, 0.000, 0.000, 0.000, 0.000, 5.416
51.150, 1, NPC, -688.715, -360.750, 0.000, 3.892, 0.000, 0.000, 0.000, 0.000, 1.316
51.200, 0, Ego, -683.600, -355.986, 0.000, 3.892, 0.000, 0.000, 0.000, 0.000, 5.416
51.200, 1, NPC, -688.715, -360.750, 0.000, 3.892, 0.000, 0.000, 0.000, 0.000, 1.316
51.250, 0, Ego, -683.600, -355.986, 0.000, 3.892, 0.000, 0.000, 0.000, 0.000, 5.416
51.250, 1, NPC, -688.715, -360.750, 0.000, 3.892, 0.000, 0.000, 0.000, 0.000, 1.316
51.300, 0, Ego, -683.600, -355.986, 0.000, 3.892, 0.000, 0.000, 0.000, 0.000, 5.416
51.300, 1, NPC, -688.715, -360.750, 0.000, 3.892, 0.000, 0.000, 0.000, 0.000, 1.316
51.350, 0, Ego, -683.600, -355.986, 0.000, 3.892, 0.000, 0.000, 0.000, 0.000, 5.416
51.350, 1, NPC, -688.715, -360.750, 0.000, 3.892, 0.000, 0.000, 0.000, 0.000, 1.316
51.400, 0, Ego, -683.600, -355.986, 0.000, 3.892, 0.000, 0.000, 0.000, 0.000, 5.416
51.400, 1, NPC, -688.715, -360.750, 0.000, 3.892, 0.000, 0.000, 0.000, 0.000, 1.316
51.450, 0, Ego, -683.600, -355.986, 0.000, 3.892, 0.000, 0.000, 0.000, 0.000, 5.416
51.450, 1, NPC, -688.715, -360.750, 0.000, 3.892, 0.000, 0.000, 0.000, 0.000, 1.316
51.500, 0, Ego, -683.600, -355.986, 0.000, 3.892, 0.000, 0.000, 0.000, 0.000, 5.416
51.500, 1, NPC, -688.715, -360.750, 0.000, 3.892, 0.000, 0.000, 0.000, 0.000, 1.316
51.550, 0, Ego, -683.600, -355.986, 0.000, 3.892, 0.000, 0.000, 0.000, 0.000, 5.416
51.550, 1, NPC, -688.715, -360.750, 0.000, 3.892, 0.000, 0.000, 0.000, 0.000, 1.316
51.600, 0, Ego, -683.600, -355.986, 0.000, 3.892, 0.000, 0.000, 0.000, 0.000, 5.416
51.600, 1, NPC, -688.715, -360.750, 0.000, 3.892, 0.000, 0.000, 0.000, 0.000, 1.316
51.650, 0, Ego, -683.600, -355.986, 0.000, 3.892, 0.000, 0.000, 0.000, 0.000, 5.416
51.650, 1, NPC, -688.715, -360.750, 0.000, 3.892, 0.000, 0.000, 0.000, 0.000, 1.316
51.700, 0, Ego, -683.600, -355.986, 0.000, 3.892, 0.000, 0.000, 0.000, 0.000, 5.416
51.700, 1, NPC, -688.715, -360.750, 0.000, 3.892, 0.000, 0.000, 0.000, 0.000, 1.316
51.750, 0, Ego, -683.600, -355.986, 0.000, 3.892, 0.000, 0.000, 0.000, 0.000, 5.416
51.750, 1, NPC, -688.715, -360.750, 0.000, 3.892, 0.000, 0.000, 0.000, 0.000, 1.316
51.800, 0, Ego, -683.600, -355.986, 0.000, 3.892, 0.000, 0.000, 0.000, 0.000, 5.416
51.800, 1, NPC, -688.715, -360.750, 0.000, 3.892, 0.000, 0.000, 0.000, 0.000, 1.316
51.850, 0, Ego, -683.600, -355.986, 0.000, 3.892, 0.000, 0.000, 0.000, 0.000, 5.416
51.850, 1, NPC, -688.715, -360.750, 0.000, 3.892, 0.000, 0.000, 0.000, 0.000, 1.316
51.900, 0, Ego, -683.600, -355.986, 0.000, 3.892, 0.000, 0.000, 0.000, 0.000, 5.416
51.900, 1, NPC, -688.715, -360.750, 0.000, 3.892, 0.000, 0.000, 0.000, 0.000, 1.316
51.950, 0, Ego, -683.600, -355.986, 0.000, 3.892, 0.000, 0.000, 0.000, 0.000, 5.416
51.950, 1, NPC, -688.715, -360.750, 0.000, 3.892, 0.000, 0.000, 0.000, 0.000, 1.316
52.000, 0, Ego, -683.600, -355.986, 0.000, 3.892, 0.000, 0.000, 0.000, 0.000, 5.416
52.000, 1, NPC, -688.715, -360.750, 0.000, 3.892, 0.000, 0.000, 0.000, 0.000, 1.316
52.050, 0, Ego, -683.600, -355.986, 0.000, 3.892, 0.000, 0.000, 0.000, 0.000, 5.416
52.050, 1, NPC, -688.715, -360.750, 0.000, 3.892, 0.000, 0.000, 0.000, 0.000, 1.316
52.100, 0, Ego, -683.600, -355.986, 0.000, 3.892, 0.000, 0.000, 0.000, 0.000, 5.416
52.100, 1, NPC, -688.715, -360.750, 0.000, 3.892, 0.000, 0.000, 0.000, 0.000, 1.316
52.150, 0, Ego, -683.600, -355.986, 0.000, 3.892, 0.000, 0.000, 0.000, 0.000, 5.416
52.150, 1, NPC, -688.715, -360.750, 0.000, 3.892, 0.000, 0.000, 0.000, 0.000, 1.316
52.200, 0, Ego, -683.600, -355.986, 0.000, 3.892, 0.000, 0.000, 0.000, 0.000, 5.416
52.200, 1, NPC, -688.715, -360.750, 0.000, 3.892, 0.000, 0.000, 0.000, 0.000, 1.316
52.250, 0, Ego, -683.600, -355.986, 0.000, 3.892, 0.000, 0.000, 0.000, 0.000, 5.416
52.250, 1, NPC, -688.715, -360.750, 0.000, 3.892, 0.000, 0.000, 0.000, 0.000, 1.316
52.300, 0, Ego, -683.600, -355.986, 0.000, 3.892, 0.000, 0.000, 0.000, 0.000, 5.416
52.300, 1, NPC, -688.715, -360.750, 0.000, 3.892, 0.000, 0.000, 0.000, 0.000, 1.316
52.350, 0, Ego, -683.600, -355.986, 0.000, 3.892, 0.000, 0.000, 0.000, 0.000, 5.416
52.350, 1, NPC, -688.715, -360.750, 0.000, 3.892, 0.000, 0.000, 0.000, 0.000, 1.316
52.400, 0, Ego, -683.600, -355.986, 0.000, 3.892, 0.000, 0.000, 0.000, 0.000, 5.416
52.400, 1, NPC, -688.715, -360.750, 0.000, 3.892, 0.000, 0.000, 0.000, 0.000, 1.316
52.450, 0, Ego, -683.600, -355.986, 0.000, 3.892, 0.000, 0.000, 0.000, 0.000, 5.416
52.450, 1, NPC, -688.715, -360.750, 0.000, 3.892, 0.000, 0.000, 0.000, 0.000, 1.316
52.500, 0, Ego, -683.600, -355.986, 0.000, 3.892, 0.000, 0.000, 0.000, 0.000, 5.416
52.500, 1, NPC, -688.715, -360.750, 0.000, 3.892, 0.000, 0.000, 0.000, 0.000, 1.316
52.550, 0, Ego, -683.600, -355.986, 0.000, 3.892, 0.000, 0.000, 0.000, 0.000, 5.416
52.550, 1, NPC, -688.715, -360.750, 0.000, 3.892, 0.000, 0.000, 0.000, 0.000, 1.316
52.600, 0, Ego, -683.600, -355.986, 0.000, 3.892, 0.000, 0.000, 0.000, 0.000, 5.416
52.600, 1, NPC, -688.715, -360.750, 0.000, 3.892, 0.000, 0.000, 0.000, 0.000, 1.316
52.650, 0, Ego, -683.600, -355.986, 0.000, 3.892, 0.000, 0.000, 0.000, 0.000, 5.416
52.650, 1, NPC, -688.715, -360.750, 0.000, 3.892, 0.000, 0.000, 0.000, 0.000, 1.316
52.700, 0, Ego, -683.600, -355.986, 0.000, 3.892, 0.000, 0.000, 0.000, 0.000, 5.416
52.700, 1, NPC, -688.715, -360.750, 0.000, 3.892, 0.000, 0.000, 0.000, 0.000, 1.316
52.750, 0, Ego, -683.600, -355.986, 0.000, 3.892, 0.000, 0.000, 0.000, 0.000, 5.416
52.750, 1, NPC, -688.715, -360.750, 0.000, 3.892, 0.000, 0.000, 0.000, 0.000, 1.316
52.800, 0, Ego, -683.600, -355.986, 0.000, 3.892, 0.000, 0.000, 0.000, 0.000, 5.416
52.800, 1, NPC, -688.715, -360.750, 0.000, 3.892, 0.000, 0.000, 0.000, 0.000, 1.316
52.850, 0, Ego, -683.600, -355.986, 0.000, 3.892, 0.000, 0.000, 0.000, 0.000, 5.416
52.850, 1, NPC, -688.715, -360.750, 0.000, 3.892, 0.000, 0.000, 0.000, 0.000, 1.316
52.900, 0, Ego, -683.600, -355.986, 0.000, 3.892, 0.000, 0.000, 0.000, 0.000, 5.416
52.900, 1, NPC, -688.715, -360.750, 0.000, 3.892, 0.000, 0.000, 0.000, 0.000, 1.316
52.950, 0, Ego, -683.600, -355.986, 0.000, 3.892, 0.000, 0.000, 0.000, 0.000, 5.416
52.950, 1, NPC, -688.715, -360.750, 0.000, 3.892, 0.000, 0.000, 0.000, 0.000, 1.316
53.000, 0, Ego, -683.600, -355.986, 0.000, 3.892, 0.000, 0.000, 0.000, 0.000, 5.416
53.000, 1, NPC, -688.715, -360.750, 0.000, 3.892, 0.000, 0.000, 0.000, 0.000, 1.316
53.050, 0, Ego, -683.600, -355.986, 0.000, 3.892, 0.000, 0.000, 0.000, 0.000, 5.416
53.050, 1, NPC, -688.715, -360.750, 0.000, 3.892, 0.000, 0.000, 0.000, 0.000, 1.316
53.100, 0, Ego, -683.600, -355.986, 0.000, 3.892, 0.000, 0.000, 0.000, 0.000, 5.416
53.100, 1, NPC, -688.715, -360.750, 0.000, 3.892, 0.000, 0.000, 0.000, 0.000, 1.316
53.150, 0, Ego, -683.600, -355.986, 0.000, 3.892, 0.000, 0.000, 0.000, 0.000, 5.416
53.150, 1, NPC, -688.715, -360.750, 0.000, 3.892, 0.000, 0.000, 0.000, 0.000, 1.316
53.200, 0, Ego, -683.600, -355.986, 0.000, 3.892, 0.000, 0.000, 0.000, 0.000, 5.416
53.200, 1, NPC, -688.715, -360.750, 0.000, 3.892, 0.000, 0.000, 0.000, 0.000, 1.316
53.250, 0, Ego, -683.600, -355.986, 0.000, 3.892, 0.000, 0.000, 0.000, 0.000, 5.416
53.250, 1, NPC, -688.715, -360.750, 0.000, 3.892, 0.000, 0.000, 0.000, 0.000, 1.316
53.300, 0, Ego, -683.600, -355.986, 0.000, 3.892, 0.000, 0.000, 0.000, 0.000, 5.416
53.300, 1, NPC, -688.715, -360.750, 0.000, 3.892, 0.000, 0.000, 0.000, 0.000, 1.316
53.350, 0, Ego, -683.600, -355.986, 0.000, 3.892, 0.000, 0.000, 0.000, 0.000, 5.416
53.350, 1, NPC, -688.715, -360.750, 0.000, 3.892, 0.000, 0.000, 0.000, 0.000, 1.316
53.400, 0, Ego, -683.600, -355.986, 0.000, 3.892, 0.000, 0.000, 0.000, 0.000, 5.416
53.400, 1, NPC, -688.715, -360.750, 0.000, 3.892, 0.000, 0.000, 0.000, 0.000, 1.316
53.450, 0, Ego, -683.600, -355.986, 0.000, 3.892, 0.000, 0.000, 0.000, 0.000, 5.416
53.450, 1, NPC, -688.715, -360.750, 0.000, 3.892, 0.000, 0.000, 0.000, 0.000, 1.316
53.500, 0, Ego, -683.600, -355.986, 0.000, 3.892, 0.000, 0.000, 0.000, 0.000, 5.416
53.500, 1, NPC, -688.715, -360.750, 0.000, 3.892, 0.000, 0.000, 0.000, 0.000, 1.316
53.550, 0, Ego, -683.600, -355.986, 0.000, 3.892, 0.000, 0.000, 0.000, 0.000, 5.416
53.550, 1, NPC, -688.715, -360.750, 0.000, 3.892, 0.000, 0.000, 0.000, 0.000, 1.316
53.600, 0, Ego, -683.600, -355.986, 0.000, 3.892, 0.000, 0.000, 0.000, 0.000, 5.416
53.600, 1, NPC, -688.715, -360.750, 0.000, 3.892, 0.000, 0.000, 0.000, 0.000, 1.316
53.650, 0, Ego, -683.600, -355.986, 0.000, 3.892, 0.000, 0.000, 0.000, 0.000, 5.416
53.650, 1, NPC, -688.715, -360.750, 0.000, 3.892, 0.000, 0.000, 0.000, 0.000, 1.316
53.700, 0, Ego, -683.600, -355.986, 0.000, 3.892, 0.000, 0.000, 0.000, 0.000, 5.416
53.700, 1, NPC, -688.715, -360.750, 0.000, 3.892, 0.000, 0.000, 0.000, 0.000, 1.316
53.750, 0, Ego, -683.600, -355.986, 0.000, 3.892, 0.000, 0.000, 0.000, 0.000, 5.416
53.750, 1, NPC, -688.715, -360.750, 0.000, 3.892, 0.000, 0.000, 0.000, 0.000, 1.316
53.800, 0, Ego, -683.600, -355.986, 0.000, 3.892, 0.000, 0.000, 0.000, 0.000, 5.416
53.800, 1, NPC, -688.715, -360.750, 0.000, 3.892, 0.000, 0.000, 0.000, 0.000, 1.316
53.850, 0, Ego, -683.600, -355.986, 0.000, 3.892, 0.000, 0.000, 0.000, 0.000, 5.416
53.850, 1, NPC, -688.715, -360.750, 0.000, 3.892, 0.000, 0.000, 0.000, 0.000, 1.316
53.900, 0, Ego, -683.600, -355.986, 0.000, 3.892, 0.000, 0.000, 0.000, 0.000, 5.416
53.900, 1, NPC, -688.715, -360.750, 0.000, 3.892, 0.000, 0.000, 0.000, 0.000, 1.316
53.950, 0, Ego, -683.600, -355.986, 0.000, 3.892, 0.000, 0.000, 0.000, 0.000, 5.416
53.950, 1, NPC, -688.715, -360.750, 0.000, 3.892, 0.000, 0.000, 0.000, 0.000, 1.316
54.000, 0, Ego, -683.600, -355.986, 0.000, 3.892, 0.000, 0.000, 0.000, 0.000, 5.416
54.000, 1, NPC, -688.715, -360.750, 0.000, 3.892, 0.000, 0.000, 0.000, 0.000, 1.316
54.050, 0, Ego, -683.600, -355.986, 0.000, 3.892, 0.000, 0.000, 0.000, 0.000, 5.416
54.050, 1, NPC, -688.715, -360.750, 0.000, 3.892, 0.000, 0.000, 0.000, 0.000, 1.316
54.100, 0, Ego, -683.600, -355.986, 0.000, 3.892, 0.000, 0.000, 0.000, 0.000, 5.416
54.100, 1, NPC, -688.715, -360.750, 0.000, 3.892, 0.000, 0.000, 0.000, 0.000, 1.316
54.150, 0, Ego, -683.600, -355.986, 0.000, 3.892, 0.000, 0.000, 0.000, 0.000, 5.416
54.150, 1, NPC, -688.715, -360.750, 0.000, 3.892, 0.000, 0.000, 0.000, 0.000, 1.316
54.200, 0, Ego, -683.600, -355.986, 0.000, 3.892, 0.000, 0.000, 0.000, 0.000, 5.416
54.200, 1, NPC, -688.715, -360.750, 0.000, 3.892, 0.000, 0.000, 0.000, 0.000, 1.316
54.250, 0, Ego, -683.600, -355.986, 0.000, 3.892, 0.000, 0.000, 0.000, 0.000, 5.416
54.250, 1, NPC, -688.715, -360.750, 0.000, 3.892, 0.000, 0.000, 0.000, 0.000, 1.316
54.300, 0, Ego, -683.600, -355.986, 0.000, 3.892, 0.000, 0.000, 0.000, 0.000, 5.416
54.300, 1, NPC, -688.715, -360.750, 0.000, 3.892, 0.000, 0.000, 0.000, 0.000, 1.316
54.350, 0, Ego, -683.600, -355.986, 0.000, 3.892, 0.000, 0.000, 0.000, 0.000, 5.416
54.350, 1, NPC, -688.715, -360.750, 0.000, 3.892, 0.000, 0.000, 0.000, 0.000, 1.316
54.400, 0, Ego, -683.600, -355.986, 0.000, 3.892, 0.000, 0.000, 0.000, 0.000, 5.416
54.400, 1, NPC, -688.715, -360.750, 0.000, 3.892, 0.000, 0.000, 0.000, 0.000, 1.316
54.450, 0, Ego, -683.600, -355.986, 0.000, 3.892, 0.000, 0.000, 0.000, 0.000, 5.416
54.450, 1, NPC, -688.715, -360.750, 0.000, 3.892, 0.000, 0.000, 0.000, 0.000, 1.316
54.500, 0, Ego, -683.600, -355.986, 0.000, 3.892, 0.000, 0.000, 0.000, 0.000, 5.416
54.500, 1, NPC, -688.715, -360.750, 0.000, 3.892, 0.000, 0.000, 0.000, 0.000, 1.316
54.550, 0, Ego, -683.600, -355.986, 0.000, 3.892, 0.000, 0.000, 0.000, 0.000, 5.416
54.550, 1, NPC, -688.715, -360.750, 0.000, 3.892, 0.000, 0.000, 0.000, 0.000, 1.316
54.600, 0, Ego, -683.600, -355.986, 0.000, 3.892, 0.000, 0.000, 0.000, 0.000, 5.416
54.600, 1, NPC, -688.715, -360.750, 0.000, 3.892, 0.000, 0.000, 0.000, 0.000, 1.316
54.650, 0, Ego, -683.600, -355.986, 0.000, 3.892, 0.000, 0.000, 0.000, 0.000, 5.416
54.650, 1, NPC, -688.715, -360.750, 0.000, 3.892, 0.000, 0.000, 0.000, 0.000, 1.316
54.700, 0, Ego, -683.600, -355.986, 0.000, 3.892, 0.000, 0.000, 0.000, 0.000, 5.416
54.700, 1, NPC, -688.715, -360.750, 0.000, 3.892, 0.000, 0.000, 0.000, 0.000, 1.316
54.750, 0, Ego, -683.600, -355.986, 0.000, 3.892, 0.000, 0.000, 0.000, 0.000, 5.416
54.750, 1, NPC, -688.715, -360.750, 0.000, 3.892, 0.000, 0.000, 0.000, 0.000, 1.316
54.800, 0, Ego, -683.600, -355.986, 0.000, 3.892, 0.000, 0.000, 0.000, 0.000, 5.416
54.800, 1, NPC, -688.715, -360.750, 0.000, 3.892, 0.000, 0.000, 0.000, 0.000, 1.316
54.850, 0, Ego, -683.600, -355.986, 0.000, 3.892, 0.000, 0.000, 0.000, 0.000, 5.416
54.850, 1, NPC, -688.715, -360.750, 0.000, 3.892, 0.000, 0.000, 0.000, 0.000, 1.316
54.900, 0, Ego, -683.600, -355.986, 0.000, 3.892, 0.000, 0.000, 0.000, 0.000, 5.416
54.900, 1, NPC, -688.715, -360.750, 0.000, 3.892, 0.000, 0.000, 0.000, 0.000, 1.316
54.950, 0, Ego, -683.600, -355.986, 0.000, 3.892, 0.000, 0.000, 0.000, 0.000, 5.416
54.950, 1, NPC, -688.715, -360.750, 0.000, 3.892, 0.000, 0.000, 0.000, 0.000, 1.316
55.000, 0, Ego, -683.600, -355.986, 0.000, 3.892, 0.000, 0.000, 0.000, 0.000, 5.416
55.000, 1, NPC, -688.715, -360.750, 0.000, 3.892, 0.000, 0.000, 0.000, 0.000, 1.316
55.050, 0, Ego, -683.600, -355.986, 0.000, 3.892, 0.000, 0.000, 0.000, 0.000, 5.416
55.050, 1, NPC, -688.715, -360.750, 0.000, 3.892, 0.000, 0.000, 0.000, 0.000, 1.316
55.100, 0, Ego, -683.600, -355.986, 0.000, 3.892, 0.000, 0.000, 0.000, 0.000, 5.416
55.100, 1, NPC, -688.715, -360.750, 0.000, 3.892, 0.000, 0.000, 0.000, 0.000, 1.316
55.150, 0, Ego, -683.600, -355.986, 0.000, 3.892, 0.000, 0.000, 0.000, 0.000, 5.416
55.150, 1, NPC, -688.715, -360.750, 0.000, 3.892, 0.000, 0.000, 0.000, 0.000, 1.316
55.200, 0, Ego, -683.600, -355.986, 0.000, 3.892, 0.000, 0.000, 0.000, 0.000, 5.416
55.200, 1, NPC, -688.715, -360.750, 0.000, 3.892, 0.000, 0.000, 0.000, 0.000, 1.316
55.250, 0, Ego, -683.600, -355.986, 0.000, 3.892, 0.000, 0.000, 0.000, 0.000, 5.416
55.250, 1, NPC, -688.715, -360.750, 0.000, 3.892, 0.000, 0.000, 0.000, 0.000, 1.316
55.300, 0, Ego, -683.600, -355.986, 0.000, 3.892, 0.000, 0.000, 0.000, 0.000, 5.416
55.300, 1, NPC, -688.715, -360.750, 0.000, 3.892, 0.000, 0.000, 0.000, 0.000, 1.316
55.350, 0, Ego, -683.600, -355.986, 0.000, 3.892, 0.000, 0.000, 0.000, 0.000, 5.416
55.350, 1, NPC, -688.715, -360.750, 0.000, 3.892, 0.000, 0.000, 0.000, 0.000, 1.316
55.400, 0, Ego, -683.600, -355.986, 0.000, 3.892, 0.000, 0.000, 0.000, 0.000, 5.416
55.400, 1, NPC, -688.715, -360.750, 0.000, 3.892, 0.000, 0.000, 0.000, 0.000, 1.316
55.450, 0, Ego, -683.600, -355.986, 0.000, 3.892, 0.000, 0.000, 0.000, 0.000, 5.416
55.450, 1, NPC, -688.715, -360.750, 0.000, 3.892, 0.000, 0.000, 0.000, 0.000, 1.316
55.500, 0, Ego, -683.600, -355.986, 0.000, 3.892, 0.000, 0.000, 0.000, 0.000, 5.416
55.500, 1, NPC, -688.715, -360.750, 0.000, 3.892, 0.000, 0.000, 0.000, 0.000, 1.316
55.550, 0, Ego, -683.600, -355.986, 0.000, 3.892, 0.000, 0.000, 0.000, 0.000, 5.416
55.550, 1, NPC, -688.715, -360.750, 0.000, 3.892, 0.000, 0.000, 0.000, 0.000, 1.316
55.600, 0, Ego, -683.600, -355.986, 0.000, 3.892, 0.000, 0.000, 0.000, 0.000, 5.416
55.600, 1, NPC, -688.715, -360.750, 0.000, 3.892, 0.000, 0.000, 0.000, 0.000, 1.316
55.650, 0, Ego, -683.600, -355.986, 0.000, 3.892, 0.000, 0.000, 0.000, 0.000, 5.416
55.650, 1, NPC, -688.715, -360.750, 0.000, 3.892, 0.000, 0.000, 0.000, 0.000, 1.316
55.700, 0, Ego, -683.600, -355.986, 0.000, 3.892, 0.000, 0.000, 0.000, 0.000, 5.416
55.700, 1, NPC, -688.715, -360.750, 0.000, 3.892, 0.000, 0.000, 0.000, 0.000, 1.316
55.750, 0, Ego, -683.600, -355.986, 0.000, 3.892, 0.000, 0.000, 0.000, 0.000, 5.416
55.750, 1, NPC, -688.715, -360.750, 0.000, 3.892, 0.000, 0.000, 0.000, 0.000, 1.316
55.800, 0, Ego, -683.600, -355.986, 0.000, 3.892, 0.000, 0.000, 0.000, 0.000, 5.416
55.800, 1, NPC, -688.715, -360.750, 0.000, 3.892, 0.000, 0.000, 0.000, 0.000, 1.316
55.850, 0, Ego, -683.600, -355.986, 0.000, 3.892, 0.000, 0.000, 0.000, 0.000, 5.416
55.850, 1, NPC, -688.715, -360.750, 0.000, 3.892, 0.000, 0.000, 0.000, 0.000, 1.316
55.900, 0, Ego, -683.600, -355.986, 0.000, 3.892, 0.000, 0.000, 0.000, 0.000, 5.416
55.900, 1, NPC, -688.715, -360.750, 0.000, 3.892, 0.000, 0.000, 0.000, 0.000, 1.316
55.950, 0, Ego, -683.600, -355.986, 0.000, 3.892, 0.000, 0.000, 0.000, 0.000, 5.416
55.950, 1, NPC, -688.715, -360.750, 0.000, 3.892, 0.000, 0.000, 0.000, 0.000, 1.316
56.000, 0, Ego, -683.600, -355.986, 0.000, 3.892, 0.000, 0.000, 0.000, 0.000, 5.416
56.000, 1, NPC, -688.715, -360.750, 0.000, 3.892, 0.000, 0.000, 0.000, 0.000, 1.316
56.050, 0, Ego, -683.600, -355.986, 0.000, 3.892, 0.000, 0.000, 0.000, 0.000, 5.416
56.050, 1, NPC, -688.715, -360.750, 0.000, 3.892, 0.000, 0.000, 0.000, 0.000, 1.316
