time, id, name, x, y, z, h, p, r, speed, wheel_angle, wheel_rot
0.000, 0, Ego, -394.190, -86.372, 0.000, 3.892, 0.000, 0.000, 33.333, 0.000, 0.000
0.000, 1, Obstacle, -558.820, -239.741, 0.000, 3.892, 0.000, 0.000, 0.000, 0.000, 0.000
0.050, 0, Ego, -395.410, -87.508, 0.000, 3.892, 0.000, 0.000, 33.333, 0.000, 4.762
0.050, 1, Obstacle, -558.820, -239.741, 0.000, 3.892, 0.000, 0.000, 0.000, 0.000, 0.000
0.100, 0, Ego, -396.629, -88.644, 0.000, 3.892, 0.000, 0.000, 33.333, 0.000, 3.241
0.100, 1, Obstacle, -558.820, -239.741, 0.000, 3.892, 0.000, 0.000, 0.000, 0.000, 0.000
0.150, 0, Ego, -397.849, -89.780, 0.000, 3.892, 0.000, 0.000, 33.333, 0.000, 1.719
0.150, 1, Obstacle, -558.820, -239.741, 0.000, 3.892, 0.000, 0.000, 0.000, 0.000, 0.000
0.200, 0, Ego, -399.068, -90.916, 0.000, 3.892, 0.000, 0.000, 33.333, 0.000, 0.198
0.200, 1, Obstacle, -558.820, -239.741, 0.000, 3.892, 0.000, 0.000, 0.000, 0.000, 0.000
0.250, 0, Ego, -400.288, -92.053, 0.000, 3.892, 0.000, 0.000, 33.333, 0.000, 4.960
0.250, 1, Obstacle, -558.820, -239.741, 0.000, 3.892, 0.000, 0.000, 0.000, 0.000, 0.000
0.300, 0, Ego, -401.507, -93.189, 0.000, 3.892, 0.000, 0.000, 33.333, 0.000, 3.438
0.300, 1, Obstacle, -558.820, -239.741, 0.000, 3.892, 0.000, 0.000, 0.000, 0.000, 0.000
0.350, 0, Ego, -402.727, -94.325, 0.000, 3.892, 0.000, 0.000, 33.333, 0.000, 1.917
0.350, 1, Obstacle, -558.820, -239.741, 0.000, 3.892, 0.000, 0.000, 0.000, 0.000, 0.000
0.400, 0, Ego, -403.946, -95.461, 0.000, 3.892, 0.000, 0.000, 33.333, 0.000, 0.396
0.400, 1, Obstacle, -558.820, -239.741, 0.000, 3.892, 0.000, 0.000, 0.000, 0.000, 0.000
0.450, 0, Ego, -405.165, -96.597, 0.000, 3.892, 0.000, 0.000, 33.333, 0.000, 5.158
0.450, 1, Obstacle, -558.820, -239.741, 0.000, 3.892, 0.000, 0.000, 0.000, 0.000, 0.000
0.500, 0, Ego, -406.385, -97.733, 0.000, 3.892, 0.000, 0.000, 33.333, 0.000, 3.636
0.500, 1, Obstacle, -558.820, -239.741, 0.000, 3.892, 0.000, 0.000, 0.000, 0.000, 0.000
0.550, 0, Ego, -407.604, -98.869, 0.000, 3.892, 0.000, 0.000, 33.333, 0.000, 2.115
0.550, 1, Obstacle, -558.820, -239.741, 0.000, 3.892, 0.000, 0.000, 0.000, 0.000, 0.000
0.600, 0, Ego, -408.824, -100.005, 0.000, 3.892, 0.000, 0.000, 33.333, 0.000, 0.594
0.600, 1, Obstacle, -558.820, -239.741, 0.000, 3.892, 0.000, 0.000, 0.000, 0.000, 0.000
0.650, 0, Ego, -410.043, -101.141, 0.000, 3.892, 0.000, 0.000, 33.333, 0.000, 5.355
0.650, 1, Obstacle, -558.820, -239.741, 0.000, 3.892, 0.000, 0.000, 0.000, 0.000, 0.000
0.700, 0, Ego, -411.263, -102.277, 0.000, 3.892, 0.000, 0.000, 33.333, 0.000, 3.834
0.700, 1, Obstacle, -558.820, -239.741, 0.000, 3.892, 0.000, 0.000, 0.000, 0.000, 0.000
0.750, 0, Ego, -412.482, -103.413, 0.000, 3.892, 0.000, 0.000, 33.333, 0.000, 2.313
0.750, 1, Obstacle, -558.820, -239.741, 0.000, 3.892, 0.000, 0.000, 0.000, 0.000, 0.000
0.800, 0, Ego, -413.702, -104.549, 0.000, 3.892, 0.000, 0.000, 33.333, 0.000, 0.791
0.800, 1, Obstacle, -558.820, -239.741, 0.000, 3.892, 0.000, 0.000, 0.000, 0.000, 0.000
0.850, 0, Ego, -414.921, -105.685, 0.000, 3.892, 0.000, 0.000, 33.333, 0.000, 5.553
0.850, 1, Obstacle, -558.820, -239.741, 0.000, 3.892, 0.000, 0.000, 0.000, 0.000, 0.000
0.900, 0, Ego, -416.141, -106.821, 0.000, 3.892, 0.000, 0.000, 33.333, 0.000, 4.032
0.900, 1, Obstacle, -558.820, -239.741, 0.000, 3.892, 0.000, 0.000, 0.000, 0.000, 0.000
0.950, 0, Ego, -417.360, -107.957, 0.000, 3.892, 0.000, 0.000, 33.333, 0.000, 2.511
0.950, 1, Obstacle, -558.820, -239.741, 0.000, 3.892, 0.000, 0.000, 0.000, 0.000, 0.000
1.000, 0, Ego, -418.580, -109.093, 0.000, 3.892, 0.000, 0.000, 33.333, 0.000, 0.989
1.000, 1, Obstacle, -558.820, -239.741, 0.000, 3.892, 0.000, 0.000, 0.000, 0.000, 0.000
1.050, 0, Ego, -419.799, -110.229, 0.000, 3.892, 0.000, 0.000, 33.333, 0.000, 5.751
1.050, 1, Obstacle, -558.820, -239.741, 0.000, 3.892, 0.000, 0.000, 0.000, 0.000, 0.000
1.100, 0, Ego, -421.019, -111.365, 0.000, 3.892, 0.000, 0.000, 33.333, 0.000, 4.230
1.100, 1, Obstacle, -558.820, -239.741, 0.000, 3.892, 0.000, 0.000, 0.000, 0.000, 0.000
1.150, 0, Ego, -422.238, -112.501, 0.000, 3.892, 0.000, 0.000, 33.333, 0.000, 2.709
1.150, 1, Obstacle, -558.820, -239.741, 0.000, 3.892, 0.000, 0.000, 0.000, 0.000, 0.000
1.200, 0, Ego, -423.458, -113.638, 0.000, 3.892, 0.000, 0.000, 33.333, 0.000, 1.187
1.200, 1, Obstacle, -558.820, -239.741, 0.000, 3.892, 0.000, 0.000, 0.000, 0.000, 0.000
1.250, 0, Ego, -424.677, -114.774, 0.000, 3.892, 0.000, 0.000, 33.333, 0.000, 5.949
1.250, 1, Obstacle, -558.820, -239.741, 0.000, 3.892, 0.000, 0.000, 0.000, 0.000, 0.000
1.300, 0, Ego, -425.896, -115.910, 0.000, 3.892, 0.000, 0.000, 33.333, 0.000, 4.428
1.300, 1, Obstacle, -558.820, -239.741, 0.000, 3.892, 0.000, 0.000, 0.000, 0.000, 0.000
1.350, 0, Ego, -427.116, -117.046, 0.000, 3.892, 0.000, 0.000, 33.333, 0.000, 2.906
1.350, 1, Obstacle, -558.820, -239.741, 0.000, 3.892, 0.000, 0.000, 0.000, 0.000, 0.000
1.400, 0, Ego, -428.335, -118.182, 0.000, 3.892, 0.000, 0.000, 33.333, 0.000, 1.385
1.400, 1, Obstacle, -558.820, -239.741, 0.000, 3.892, 0.000, 0.000, 0.000, 0.000, 0.000
1.450, 0, Ego, -429.555, -119.318, 0.000, 3.892, 0.000, 0.000, 33.333, 0.000, 6.147
1.450, 1, Obstacle, -558.820, -239.741, 0.000, 3.892, 0.000, 0.000, 0.000, 0.000, 0.000
1.500, 0, Ego, -430.774, -120.454, 0.000, 3.892, 0.000, 0.000, 33.333, 0.000, 4.626
1.500, 1, Obstacle, -558.820, -239.741, 0.000, 3.892, 0.000, 0.000, 0.000, 0.000, 0.000
1.550, 0, Ego, -431.994, -121.590, 0.000, 3.892, 0.000, 0.000, 33.333, 0.000, 3.104
1.550, 1, Obstacle, -558.820, -239.741, 0.000, 3.892, 0.000, 0.000, 0.000, 0.000, 0.000
1.600, 0, Ego, -433.213, -122.726, 0.000, 3.892, 0.000, 0.000, 33.333, 0.000, 1.583
1.600, 1, Obstacle, -558.820, -239.741, 0.000, 3.892, 0.000, 0.000, 0.000, 0.000, 0.000
1.650, 0, Ego, -434.433, -123.862, 0.000, 3.892, 0.000, 0.000, 33.333, 0.000, 0.062
1.650, 1, Obstacle, -558.820, -239.741, 0.000, 3.892, 0.000, 0.000, 0.000, 0.000, 0.000
1.700, 0, Ego, -435.652, -124.998, 0.000, 3.892, 0.000, 0.000, 33.333, 0.000, 4.824
1.700, 1, Obstacle, -558.820, -239.741, 0.000, 3.892, 0.000, 0.000, 0.000, 0.000, 0.000
1.750, 0, Ego, -436.872, -126.134, 0.000, 3.892, 0.000, 0.000, 33.333, 0.000, 3.302
1.750, 1, Obstacle, -558.820, -239.741, 0.000, 3.892, 0.000, 0.000, 0.000, 0.000, 0.000
1.800, 0, Ego, -438.091, -127.270, 0.000, 3.892, 0.000, 0.000, 33.333, 0.000, 1.781
1.800, 1, Obstacle, -558.820, -239.741, 0.000, 3.892, 0.000, 0.000, 0.000, 0.000, 0.000
1.850, 0, Ego, -439.311, -128.406, 0.000, 3.892, 0.000, 0.000, 33.333, 0.000, 0.260
1.850, 1, Obstacle, -558.820, -239.741, 0.000, 3.892, 0.000, 0.000, 0.000, 0.000, 0.000
1.900, 0, Ego, -440.530, -129.542, 0.000, 3.892, 0.000, 0.000, 33.333, 0.000, 5.021
1.900, 1, Obstacle, -558.820, -239.741, 0.000, 3.892, 0.000, 0.000, 0.000, 0.000, 0.000
1.950, 0, Ego, -441.750, -130.678, 0.000, 3.892, 0.000, 0.000, 33.333, 0.000, 3.500
1.950, 1, Obstacle, -558.820, -239.741, 0.000, 3.892, 0.000, 0.000, 0.000, 0.000, 0.000
2.000, 0, Ego, -442.969, -131.814, 0.000, 3.892, 0.000, 0.000, 33.333, 0.000, 1.979
2.000, 1, Obstacle, -558.820, -239.741, 0.000, 3.892, 0.000, 0.000, 0.000, 0.000, 0.000
2.050, 0, Ego, -444.189, -132.950, 0.000, 3.892, 0.000, 0.000, 33.333, 0.000, 0.457
2.050, 1, Obstacle, -558.820, -239.741, 0.000, 3.892, 0.000, 0.000, 0.000, 0.000, 0.000
2.100, 0, Ego, -445.408, -134.086, 0.000, 3.892, 0.000, 0.000, 33.333, 0.000, 5.219
2.100, 1, Obstacle, -558.820, -239.741, 0.000, 3.892, 0.000, 0.000, 0.000, 0.000, 0.000
2.150, 0, Ego, -446.627, -135.223, 0.000, 3.892, 0.000, 0.000, 33.333, 0.000, 3.698
2.150, 1, Obstacle, -558.820, -239.741, 0.000, 3.892, 0.000, 0.000, 0.000, 0.000, 0.000
2.200, 0, Ego, -447.847, -136.359, 0.000, 3.892, 0.000, 0.000, 33.333, 0.000, 2.177
2.200, 1, Obstacle, -558.820, -239.741, 0.000, 3.892, 0.000, 0.000, 0.000, 0.000, 0.000
2.250, 0, Ego, -449.066, -137.495, 0.000, 3.892, 0.000, 0.000, 33.333, 0.000, 0.655
2.250, 1, Obstacle, -558.820, -239.741, 0.000, 3.892, 0.000, 0.000, 0.000, 0.000, 0.000
2.300, 0, Ego, -450.286, -138.631, 0.000, 3.892, 0.000, 0.000, 33.333, 0.000, 5.417
2.300, 1, Obstacle, -558.820, -239.741, 0.000, 3.892, 0.000, 0.000, 0.000, 0.000, 0.000
2.350, 0, Ego, -451.505, -139.767, 0.000, 3.892, 0.000, 0.000, 33.333, 0.000, 3.896
2.350, 1, Obstacle, -558.820, -239.741, 0.000, 3.892, 0.000, 0.000, 0.000, 0.000, 0.000
2.400, 0, Ego, -452.725, -140.903, 0.000, 3.892, 0.000, 0.000, 33.333, 0.000, 2.374
2.400, 1, Obstacle, -558.820, -239.741, 0.000, 3.892, 0.000, 0.000, 0.000, 0.000, 0.000
2.450, 0, Ego, -453.944, -142.039, 0.000, 3.892, 0.000, 0.000, 33.333, 0.000, 0.853
2.450, 1, Obstacle, -558.820, -239.741, 0.000, 3.892, 0.000, 0.000, 0.000, 0.000, 0.000
2.500, 0, Ego, -455.164, -143.175, 0.000, 3.892, 0.000, 0.000, 33.333, 0.000, 5.615
2.500, 1, Obstacle, -558.820, -239.741, 0.000, 3.892, 0.000, 0.000, 0.000, 0.000, 0.000
2.550, 0, Ego, -456.383, -144.311, 0.000, 3.892, 0.000, 0.000, 33.333, 0.000, 4.094
2.550, 1, Obstacle, -558.820, -239.741, 0.000, 3.892, 0.000, 0.000, 0.000, 0.000, 0.000
2.600, 0, Ego, -457.603, -145.447, 0.000, 3.892, 0.000, 0.000, 33.333, 0.000, 2.572
2.600, 1, Obstacle, -558.820, -239.741, 0.000, 3.892, 0.000, 0.000, 0.000, 0.000, 0.000
2.650, 0, Ego, -458.822, -146.583, 0.000, 3.892, 0.000, 0.000, 33.333, 0.000, 1.051
2.650, 1, Obstacle, -558.820, -239.741, 0.000, 3.892, 0.000, 0.000, 0.000, 0.000, 0.000
2.700, 0, Ego, -460.042, -147.719, 0.000, 3.892, 0.000, 0.000, 33.333, 0.000, 5.813
2.700, 1, Obstacle, -558.820, -239.741, 0.000, 3.892, 0.000, 0.000, 0.000, 0.000, 0.000
2.750, 0, Ego, -461.261, -148.855, 0.000, 3.892, 0.000, 0.000, 33.333, 0.000, 4.292
2.750, 1, Obstacle, -558.820, -239.741, 0.000, 3.892, 0.000, 0.000, 0.000, 0.000, 0.000
2.800, 0, Ego, -462.481, -149.991, 0.000, 3.892, 0.000, 0.000, 33.333, 0.000, 2.770
2.800, 1, Obstacle, -558.820, -239.741, 0.000, 3.892, 0.000, 0.000, 0.000, 0.000, 0.000
2.850, 0, Ego, -463.700, -151.127, 0.000, 3.892, 0.000, 0.000, 33.333, 0.000, 1.249
2.850, 1, Obstacle, -558.820, -239.741, 0.000, 3.892, 0.000, 0.000, 0.000, 0.000, 0.000
2.900, 0, Ego, -464.919, -152.263, 0.000, 3.892, 0.000, 0.000, 33.333, 0.000, 6.011
2.900, 1, Obstacle, -558.820, -239.741, 0.000, 3.892, 0.000, 0.000, 0.000, 0.000, 0.000
2.950, 0, Ego, -466.139, -153.399, 0.000, 3.892, 0.000, 0.000, 33.333, 0.000, 4.489
2.950, 1, Obstacle, -558.820, -239.741, 0.000, 3.892, 0.000, 0.000, 0.000, 0.000, 0.000
3.000, 0, Ego, -467.358, -154.535, 0.000, 3.892, 0.000, 0.000, 33.333, 0.000, 2.968
3.000, 1, Obstacle, -558.820, -239.741, 0.000, 3.892, 0.000, 0.000, 0.000, 0.000, 0.000
3.050, 0, Ego, -468.578, -155.671, 0.000, 3.892, 0.000, 0.000, 33.333, 0.000, 1.447
3.050, 1, Obstacle, -558.820, -239.741, 0.000, 3.892, 0.000, 0.000, 0.000, 0.000, 0.000
3.100, 0, Ego, -469.797, -156.808, 0.000, 3.892, 0.000, 0.000, 33.333, 0.000, 6.209
3.100, 1, Obstacle, -558.820, -239.741, 0.000, 3.892, 0.000, 0.000, 0.000, 0.000, 0.000
3.150, 0, Ego, -471.017, -157.944, 0.000, 3.892, 0.000, 0.000, 33.333, 0.000, 4.687
3.150, 1, Obstacle, -558.820, -239.741, 0.000, 3.892, 0.000, 0.000, 0.000, 0.000, 0.000
3.200, 0, Ego, -472.236, -159.080, 0.000, 3.892, 0.000, 0.000, 33.333, 0.000, 3.166
3.200, 1, Obstacle, -558.820, -239.741, 0.000, 3.892, 0.000, 0.000, 0.000, 0.000, 0.000
3.250, 0, Ego, -473.456, -160.216, 0.000, 3.892, 0.000, 0.000, 33.333, 0.000, 1.645
3.250, 1, Obstacle, -558.820, -239.741, 0.000, 3.892, 0.000, 0.000, 0.000, 0.000, 0.000
3.300, 0, Ego, -474.675, -161.352, 0.000, 3.892, 0.000, 0.000, 33.333, 0.000, 0.123
3.300, 1, Obstacle, -558.820, -239.741, 0.000, 3.892, 0.000, 0.000, 0.000, 0.000, 0.000
3.350, 0, Ego, -475.895, -162.488, 0.000, 3.892, 0.000, 0.000, 33.333, 0.000, 4.885
3.350, 1, Obstacle, -558.820, -239.741, 0.000, 3.892, 0.000, 0.000, 0.000, 0.000, 0.000
3.400, 0, Ego, -477.114, -163.624, 0.000, 3.892, 0.000, 0.000, 33.333, 0.000, 3.364
3.400, 1, Obstacle, -558.820, -239.741, 0.000, 3.892, 0.000, 0.000, 0.000, 0.000, 0.000
3.450, 0, Ego, -478.334, -164.760, 0.000, 3.892, 0.000, 0.000, 33.333, 0.000, 1.843
3.450, 1, Obstacle, -558.820, -239.741, 0.000, 3.892, 0.000, 0.000, 0.000, 0.000, 0.000
3.500, 0, Ego, -479.553, -165.896, 0.000, 3.892, 0.000, 0.000, 33.333, 0.000, 0.321
3.500, 1, Obstacle, -558.820, -239.741, 0.000, 3.892, 0.000, 0.000, 0.000, 0.000, 0.000
3.550, 0, Ego, -480.773, -167.032, 0.000, 3.892, 0.000, 0.000, 33.333, 0.000, 5.083
3.550, 1, Obstacle, -558.820, -239.741, 0.000, 3.892, 0.000, 0.000, 0.000, 0.000, 0.000
3.600, 0, Ego, -481.992, -168.168, 0.000, 3.892, 0.000, 0.000, 33.333, 0.000, 3.562
3.600, 1, Obstacle, -558.820, -239.741, 0.000, 3.892, 0.000, 0.000, 0.000, 0.000, 0.000
3.650, 0, Ego, -483.212, -169.304, 0.000, 3.892, 0.000, 0.000, 33.333, 0.000, 2.040
3.650, 1, Obstacle, -558.820, -239.741, 0.000, 3.892, 0.000, 0.000, 0.000, 0.000, 0.000
3.700, 0, Ego, -484.431, -170.440, 0.000, 3.892, 0.000, 0.000, 33.333, 0.000, 0.519
3.700, 1, Obstacle, -558.820, -239.741, 0.000, 3.892, 0.000, 0.000, 0.000, 0.000, 0.000
3.750, 0, Ego, -485.650, -171.576, 0.000, 3.892, 0.000, 0.000, 33.333, 0.000, 5.281
3.750, 1, Obstacle, -558.820, -239.741, 0.000, 3.892, 0.000, 0.000, 0.000, 0.000, 0.000
3.800, 0, Ego, -486.870, -172.712, 0.000, 3.892, 0.000, 0.000, 33.333, 0.000, 3.760
3.800, 1, Obstacle, -558.820, -239.741, 0.000, 3.892, 0.000, 0.000, 0.000, 0.000, 0.000
3.850, 0, Ego, -488.089, -173.848, 0.000, 3.892, 0.000, 0.000, 33.333, 0.000, 2.238
3.850, 1, Obstacle, -558.820, -239.741, 0.000, 3.892, 0.000, 0.000, 0.000, 0.000, 0.000
3.900, 0, Ego, -489.309, -174.984, 0.000, 3.892, 0.000, 0.000, 33.333, 0.000, 0.717
3.900, 1, Obstacle, -558.820, -239.741, 0.000, 3.892, 0.000, 0.000, 0.000, 0.000, 0.000
3.950, 0, Ego, -490.528, -176.120, 0.000, 3.892, 0.000, 0.000, 33.333, 0.000, 5.479
3.950, 1, Obstacle, -558.820, -239.741, 0.000, 3.892, 0.000, 0.000, 0.000, 0.000, 0.000
4.000, 0, Ego, -491.748, -177.257, 0.000, 3.892, 0.000, 0.000, 33.333, 0.000, 3.957
4.000, 1, Obstacle, -558.820, -239.741, 0.000, 3.892, 0.000, 0.000, 0.000, 0.000, 0.000
4.050, 0, Ego, -492.967, -178.393, 0.000, 3.892, 0.000, 0.000, 33.333, 0.000, 2.436
4.050, 1, Obstacle, -558.820, -239.741, 0.000, 3.892, 0.000, 0.000, 0.000, 0.000, 0.000
4.100, 0, Ego, -494.187, -179.529, 0.000, 3.892, 0.000, 0.000, 33.333, 0.000, 0.915
4.100, 1, Obstacle, -558.820, -239.741, 0.000, 3.892, 0.000, 0.000, 0.000, 0.000, 0.000
4.150, 0, Ego, -495.406, -180.665, 0.000, 3.892, 0.000, 0.000, 33.333, 0.000, 5.677
4.150, 1, Obstacle, -558.820, -239.741, 0.000, 3.892, 0.000, 0.000, 0.000, 0.000, 0.000
4.200, 0, Ego, -496.626, -181.801, 0.000, 3.892, 0.000, 0.000, 33.333, 0.000, 4.155
4.200, 1, Obstacle, -558.820, -239.741, 0.000, 3.892, 0.000, 0.000, 0.000, 0.000, 0.000
4.250, 0, Ego, -497.845, -182.937, 0.000, 3.892, 0.000, 0.000, 33.333, 0.000, 2.634
4.250, 1, Obstacle, -558.820, -239.741, 0.000, 3.892, 0.000, 0.000, 0.000, 0.000, 0.000
4.300, 0, Ego, -499.065, -184.073, 0.000, 3.892, 0.000, 0.000, 33.333, 0.000, 1.113
4.300, 1, Obstacle, -558.820, -239.741, 0.000, 3.892, 0.000, 0.000, 0.000, 0.000, 0.000
4.350, 0, Ego, -500.284, -185.209, 0.000, 3.892, 0.000, 0.000, 33.333, 0.000, 5.875
4.350, 1, Obstacle, -558.820, -239.741, 0.000, 3.892, 0.000, 0.000, 0.000, 0.000, 0.000
4.400, 0, Ego, -501.504, -186.345, 0.000, 3.892, 0.000, 0.000, 33.333, 0.000, 4.353
4.400, 1, Obstacle, -558.820, -239.741, 0.000, 3.892, 0.000, 0.000, 0.000, 0.000, 0.000
4.450, 0, Ego, -502.723, -187.481, 0.000, 3.892, 0.000, 0.000, 33.333, 0.000, 2.832
4.450, 1, Obstacle, -558.820, -239.741, 0.000, 3.892, 0.000, 0.000, 0.000, 0.000, 0.000
4.500, 0, Ego, -503.943, -188.617, 0.000, 3.892, 0.000, 0.000, 33.333, 0.000, 1.311
4.500, 1, Obstacle, -558.820, -239.741, 0.000, 3.892, 0.000, 0.000, 0.000, 0.000, 0.000
4.550, 0, Ego, -505.162, -189.753, 0.000, 3.892, 0.000, 0.000, 33.333, 0.000, 6.072
4.550, 1, Obstacle, -558.820, -239.741, 0.000, 3.892, 0.000, 0.000, 0.000, 0.000, 0.000
4.600, 0, Ego, -506.381, -190.889, 0.000, 3.892, 0.000, 0.000, 33.333, 0.000, 4.551
4.600, 1, Obstacle, -558.820, -239.741, 0.000, 3.892, 0.000, 0.000, 0.000, 0.000, 0.000
4.650, 0, Ego, -507.601, -192.025, 0.000, 3.892, 0.000, 0.000, 33.333, 0.000, 3.030
4.650, 1, Obstacle, -558.820, -239.741, 0.000, 3.892, 0.000, 0.000, 0.000, 0.000, 0.000
4.700, 0, Ego, -508.820, -193.161, 0.000, 3.892, 0.000, 0.000, 33.333, 0.000, 1.508
4.700, 1, Obstacle, -558.820, -239.741, 0.000, 3.892, 0.000, 0.000, 0.000, 0.000, 0.000
4.750, 0, Ego, -510.040, -194.297, 0.000, 3.892, 0.000, 0.000, 33.333, 0.000, 6.270
4.750, 1, Obstacle, -558.820, -239.741, 0.000, 3.892, 0.000, 0.000, 0.000, 0.000, 0.000
4.800, 0, Ego, -511.259, -195.433, 0.000, 3.892, 0.000, 0.000, 33.333, 0.000, 4.749
4.800, 1, Obstacle, -558.820, -239.741, 0.000, 3.892, 0.000, 0.000, 0.000, 0.000, 0.000
4.850, 0, Ego, -512.479, -196.569, 0.000, 3.892, 0.000, 0.000, 33.333, 0.000, 3.228
4.850, 1, Obstacle, -558.820, -239.741, 0.000, 3.892, 0.000, 0.000, 0.000, 0.000, 0.000
4.900, 0, Ego, -513.698, -197.705, 0.000, 3.892, 0.000, 0.000, 33.333, 0.000, 1.706
4.900, 1, Obstacle, -558.820, -239.741, 0.000, 3.892, 0.000, 0.000, 0.000, 0.000, 0.000
4.950, 0, Ego, -514.918, -198.842, 0.000, 3.892, 0.000, 0.000, 33.333, 0.000, 0.185
4.950, 1, Obstacle, -558.820, -239.741, 0.000, 3.892, 0.000, 0.000, 0.000, 0.000, 0.000
5.000, 0, Ego, -516.137, -199.978, 0.000, 3.892, 0.000, 0.000, 33.333, 0.000, 4.947
5.000, 1, Obstacle, -558.820, -239.741, 0.000, 3.892, 0.000, 0.000, 0.000, 0.000, 0.000
5.050, 0, Ego, -517.357, -201.114, 0.000, 3.892, 0.000, 0.000, 33.333, 0.000, 3.425
5.050, 1, Obstacle, -558.820, -239.741, 0.000, 3.892, 0.000, 0.000, 0.000, 0.000, 0.000
5.100, 0, Ego, -518.576, -202.250, 0.000, 3.892, 0.000, 0.000, 33.333, 0.000, 1.904
5.100, 1, Obstacle, -558.820, -239.741, 0.000, 3.892, 0.000, 0.000, 0.000, 0.000, 0.000
5.150, 0, Ego, -519.796, -203.386, 0.000, 3.892, 0.000, 0.000, 33.333, 0.000, 0.383
5.150, 1, Obstacle, -558.820, -239.741, 0.000, 3.892, 0.000, 0.000, 0.000, 0.000, 0.000
5.200, 0, Ego, -521.015, -204.522, 0.000, 3.892, 0.000, 0.000, 33.333, 0.000, 5.145
5.200, 1, Obstacle, -558.820, -239.741, 0.000, 3.892, 0.000, 0.000, 0.000, 0.000, 0.000
5.250, 0, Ego, -522.235, -205.658, 0.000, 3.892, 0.000, 0.000, 33.333, 0.000, 3.623
5.250, 1, Obstacle, -558.820, -239.741, 0.000, 3.892, 0.000, 0.000, 0.000, 0.000, 0.000
5.300, 0, Ego, -523.454, -206.794, 0.000, 3.892, 0.000, 0.000, 33.333, 0.000, 2.102
5.300, 1, Obstacle, -558.820, -239.741, 0.000, 3.892, 0.000, 0.000, 0.000, 0.000, 0.000
5.350, 0, Ego, -524.673, -207.930, 0.000, 3.892, 0.000, 0.000, 33.333, 0.000, 0.581
5.350, 1, Obstacle, -558.820, -239.741, 0.000, 3.892, 0.000, 0.000, 0.000, 0.000, 0.000
5.400, 0, Ego, -525.893, -209.066, 0.000, 3.892, 0.000, 0.000, 33.333, 0.000, 5.343
5.400, 1, Obstacle, -558.820, -239.741, 0.000, 3.892, 0.000, 0.000, 0.000, 0.000, 0.000
5.450, 0, Ego, -527.101, -210.192, 0.000, 3.892, 0.000, 0.000, 33.033, 0.000, 3.778
5.450, 1, Obstacle, -558.820, -239.741, 0.000, 3.892, 0.000, 0.000, 0.000, 0.000, 0.000
5.500, 0, Ego, -528.299, -211.307, 0.000, 3.892, 0.000, 0.000, 32.733, 0.000, 2.171
5.500, 1, Obstacle, -558.820, -239.741, 0.000, 3.892, 0.000, 0.000, 0.000, 0.000, 0.000
5.550, 0, Ego, -529.485, -212.413, 0.000, 3.892, 0.000, 0.000, 32.433, 0.000, 0.521
5.550, 1, Obstacle, -558.820, -239.741, 0.000, 3.892, 0.000, 0.000, 0.000, 0.000, 0.000
5.600, 0, Ego, -530.661, -213.508, 0.000, 3.892, 0.000, 0.000, 32.133, 0.000, 5.112
5.600, 1, Obstacle, -558.820, -239.741, 0.000, 3.892, 0.000, 0.000, 0.000, 0.000, 0.000
5.650, 0, Ego, -531.826, -214.593, 0.000, 3.892, 0.000, 0.000, 31.833, 0.000, 3.376
5.650, 1, Obstacle, -558.820, -239.741, 0.000, 3.892, 0.000, 0.000, 0.000, 0.000, 0.000
5.700, 0, Ego, -532.979, -215.668, 0.000, 3.892, 0.000, 0.000, 31.533, 0.000, 1.598
5.700, 1, Obstacle, -558.820, -239.741, 0.000, 3.892, 0.000, 0.000, 0.000, 0.000, 0.000
5.750, 0, Ego, -534.122, -216.732, 0.000, 3.892, 0.000, 0.000, 31.233, 0.000, 6.060
5.750, 1, Obstacle, -558.820, -239.741, 0.000, 3.892, 0.000, 0.000, 0.000, 0.000, 0.000
5.800, 0, Ego, -535.254, -217.786, 0.000, 3.892, 0.000, 0.000, 30.933, 0.000, 4.195
5.800, 1, Obstacle, -558.820, -239.741, 0.000, 3.892, 0.000, 0.000, 0.000, 0.000, 0.000
5.850, 0, Ego, -536.374, -218.830, 0.000, 3.892, 0.000, 0.000, 30.633, 0.000, 2.288
5.850, 1, Obstacle, -558.820, -239.741, 0.000, 3.892, 0.000, 0.000, 0.000, 0.000, 0.000
5.900, 0, Ego, -537.484, -219.864, 0.000, 3.892, 0.000, 0.000, 30.333, 0.000, 0.339
5.900, 1, Obstacle, -558.820, -239.741, 0.000, 3.892, 0.000, 0.000, 0.000, 0.000, 0.000
5.950, 0, Ego, -538.583, -220.888, 0.000, 3.892, 0.000, 0.000, 30.033, 0.000, 4.629
5.950, 1, Obstacle, -558.820, -239.741, 0.000, 3.892, 0.000, 0.000, 0.000, 0.000, 0.000
6.000, 0, Ego, -539.671, -221.901, 0.000, 3.892, 0.000, 0.000, 29.733, 0.000, 2.593
6.000, 1, Obstacle, -558.820, -239.741, 0.000, 3.892, 0.000, 0.000, 0.000, 0.000, 0.000
6.050, 0, Ego, -540.747, -222.904, 0.000, 3.892, 0.000, 0.000, 29.433, 0.000, 0.515
6.050, 1, Obstacle, -558.820, -239.741, 0.000, 3.892, 0.000, 0.000, 0.000, 0.000, 0.000
6.100, 0, Ego, -541.813, -223.897, 0.000, 3.892, 0.000, 0.000, 29.133, 0.000, 4.677
6.100, 1, Obstacle, -558.820, -239.741, 0.000, 3.892, 0.000, 0.000, 0.000, 0.000, 0.000
6.150, 0, Ego, -542.868, -224.880, 0.000, 3.892, 0.000, 0.000, 28.833, 0.000, 2.513
6.150, 1, Obstacle, -558.820, -239.741, 0.000, 3.892, 0.000, 0.000, 0.000, 0.000, 0.000
6.200, 0, Ego, -543.912, -225.852, 0.000, 3.892, 0.000, 0.000, 28.533, 0.000, 0.305
6.200, 1, Obstacle, -558.820, -239.741, 0.000, 3.892, 0.000, 0.000, 0.000, 0.000, 0.000
6.250, 0, Ego, -544.945, -226.815, 0.000, 3.892, 0.000, 0.000, 28.233, 0.000, 4.339
6.250, 1, Obstacle, -558.820, -239.741, 0.000, 3.892, 0.000, 0.000, 0.000, 0.000, 0.000
6.300, 0, Ego, -545.967, -227.767, 0.000, 3.892, 0.000, 0.000, 27.933, 0.000, 2.046
6.300, 1, Obstacle, -558.820, -239.741, 0.000, 3.892, 0.000, 0.000, 0.000, 0.000, 0.000
6.350, 0, Ego, -546.978, -228.708, 0.000, 3.892, 0.000, 0.000, 27.633, 0.000, 5.994
6.350, 1, Obstacle, -558.820, -239.741, 0.000, 3.892, 0.000, 0.000, 0.000, 0.000, 0.000
6.400, 0, Ego, -547.978, -229.640, 0.000, 3.892, 0.000, 0.000, 27.333, 0.000, 3.615
6.400, 1, Obstacle, -558.820, -239.741, 0.000, 3.892, 0.000, 0.000, 0.000, 0.000, 0.000
6.450, 0, Ego, -548.966, -230.561, 0.000, 3.892, 0.000, 0.000, 27.033, 0.000, 1.194
6.450, 1, Obstacle, -558.820, -239.741, 0.000, 3.892, 0.000, 0.000, 0.000, 0.000, 0.000
6.500, 0, Ego, -549.945, -231.472, 0.000, 3.892, 0.000, 0.000, 26.733, 0.000, 5.013
6.500, 1, Obstacle, -558.820, -239.741, 0.000, 3.892, 0.000, 0.000, 0.000, 0.000, 0.000
6.550, 0, Ego, -550.912, -232.373, 0.000, 3.892, 0.000, 0.000, 26.433, 0.000, 2.506
6.550, 1, Obstacle, -558.820, -239.741, 0.000, 3.892, 0.000, 0.000, 0.000, 0.000, 0.000
6.600, 0, Ego, -551.868, -233.264, 0.000, 3.892, 0.000, 0.000, 26.133, 0.000, 6.239
6.600, 1, Obstacle, -558.820, -239.741, 0.000, 3.892, 0.000, 0.000, 0.000, 0.000, 0.000
6.650, 0, Ego, -552.813, -234.144, 0.000, 3.892, 0.000, 0.000, 25.833, 0.000, 3.646
6.650, 1, Obstacle, -558.820, -239.741, 0.000, 3.892, 0.000, 0.000, 0.000, 0.000, 0.000
6.700, 0, Ego, -553.747, -235.015, 0.000, 3.892, 0.000, 0.000, 25.533, 0.000, 1.011
6.700, 1, Obstacle, -558.820, -239.741, 0.000, 3.892, 0.000, 0.000, 0.000, 0.000, 0.000
6.750, 0, Ego, -554.670, -235.875, 0.000, 3.892, 0.000, 0.000, 25.233, 0.000, 4.615
6.750, 1, Obstacle, -558.820, -239.741, 0.000, 3.892, 0.000, 0.000, 0.000, 0.000, 0.000
6.800, 0, Ego, -555.582, -236.724, 0.000, 3.892, 0.000, 0.000, 24.933, 0.000, 1.894
6.800, 1, Obstacle, -558.820, -239.741, 0.000, 3.892, 0.000, 0.000, 0.000, 0.000, 0.000
6.850, 0, Ego, -556.494, -237.574, 0.000, 3.892, 0.000, 0.000, 24.933, 0.000, 5.456
6.850, 1, Obstacle, -558.820, -239.741, 0.000, 3.892, 0.000, 0.000, 0.000, 0.000, 0.000
6.900, 0, Ego, -557.406, -238.424, 0.000, 3.892, 0.000, 0.000, 24.933, 0.000, 2.735
6.900, 1, Obstacle, -558.820, -239.741, 0.000, 3.892, 0.000, 0.000, 0.000, 0.000, 0.000
6.950, 0, Ego, -558.319, -239.274, 0.000, 3.892, 0.000, 0.000, 24.933, 0.000, 0.013
6.950, 1, Obstacle, -558.820, -239.741, 0.000, 3.892, 0.000, 0.000, 0.000, 0.000, 0.000
7.000, 0, Ego, -559.231, -240.123, 0.000, 3.892, 0.000, 0.000, 24.933, 0.000, 3.575
7.000, 1, Obstacle, -558.820, -239.741, 0.000, 3.892, 0.000, 0.000, 0.000, 0.000, 0.000
7.050, 0, Ego, -560.147, -240.977, 0.000, 3.892, 0.000, 0.000, 25.033, 0.000, 0.868
7.050, 1, Obstacle, -558.820, -239.741, 0.000, 3.892, 0.000, 0.000, 0.000, 0.000, 0.000
7.100, 0, Ego, -561.066, -241.833, 0.000, 3.892, 0.000, 0.000, 25.133, 0.000, 4.458
7.100, 1, Obstacle, -558.820, -239.741, 0.000, 3.892, 0.000, 0.000, 0.000, 0.000, 0.000
7.150, 0, Ego, -561.989, -242.693, 0.000, 3.892, 0.000, 0.000, 25.233, 0.000, 1.780
7.150, 1, Obstacle, -558.820, -239.741, 0.000, 3.892, 0.000, 0.000, 0.000, 0.000, 0.000
7.200, 0, Ego, -562.916, -243.557, 0.000, 3.892, 0.000, 0.000, 25.333, 0.000, 5.399
7.200, 1, Obstacle, -558.820, -239.741, 0.000, 3.892, 0.000, 0.000, 0.000, 0.000, 0.000
7.250, 0, Ego, -563.846, -244.423, 0.000, 3.892, 0.000, 0.000, 25.433, 0.000, 2.749
7.250, 1, Obstacle, -558.820, -239.741, 0.000, 3.892, 0.000, 0.000, 0.000, 0.000, 0.000
7.300, 0, Ego, -564.781, -245.294, 0.000, 3.892, 0.000, 0.000, 25.533, 0.000, 0.114
7.300, 1, Obstacle, -558.820, -239.741, 0.000, 3.892, 0.000, 0.000, 0.000, 0.000, 0.000
7.350, 0, Ego, -565.718, -246.167, 0.000, 3.892, 0.000, 0.000, 25.633, 0.000, 3.775
7.350, 1, Obstacle, -558.820, -239.741, 0.000, 3.892, 0.000, 0.000, 0.000, 0.000, 0.000
7.400, 0, Ego, -566.660, -247.044, 0.000, 3.892, 0.000, 0.000, 25.733, 0.000, 1.168
7.400, 1, Obstacle, -558.820, -239.741, 0.000, 3.892, 0.000, 0.000, 0.000, 0.000, 0.000
7.450, 0, Ego, -567.605, -247.925, 0.000, 3.892, 0.000, 0.000, 25.833, 0.000, 4.859
7.450, 1, Obstacle, -558.820, -239.741, 0.000, 3.892, 0.000, 0.000, 0.000, 0.000, 0.000
7.500, 0, Ego, -568.554, -248.808, 0.000, 3.892, 0.000, 0.000, 25.933, 0.000, 2.280
7.500, 1, Obstacle, -558.820, -239.741, 0.000, 3.892, 0.000, 0.000, 0.000, 0.000, 0.000
7.550, 0, Ego, -569.506, -249.696, 0.000, 3.892, 0.000, 0.000, 26.033, 0.000, 5.999
7.550, 1, Obstacle, -558.820, -239.741, 0.000, 3.892, 0.000, 0.000, 0.000, 0.000, 0.000
7.600, 0, Ego, -570.462, -250.586, 0.000, 3.892, 0.000, 0.000, 26.133, 0.000, 3.449
7.600, 1, Obstacle, -558.820, -239.741, 0.000, 3.892, 0.000, 0.000, 0.000, 0.000, 0.000
7.650, 0, Ego, -571.422, -251.480, 0.000, 3.892, 0.000, 0.000, 26.233, 0.000, 0.914
7.650, 1, Obstacle, -558.820, -239.741, 0.000, 3.892, 0.000, 0.000, 0.000, 0.000, 0.000
7.700, 0, Ego, -572.385, -252.378, 0.000, 3.892, 0.000, 0.000, 26.333, 0.000, 4.676
7.700, 1, Obstacle, -558.820, -239.741, 0.000, 3.892, 0.000, 0.000, 0.000, 0.000, 0.000
7.750, 0, Ego, -573.352, -253.279, 0.000, 3.892, 0.000, 0.000, 26.433, 0.000, 2.169
7.750, 1, Obstacle, -558.820, -239.741, 0.000, 3.892, 0.000, 0.000, 0.000, 0.000, 0.000
7.800, 0, Ego, -574.323, -254.183, 0.000, 3.892, 0.000, 0.000, 26.533, 0.000, 5.959
7.800, 1, Obstacle, -558.820, -239.741, 0.000, 3.892, 0.000, 0.000, 0.000, 0.000, 0.000
7.850, 0, Ego, -575.297, -255.091, 0.000, 3.892, 0.000, 0.000, 26.633, 0.000, 3.481
7.850, 1, Obstacle, -558.820, -239.741, 0.000, 3.892, 0.000, 0.000, 0.000, 0.000, 0.000
7.900, 0, Ego, -576.275, -256.002, 0.000, 3.892, 0.000, 0.000, 26.733, 0.000, 1.016
7.900, 1, Obstacle, -558.820, -239.741, 0.000, 3.892, 0.000, 0.000, 0.000, 0.000, 0.000
7.950, 0, Ego, -577.257, -256.916, 0.000, 3.892, 0.000, 0.000, 26.833, 0.000, 4.850
7.950, 1, Obstacle, -558.820, -239.741, 0.000, 3.892, 0.000, 0.000, 0.000, 0.000, 0.000
8.000, 0, Ego, -578.242, -257.834, 0.000, 3.892, 0.000, 0.000, 26.933, 0.000, 2.414
8.000, 1, Obstacle, -558.820, -239.741, 0.000, 3.892, 0.000, 0.000, 0.000, 0.000, 0.000
8.050, 0, Ego, -579.231, -258.756, 0.000, 3.892, 0.000, 0.000, 27.033, 0.000, 6.276
8.050, 1, Obstacle, -558.820, -239.741, 0.000, 3.892, 0.000, 0.000, 0.000, 0.000, 0.000
8.100, 0, Ego, -580.224, -259.680, 0.000, 3.892, 0.000, 0.000, 27.133, 0.000, 3.869
8.100, 1, Obstacle, -558.820, -239.741, 0.000, 3.892, 0.000, 0.000, 0.000, 0.000, 0.000
8.150, 0, Ego, -581.220, -260.609, 0.000, 3.892, 0.000, 0.000, 27.233, 0.000, 1.476
8.150, 1, Obstacle, -558.820, -239.741, 0.000, 3.892, 0.000, 0.000, 0.000, 0.000, 0.000
8.200, 0, Ego, -582.220, -261.540, 0.000, 3.892, 0.000, 0.000, 27.333, 0.000, 5.381
8.200, 1, Obstacle, -558.820, -239.741, 0.000, 3.892, 0.000, 0.000, 0.000, 0.000, 0.000
8.250, 0, Ego, -583.224, -262.475, 0.000, 3.892, 0.000, 0.000, 27.433, 0.000, 3.017
8.250, 1, Obstacle, -558.820, -239.741, 0.000, 3.892, 0.000, 0.000, 0.000, 0.000, 0.000
8.300, 0, Ego, -584.231, -263.414, 0.000, 3.892, 0.000, 0.000, 27.533, 0.000, 0.667
8.300, 1, Obstacle, -558.820, -239.741, 0.000, 3.892, 0.000, 0.000, 0.000, 0.000, 0.000
8.350, 0, Ego, -585.242, -264.355, 0.000, 3.892, 0.000, 0.000, 27.633, 0.000, 4.614
8.350, 1, Obstacle, -558.820, -239.741, 0.000, 3.892, 0.000, 0.000, 0.000, 0.000, 0.000
8.400, 0, Ego, -586.257, -265.301, 0.000, 3.892, 0.000, 0.000, 27.733, 0.000, 2.293
8.400, 1, Obstacle, -558.820, -239.741, 0.000, 3.892, 0.000, 0.000, 0.000, 0.000, 0.000
8.450, 0, Ego, -587.275, -266.249, 0.000, 3.892, 0.000, 0.000, 27.833, 0.000, 6.269
8.450, 1, Obstacle, -558.820, -239.741, 0.000, 3.892, 0.000, 0.000, 0.000, 0.000, 0.000
8.500, 0, Ego, -588.297, -267.201, 0.000, 3.892, 0.000, 0.000, 27.933, 0.000, 3.976
8.500, 1, Obstacle, -558.820, -239.741, 0.000, 3.892, 0.000, 0.000, 0.000, 0.000, 0.000
8.550, 0, Ego, -589.322, -268.157, 0.000, 3.892, 0.000, 0.000, 28.033, 0.000, 1.698
8.550, 1, Obstacle, -558.820, -239.741, 0.000, 3.892, 0.000, 0.000, 0.000, 0.000, 0.000
8.600, 0, Ego, -590.352, -269.115, 0.000, 3.892, 0.000, 0.000, 28.133, 0.000, 5.717
8.600, 1, Obstacle, -558.820, -239.741, 0.000, 3.892, 0.000, 0.000, 0.000, 0.000, 0.000
8.650, 0, Ego, -591.384, -270.078, 0.000, 3.892, 0.000, 0.000, 28.233, 0.000, 3.467
8.650, 1, Obstacle, -558.820, -239.741, 0.000, 3.892, 0.000, 0.000, 0.000, 0.000, 0.000
8.700, 0, Ego, -592.421, -271.043, 0.000, 3.892, 0.000, 0.000, 28.333, 0.000, 1.231
8.700, 1, Obstacle, -558.820, -239.741, 0.000, 3.892, 0.000, 0.000, 0.000, 0.000, 0.000
8.750, 0, Ego, -593.461, -272.012, 0.000, 3.892, 0.000, 0.000, 28.433, 0.000, 5.293
8.750, 1, Obstacle, -558.820, -239.741, 0.000, 3.892, 0.000, 0.000, 0.000, 0.000, 0.000
8.800, 0, Ego, -594.505, -272.985, 0.000, 3.892, 0.000, 0.000, 28.533, 0.000, 3.086
8.800, 1, Obstacle, -558.820, -239.741, 0.000, 3.892, 0.000, 0.000, 0.000, 0.000, 0.000
8.850, 0, Ego, -595.553, -273.961, 0.000, 3.892, 0.000, 0.000, 28.633, 0.000, 0.893
8.850, 1, Obstacle, -558.820, -239.741, 0.000, 3.892, 0.000, 0.000, 0.000, 0.000, 0.000
8.900, 0, Ego, -596.604, -274.940, 0.000, 3.892, 0.000, 0.000, 28.733, 0.000, 4.998
8.900, 1, Obstacle, -558.820, -239.741, 0.000, 3.892, 0.000, 0.000, 0.000, 0.000, 0.000
8.950, 0, Ego, -597.659, -275.923, 0.000, 3.892, 0.000, 0.000, 28.833, 0.000, 2.834
8.950, 1, Obstacle, -558.820, -239.741, 0.000, 3.892, 0.000, 0.000, 0.000, 0.000, 0.000
9.000, 0, Ego, -598.717, -276.909, 0.000, 3.892, 0.000, 0.000, 28.933, 0.000, 0.684
9.000, 1, Obstacle, -558.820, -239.741, 0.000, 3.892, 0.000, 0.000, 0.000, 0.000, 0.000
9.050, 0, Ego, -599.779, -277.898, 0.000, 3.892, 0.000, 0.000, 29.033, 0.000, 4.832
9.050, 1, Obstacle, -558.820, -239.741, 0.000, 3.892, 0.000, 0.000, 0.000, 0.000, 0.000
9.100, 0, Ego, -600.845, -278.891, 0.000, 3.892, 0.000, 0.000, 29.133, 0.000, 2.710
9.100, 1, Obstacle, -558.820, -239.741, 0.000, 3.892, 0.000, 0.000, 0.000, 0.000, 0.000
9.150, 0, Ego, -601.914, -279.887, 0.000, 3.892, 0.000, 0.000, 29.233, 0.000, 0.603
9.150, 1, Obstacle, -558.820, -239.741, 0.000, 3.892, 0.000, 0.000, 0.000, 0.000, 0.000
9.200, 0, Ego, -602.988, -280.887, 0.000, 3.892, 0.000, 0.000, 29.333, 0.000, 4.794
9.200, 1, Obstacle, -558.820, -239.741, 0.000, 3.892, 0.000, 0.000, 0.000, 0.000, 0.000
9.250, 0, Ego, -604.064, -281.890, 0.000, 3.892, 0.000, 0.000, 29.433, 0.000, 2.715
9.250, 1, Obstacle, -558.820, -239.741, 0.000, 3.892, 0.000, 0.000, 0.000, 0.000, 0.000
9.300, 0, Ego, -605.145, -282.897, 0.000, 3.892, 0.000, 0.000, 29.533, 0.000, 0.651
9.300, 1, Obstacle, -558.820, -239.741, 0.000, 3.892, 0.000, 0.000, 0.000, 0.000, 0.000
9.350, 0, Ego, -606.229, -283.907, 0.000, 3.892, 0.000, 0.000, 29.633, 0.000, 4.884
9.350, 1, Obstacle, -558.820, -239.741, 0.000, 3.892, 0.000, 0.000, 0.000, 0.000, 0.000
9.400, 0, Ego, -607.317, -284.920, 0.000, 3.892, 0.000, 0.000, 29.733, 0.000, 2.849
9.400, 1, Obstacle, -558.820, -239.741, 0.000, 3.892, 0.000, 0.000, 0.000, 0.000, 0.000
9.450, 0, Ego, -608.408, -285.937, 0.000, 3.892, 0.000, 0.000, 29.833, 0.000, 0.827
9.450, 1, Obstacle, -558.820, -239.741, 0.000, 3.892, 0.000, 0.000, 0.000, 0.000, 0.000
9.500, 0, Ego, -609.503, -286.957, 0.000, 3.892, 0.000, 0.000, 29.933, 0.000, 5.103
9.500, 1, Obstacle, -558.820, -239.741, 0.000, 3.892, 0.000, 0.000, 0.000, 0.000, 0.000
9.550, 0, Ego, -610.602, -287.981, 0.000, 3.892, 0.000, 0.000, 30.033, 0.000, 3.111
9.550, 1, Obstacle, -558.820, -239.741, 0.000, 3.892, 0.000, 0.000, 0.000, 0.000, 0.000
9.600, 0, Ego, -611.704, -289.008, 0.000, 3.892, 0.000, 0.000, 30.133, 0.000, 1.132
9.600, 1, Obstacle, -558.820, -239.741, 0.000, 3.892, 0.000, 0.000, 0.000, 0.000, 0.000
9.650, 0, Ego, -612.810, -290.038, 0.000, 3.892, 0.000, 0.000, 30.233, 0.000, 5.451
9.650, 1, Obstacle, -558.820, -239.741, 0.000, 3.892, 0.000, 0.000, 0.000, 0.000, 0.000
9.700, 0, Ego, -613.920, -291.072, 0.000, 3.892, 0.000, 0.000, 30.333, 0.000, 3.501
9.700, 1, Obstacle, -558.820, -239.741, 0.000, 3.892, 0.000, 0.000, 0.000, 0.000, 0.000
9.750, 0, Ego, -615.034, -292.109, 0.000, 3.892, 0.000, 0.000, 30.433, 0.000, 1.566
9.750, 1, Obstacle, -558.820, -239.741, 0.000, 3.892, 0.000, 0.000, 0.000, 0.000, 0.000
9.800, 0, Ego, -616.151, -293.150, 0.000, 3.892, 0.000, 0.000, 30.533, 0.000, 5.928
9.800, 1, Obstacle, -558.820, -239.741, 0.000, 3.892, 0.000, 0.000, 0.000, 0.000, 0.000
9.850, 0, Ego, -617.271, -294.194, 0.000, 3.892, 0.000, 0.000, 30.633, 0.000, 4.021
9.850, 1, Obstacle, -558.820, -239.741, 0.000, 3.892, 0.000, 0.000, 0.000, 0.000, 0.000
9.900, 0, Ego, -618.396, -295.241, 0.000, 3.892, 0.000, 0.000, 30.733, 0.000, 2.128
9.900, 1, Obstacle, -558.820, -239.741, 0.000, 3.892, 0.000, 0.000, 0.000, 0.000, 0.000
9.950, 0, Ego, -619.524, -296.292, 0.000, 3.892, 0.000, 0.000, 30.833, 0.000, 0.249
9.950, 1, Obstacle, -558.820, -239.741, 0.000, 3.892, 0.000, 0.000, 0.000, 0.000, 0.000
10.000, 0, Ego, -620.655, -297.346, 0.000, 3.892, 0.000, 0.000, 30.933, 0.000, 4.668
10.000, 1, Obstacle, -558.820, -239.741, 0.000, 3.892, 0.000, 0.000, 0.000, 0.000, 0.000
10.050, 0, Ego, -621.791, -298.404, 0.000, 3.892, 0.000, 0.000, 31.033, 0.000, 2.818
10.050, 1, Obstacle, -558.820, -239.741, 0.000, 3.892, 0.000, 0.000, 0.000, 0.000, 0.000
10.100, 0, Ego, -622.930, -299.465, 0.000, 3.892, 0.000, 0.000, 31.133, 0.000, 0.983
10.100, 1, Obstacle, -558.820, -239.741, 0.000, 3.892, 0.000, 0.000, 0.000, 0.000, 0.000
10.150, 0, Ego, -624.072, -300.529, 0.000, 3.892, 0.000, 0.000, 31.233, 0.000, 5.445
10.150, 1, Obstacle, -558.820, -239.741, 0.000, 3.892, 0.000, 0.000, 0.000, 0.000, 0.000
10.200, 0, Ego, -625.219, -301.597, 0.000, 3.892, 0.000, 0.000, 31.333, 0.000, 3.638
10.200, 1, Obstacle, -558.820, -239.741, 0.000, 3.892, 0.000, 0.000, 0.000, 0.000, 0.000
10.250, 0, Ego, -626.368, -302.669, 0.000, 3.892, 0.000, 0.000, 31.433, 0.000, 1.845
10.250, 1, Obstacle, -558.820, -239.741, 0.000, 3.892, 0.000, 0.000, 0.000, 0.000, 0.000
10.300, 0, Ego, -627.522, -303.743, 0.000, 3.892, 0.000, 0.000, 31.533, 0.000, 0.066
10.300, 1, Obstacle, -558.820, -239.741, 0.000, 3.892, 0.000, 0.000, 0.000, 0.000, 0.000
10.350, 0, Ego, -628.679, -304.821, 0.000, 3.892, 0.000, 0.000, 31.633, 0.000, 4.585
10.350, 1, Obstacle, -558.820, -239.741, 0.000, 3.892, 0.000, 0.000, 0.000, 0.000, 0.000
10.400, 0, Ego, -629.840, -305.903, 0.000, 3.892, 0.000, 0.000, 31.733, 0.000, 2.836
10.400, 1, Obstacle, -558.820, -239.741, 0.000, 3.892, 0.000, 0.000, 0.000, 0.000, 0.000
10.450, 0, Ego, -631.005, -306.988, 0.000, 3.892, 0.000, 0.000, 31.833, 0.000, 1.100
10.450, 1, Obstacle, -558.820, -239.741, 0.000, 3.892, 0.000, 0.000, 0.000, 0.000, 0.000
10.500, 0, Ego, -632.173, -308.076, 0.000, 3.892, 0.000, 0.000, 31.933, 0.000, 5.662
10.500, 1, Obstacle, -558.820, -239.741, 0.000, 3.892, 0.000, 0.000, 0.000, 0.000, 0.000
10.550, 0, Ego, -633.345, -309.168, 0.000, 3.892, 0.000, 0.000, 32.033, 0.000, 3.955
10.550, 1, Obstacle, -558.820, -239.741, 0.000, 3.892, 0.000, 0.000, 0.000, 0.000, 0.000
10.600, 0, Ego, -634.521, -310.263, 0.000, 3.892, 0.000, 0.000, 32.133, 0.000, 2.262
10.600, 1, Obstacle, -558.820, -239.741, 0.000, 3.892, 0.000, 0.000, 0.000, 0.000, 0.000
10.650, 0, Ego, -635.700, -311.362, 0.000, 3.892, 0.000, 0.000, 32.233, 0.000, 0.583
10.650, 1, Obstacle, -558.820, -239.741, 0.000, 3.892, 0.000, 0.000, 0.000, 0.000, 0.000
10.700, 0, Ego, -636.883, -312.464, 0.000, 3.892, 0.000, 0.000, 32.333, 0.000, 5.202
10.700, 1, Obstacle, -558.820, -239.741, 0.000, 3.892, 0.000, 0.000, 0.000, 0.000, 0.000
10.750, 0, Ego, -638.069, -313.569, 0.000, 3.892, 0.000, 0.000, 32.433, 0.000, 3.553
10.750, 1, Obstacle, -558.820, -239.741, 0.000, 3.892, 0.000, 0.000, 0.000, 0.000, 0.000
10.800, 0, Ego, -639.260, -314.678, 0.000, 3.892, 0.000, 0.000, 32.533, 0.000, 1.917
10.800, 1, Obstacle, -558.820, -239.741, 0.000, 3.892, 0.000, 0.000, 0.000, 0.000, 0.000
10.850, 0, Ego, -640.453, -315.790, 0.000, 3.892, 0.000, 0.000, 32.633, 0.000, 0.296
10.850, 1, Obstacle, -558.820, -239.741, 0.000, 3.892, 0.000, 0.000, 0.000, 0.000, 0.000
10.900, 0, Ego, -641.651, -316.906, 0.000, 3.892, 0.000, 0.000, 32.733, 0.000, 4.972
10.900, 1, Obstacle, -558.820, -239.741, 0.000, 3.892, 0.000, 0.000, 0.000, 0.000, 0.000
10.950, 0, Ego, -642.852, -318.025, 0.000, 3.892, 0.000, 0.000, 32.833, 0.000, 3.379
10.950, 1, Obstacle, -558.820, -239.741, 0.000, 3.892, 0.000, 0.000, 0.000, 0.000, 0.000
11.000, 0, Ego, -644.057, -319.147, 0.000, 3.892, 0.000, 0.000, 32.933, 0.000, 1.801
11.000, 1, Obstacle, -558.820, -239.741, 0.000, 3.892, 0.000, 0.000, 0.000, 0.000, 0.000
11.050, 0, Ego, -645.265, -320.273, 0.000, 3.892, 0.000, 0.000, 33.033, 0.000, 0.236
11.050, 1, Obstacle, -558.820, -239.741, 0.000, 3.892, 0.000, 0.000, 0.000, 0.000, 0.000
11.100, 0, Ego, -646.478, -321.402, 0.000, 3.892, 0.000, 0.000, 33.133, 0.000, 4.970
11.100, 1, Obstacle, -558.820, -239.741, 0.000, 3.892, 0.000, 0.000, 0.000, 0.000, 0.000
11.150, 0, Ego, -647.693, -322.535, 0.000, 3.892, 0.000, 0.000, 33.233, 0.000, 3.434
11.150, 1, Obstacle, -558.820, -239.741, 0.000, 3.892, 0.000, 0.000, 0.000, 0.000, 0.000
11.200, 0, Ego, -648.913, -323.671, 0.000, 3.892, 0.000, 0.000, 33.333, 0.000, 1.913
11.200, 1, Obstacle, -558.820, -239.741, 0.000, 3.892, 0.000, 0.000, 0.000, 0.000, 0.000
11.250, 0, Ego, -650.132, -324.807, 0.000, 3.892, 0.000, 0.000, 33.333, 0.000, 0.391
11.250, 1, Obstacle, -558.820, -239.741, 0.000, 3.892, 0.000, 0.000, 0.000, 0.000, 0.000
11.300, 0, Ego, -651.352, -325.943, 0.000, 3.892, 0.000, 0.000, 33.333, 0.000, 5.153
11.300, 1, Obstacle, -558.820, -239.741, 0.000, 3.892, 0.000, 0.000, 0.000, 0.000, 0.000
11.350, 0, Ego, -652.571, -327.079, 0.000, 3.892, 0.000, 0.000, 33.333, 0.000, 3.632
11.350, 1, Obstacle, -558.820, -239.741, 0.000, 3.892, 0.000, 0.000, 0.000, 0.000, 0.000
11.400, 0, Ego, -653.791, -328.215, 0.000, 3.892, 0.000, 0.000, 33.333, 0.000, 2.111
11.400, 1, Obstacle, -558.820, -239.741, 0.000, 3.892, 0.000, 0.000, 0.000, 0.000, 0.000
11.450, 0, Ego, -655.010, -329.351, 0.000, 3.892, 0.000, 0.000, 33.333, 0.000, 0.589
11.450, 1, Obstacle, -558.820, -239.741, 0.000, 3.892, 0.000, 0.000, 0.000, 0.000, 0.000
11.500, 0, Ego, -656.230, -330.487, 0.000, 3.892, 0.000, 0.000, 33.333, 0.000, 5.351
11.500, 1, Obstacle, -558.820, -239.741, 0.000, 3.892, 0.000, 0.000, 0.000, 0.000, 0.000
11.550, 0, Ego, -657.449, -331.623, 0.000, 3.892, 0.000, 0.000, 33.333, 0.000, 3.830
11.550, 1, Obstacle, -558.820, -239.741, 0.000, 3.892, 0.000, 0.000, 0.000, 0.000, 0.000
11.600, 0, Ego, -658.669, -332.759, 0.000, 3.892, 0.000, 0.000, 33.333, 0.000, 2.308
11.600, 1, Obstacle, -558.820, -239.741, 0.000, 3.892, 0.000, 0.000, 0.000, 0.000, 0.000
11.650, 0, Ego, -659.888, -333.895, 0.000, 3.892, 0.000, 0.000, 33.333, 0.000, 0.787
11.650, 1, Obstacle, -558.820, -239.741, 0.000, 3.892, 0.000, 0.000, 0.000, 0.000, 0.000
11.700, 0, Ego, -661.108, -335.031, 0.000, 3.892, 0.000, 0.000, 33.333, 0.000, 5.549
11.700, 1, Obstacle, -558.820, -239.741, 0.000, 3.892, 0.000, 0.000, 0.000, 0.000, 0.000
11.750, 0, Ego, -662.327, -336.167, 0.000, 3.892, 0.000, 0.000, 33.333, 0.000, 4.028
11.750, 1, Obstacle, -558.820, -239.741, 0.000, 3.892, 0.000, 0.000, 0.000, 0.000, 0.000
11.800, 0, Ego, -663.546, -337.304, 0.000, 3.892, 0.000, 0.000, 33.333, 0.000, 2.506
11.800, 1, Obstacle, -558.820, -239.741, 0.000, 3.892, 0.000, 0.000, 0.000, 0.000, 0.000
11.850, 0, Ego, -664.766, -338.440, 0.000, 3.892, 0.000, 0.000, 33.333, 0.000, 0.985
11.850, 1, Obstacle, -558.820, -239.741, 0.000, 3.892, 0.000, 0.000, 0.000, 0.000, 0.000
11.900, 0, Ego, -665.985, -339.576, 0.000, 3.892, 0.000, 0.000, 33.333, 0.000, 5.747
11.900, 1, Obstacle, -558.820, -239.741, 0.000, 3.892, 0.000, 0.000, 0.000, 0.000, 0.000
11.950, 0, Ego, -667.205, -340.712, 0.000, 3.892, 0.000, 0.000, 33.333, 0.000, 4.226
11.950, 1, Obstacle, -558.820, -239.741, 0.000, 3.892, 0.000, 0.000, 0.000, 0.000, 0.000
12.000, 0, Ego, -668.424, -341.848, 0.000, 3.892, 0.000, 0.000, 33.333, 0.000, 2.704
12.000, 1, Obstacle, -558.820, -239.741, 0.000, 3.892, 0.000, 0.000, 0.000, 0.000, 0.000
12.050, 0, Ego, -669.644, -342.984, 0.000, 3.892, 0.000, 0.000, 33.333, 0.000, 1.183
12.050, 1, Obstacle, -558.820, -239.741, 0.000, 3.892, 0.000, 0.000, 0.000, 0.000, 0.000
12.100, 0, Ego, -670.863, -344.120, 0.000, 3.892, 0.000, 0.000, 33.333, 0.000, 5.945
12.100, 1, Obstacle, -558.820, -239.741, 0.000, 3.892, 0.000, 0.000, 0.000, 0.000, 0.000
12.150, 0, Ego, -672.083, -345.256, 0.000, 3.892, 0.000, 0.000, 33.333, 0.000, 4.423
12.150, 1, Obstacle, -558.820, -239.741, 0.000, 3.892, 0.000, 0.000, 0.000, 0.000, 0.000
12.200, 0, Ego, -673.302, -346.392, 0.000, 3.892, 0.000, 0.000, 33.333, 0.000, 2.902
12.200, 1, Obstacle, -558.820, -239.741, 0.000, 3.892, 0.000, 0.000, 0.000, 0.000, 0.000
12.250, 0, Ego, -674.522, -347.528, 0.000, 3.892, 0.000, 0.000, 33.333, 0.000, 1.381
12.250, 1, Obstacle, -558.820, -239.741, 0.000, 3.892, 0.000, 0.000, 0.000, 0.000, 0.000
12.300, 0, Ego, -675.741, -348.664, 0.000, 3.892, 0.000, 0.000, 33.333, 0.000, 6.143
12.300, 1, Obstacle, -558.820, -239.741, 0.000, 3.892, 0.000, 0.000, 0.000, 0.000, 0.000
12.350, 0, Ego, -676.961, -349.800, 0.000, 3.892, 0.000, 0.000, 33.333, 0.000, 4.621
12.350, 1, Obstacle, -558.820, -239.741, 0.000, 3.892, 0.000, 0.000, 0.000, 0.000, 0.000
12.400, 0, Ego, -678.180, -350.936, 0.000, 3.892, 0.000, 0.000, 33.333, 0.000, 3.100
12.400, 1, Obstacle, -558.820, -239.741, 0.000, 3.892, 0.000, 0.000, 0.000, 0.000, 0.000
12.450, 0, Ego, -679.400, -352.072, 0.000, 3.892, 0.000, 0.000, 33.333, 0.000, 1.579
12.450, 1, Obstacle, -558.820, -239.741, 0.000, 3.892, 0.000, 0.000, 0.000, 0.000, 0.000
12.500, 0, Ego, -680.619, -353.208, 0.000, 3.892, 0.000, 0.000, 33.333, 0.000, 0.057
12.500, 1, Obstacle, -558.820, -239.741, 0.000, 3.892, 0.000, 0.000, 0.000, 0.000, 0.000
12.550, 0, Ego, -681.839, -354.344, 0.000, 3.892, 0.000, 0.000, 33.333, 0.000, 4.819
12.550, 1, Obstacle, -558.820, -239.741, 0.000, 3.892, 0.000, 0.000, 0.000, 0.000, 0.000
12.600, 0, Ego, -683.058, -355.480, 0.000, 3.892, 0.000, 0.000, 33.333, 0.000, 3.298
12.600, 1, Obstacle, -558.820, -239.741, 0.000, 3.892, 0.000, 0.000, 0.000, 0.000, 0.000
12.650, 0, Ego, -684.277, -356.616, 0.000, 3.892, 0.000, 0.000, 33.333, 0.000, 1.777
12.650, 1, Obstacle, -558.820, -239.741, 0.000, 3.892, 0.000, 0.000, 0.000, 0.000, 0.000
12.700, 0, Ego, -685.497, -357.752, 0.000, 3.892, 0.000, 0.000, 33.333, 0.000, 0.255
12.700, 1, Obstacle, -558.820, -239.741, 0.000, 3.892, 0.000, 0.000, 0.000, 0.000, 0.000
12.750, 0, Ego, -686.716, -358.889, 0.000, 3.892, 0.000, 0.000, 33.333, 0.000, 5.017
12.750, 1, Obstacle, -558.820, -239.741, 0.000, 3.892, 0.000, 0.000, 0.000, 0.000, 0.000
12.800, 0, Ego, -687.936, -360.025, 0.000, 3.892, 0.000, 0.000, 33.333, 0.000, 3.496
12.800, 1, Obstacle, -558.820, -239.741, 0.000, 3.892, 0.000, 0.000, 0.000, 0.000, 0.000
12.850, 0, Ego, -689.155, -361.161, 0.000, 3.892, 0.000, 0.000, 33.333, 0.000, 1.974
12.850, 1, Obstacle, -558.820, -239.741, 0.000, 3.892, 0.000, 0.000, 0.000, 0.000, 0.000
12.900, 0, Ego, -690.375, -362.297, 0.000, 3.892, 0.000, 0.000, 33.333, 0.000, 0.453
12.900, 1, Obstacle, -558.820, -239.741, 0.000, 3.892, 0.000, 0.000, 0.000, 0.000, 0.000
12.950, 0, Ego, -691.594, -363.433, 0.000, 3.892, 0.000, 0.000, 33.333, 0.000, 5.215
12.950, 1, Obstacle, -558.820, -239.741, 0.000, 3.892, 0.000, 0.000, 0.000, 0.000, 0.000
13.000, 0, Ego, -692.814, -364.569, 0.000, 3.892, 0.000, 0.000, 33.333, 0.000, 3.694
13.000, 1, Obstacle, -558.820, -239.741, 0.000, 3.892, 0.000, 0.000, 0.000, 0.000, 0.000
13.050, 0, Ego, -694.033, -365.705, 0.000, 3.892, 0.000, 0.000, 33.333, 0.000, 2.172
13.050, 1, Obstacle, -558.820, -239.741, 0.000, 3.892, 0.000, 0.000, 0.000, 0.000, 0.000
13.100, 0, Ego, -695.253, -366.841, 0.000, 3.892, 0.000, 0.000, 33.333, 0.000, 0.651
13.100, 1, Obstacle, -558.820, -239.741, 0.000, 3.892, 0.000, 0.000, 0.000, 0.000, 0.000
13.150, 0, Ego, -696.472, -367.977, 0.000, 3.892, 0.000, 0.000, 33.333, 0.000, 5.413
13.150, 1, Obstacle, -558.820, -239.741, 0.000, 3.892, 0.000, 0.000, 0.000, 0.000, 0.000
13.200, 0, Ego, -697.692, -369.113, 0.000, 3.892, 0.000, 0.000, 33.333, 0.000, 3.891
13.200, 1, Obstacle, -558.820, -239.741, 0.000, 3.892, 0.000, 0.000, 0.000, 0.000, 0.000
13.250, 0, Ego, -698.911, -370.249, 0.000, 3.892, 0.000, 0.000, 33.333, 0.000, 2.370
13.250, 1, Obstacle, -558.820, -239.741, 0.000, 3.892, 0.000, 0.000, 0.000, 0.000, 0.000
13.300, 0, Ego, -700.131, -371.385, 0.000, 3.892, 0.000, 0.000, 33.333, 0.000, 0.849
13.300, 1, Obstacle, -558.820, -239.741, 0.000, 3.892, 0.000, 0.000, 0.000, 0.000, 0.000
13.350, 0, Ego, -701.350, -372.521, 0.000, 3.892, 0.000, 0.000, 33.333, 0.000, 5.611
13.350, 1, Obstacle, -558.820, -239.741, 0.000, 3.892, 0.000, 0.000, 0.000, 0.000, 0.000
13.400, 0, Ego, -702.569, -373.657, 0.000, 3.892, 0.000, 0.000, 33.333, 0.000, 4.089
13.400, 1, Obstacle, -558.820, -239.741, 0.000, 3.892, 0.000, 0.000, 0.000, 0.000, 0.000
13.450, 0, Ego, -703.789, -374.793, 0.000, 3.892, 0.000, 0.000, 33.333, 0.000, 2.568
13.450, 1, Obstacle, -558.820, -239.741, 0.000, 3.892, 0.000, 0.000, 0.000, 0.000, 0.000
13.500, 0, Ego, -705.008, -375.929, 0.000, 3.892, 0.000, 0.000, 33.333, 0.000, 1.047
13.500, 1, Obstacle, -558.820, -239.741, 0.000, 3.892, 0.000, 0.000, 0.000, 0.000, 0.000
13.550, 0, Ego, -706.228, -377.065, 0.000, 3.892, 0.000, 0.000, 33.333, 0.000, 5.809
13.550, 1, Obstacle, -558.820, -239.741, 0.000, 3.892, 0.000, 0.000, 0.000, 0.000, 0.000
13.600, 0, Ego, -707.447, -378.201, 0.000, 3.892, 0.000, 0.000, 33.333, 0.000, 4.287
13.600, 1, Obstacle, -558.820, -239.741, 0.000, 3.892, 0.000, 0.000, 0.000, 0.000, 0.000
13.650, 0, Ego, -708.667, -379.337, 0.000, 3.892, 0.000, 0.000, 33.333, 0.000, 2.766
13.650, 1, Obstacle, -558.820, -239.741, 0.000, 3.892, 0.000, 0.000, 0.000, 0.000, 0.000
13.700, 0, Ego, -709.886, -380.474, 0.000, 3.892, 0.000, 0.000, 33.333, 0.000, 1.245
13.700, 1, Obstacle, -558.820, -239.741, 0.000, 3.892, 0.000, 0.000, 0.000, 0.000, 0.000
13.750, 0, Ego, -711.106, -381.610, 0.000, 3.892, 0.000, 0.000, 33.333, 0.000, 6.006
13.750, 1, Obstacle, -558.820, -239.741, 0.000, 3.892, 0.000, 0.000, 0.000, 0.000, 0.000
13.800, 0, Ego, -712.325, -382.746, 0.000, 3.892, 0.000, 0.000, 33.333, 0.000, 4.485
13.800, 1, Obstacle, -558.820, -239.741, 0.000, 3.892, 0.000, 0.000, 0.000, 0.000, 0.000
13.850, 0, Ego, -713.545, -383.882, 0.000, 3.892, 0.000, 0.000, 33.333, 0.000, 2.964
13.850, 1, Obstacle, -558.820, -239.741, 0.000, 3.892, 0.000, 0.000, 0.000, 0.000, 0.000
13.900, 0, Ego, -714.764, -385.018, 0.000, 3.892, 0.000, 0.000, 33.333, 0.000, 1.442
13.900, 1, Obstacle, -558.820, -239.741, 0.000, 3.892, 0.000, 0.000, 0.000, 0.000, 0.000
13.950, 0, Ego, -715.984, -386.154, 0.000, 3.892, 0.000, 0.000, 33.333, 0.000, 6.204
13.950, 1, Obstacle, -558.820, -239.741, 0.000, 3.892, 0.000, 0.000, 0.000, 0.000, 0.000
14.000, 0, Ego, -717.203, -387.290, 0.000, 3.892, 0.000, 0.000, 33.333, 0.000, 4.683
14.000, 1, Obstacle, -558.820, -239.741, 0.000, 3.892, 0.000, 0.000, 0.000, 0.000, 0.000
14.050, 0, Ego, -718.423, -388.426, 0.000, 3.892, 0.000, 0.000, 33.333, 0.000, 3.162
14.050, 1, Obstacle, -558.820, -239.741, 0.000, 3.892, 0.000, 0.000, 0.000, 0.000, 0.000
14.100, 0, Ego, -719.642, -389.562, 0.000, 3.892, 0.000, 0.000, 33.333, 0.000, 1.640
14.100, 1, Obstacle, -558.820, -239.741, 0.000, 3.892, 0.000, 0.000, 0.000, 0.000, 0.000
14.150, 0, Ego, -720.862, -390.698, 0.000, 3.892, 0.000, 0.000, 33.333, 0.000, 0.119
14.150, 1, Obstacle, -558.820, -239.741, 0.000, 3.892, 0.000, 0.000, 0.000, 0.000, 0.000
14.200, 0, Ego, -722.081, -391.834, 0.000, 3.892, 0.000, 0.000, 33.333, 0.000, 4.881
14.200, 1, Obstacle, -558.820, -239.741, 0.000, 3.892, 0.000, 0.000, 0.000, 0.000, 0.000
14.250, 0, Ego, -723.300, -392.970, 0.000, 3.892, 0.000, 0.000, 33.333, 0.000, 3.359
14.250, 1, Obstacle, -558.820, -239.741, 0.000, 3.892, 0.000, 0.000, 0.000, 0.000, 0.000
14.300, 0, Ego, -724.520, -394.106, 0.000, 3.892, 0.000, 0.000, 33.333, 0.000, 1.838
14.300, 1, Obstacle, -558.820, -239.741, 0.000, 3.892, 0.000, 0.000, 0.000, 0.000, 0.000
14.350, 0, Ego, -725.739, -395.242, 0.000, 3.892, 0.000, 0.000, 33.333, 0.000, 0.317
14.350, 1, Obstacle, -558.820, -239.741, 0.000, 3.892, 0.000, 0.000, 0.000, 0.000, 0.000
14.400, 0, Ego, -726.959, -396.378, 0.000, 3.892, 0.000, 0.000, 33.333, 0.000, 5.079
14.400, 1, Obstacle, -558.820, -239.741, 0.000, 3.892, 0.000, 0.000, 0.000, 0.000, 0.000
14.450, 0, Ego, -728.178, -397.514, 0.000, 3.892, 0.000, 0.000, 33.333, 0.000, 3.557
14.450, 1, Obstacle, -558.820, -239.741, 0.000, 3.892, 0.000, 0.000, 0.000, 0.000, 0.000
14.500, 0, Ego, -729.398, -398.650, 0.000, 3.892, 0.000, 0.000, 33.333, 0.000, 2.036
14.500, 1, Obstacle, -558.820, -239.741, 0.000, 3.892, 0.000, 0.000, 0.000, 0.000, 0.000
14.550, 0, Ego, -730.617, -399.786, 0.000, 3.892, 0.000, 0.000, 33.333, 0.000, 0.515
14.550, 1, Obstacle, -558.820, -239.741, 0.000, 3.892, 0.000, 0.000, 0.000, 0.000, 0.000
14.600, 0, Ego, -731.837, -400.922, 0.000, 3.892, 0.000, 0.000, 33.333, 0.000, 5.277
14.600, 1, Obstacle, -558.820, -239.741, 0.000, 3.892, 0.000, 0.000, 0.000, 0.000, 0.000
14.650, 0, Ego, -733.056, -402.059, 0.000, 3.892, 0.000, 0.000, 33.333, 0.000, 3.755
14.650, 1, Obstacle, -558.820, -239.741, 0.000, 3.892, 0.000, 0.000, 0.000, 0.000, 0.000
14.700, 0, Ego, -734.276, -403.195, 0.000, 3.892, 0.000, 0.000, 33.333, 0.000, 2.234
14.700, 1, Obstacle, -558.820, -239.741, 0.000, 3.892, 0.000, 0.000, 0.000, 0.000, 0.000
14.750, 0, Ego, -735.495, -404.331, 0.000, 3.892, 0.000, 0.000, 33.333, 0.000, 0.713
14.750, 1, Obstacle, -558.820, -239.741, 0.000, 3.892, 0.000, 0.000, 0.000, 0.000, 0.000
14.800, 0, Ego, -736.715, -405.467, 0.000, 3.892, 0.000, 0.000, 33.333, 0.000, 5.474
14.800, 1, Obstacle, -558.820, -239.741, 0.000, 3.892, 0.000, 0.000, 0.000, 0.000, 0.000
14.850, 0, Ego, -737.934, -406.603, 0.000, 3.892, 0.000, 0.000, 33.333, 0.000, 3.953
14.850, 1, Obstacle, -558.820, -239.741, 0.000, 3.892, 0.000, 0.000, 0.000, 0.000, 0.000
14.900, 0, Ego, -739.154, -407.739, 0.000, 3.892, 0.000, 0.000, 33.333, 0.000, 2.432
14.900, 1, Obstacle, -558.820, -239.741, 0.000, 3.892, 0.000, 0.000, 0.000, 0.000, 0.000
14.950, 0, Ego, -740.373, -408.875, 0.000, 3.892, 0.000, 0.000, 33.333, 0.000, 0.910
14.950, 1, Obstacle, -558.820, -239.741, 0.000, 3.892, 0.000, 0.000, 0.000, 0.000, 0.000
15.000, 0, Ego, -741.592, -410.011, 0.000, 3.892, 0.000, 0.000, 33.333, 0.000, 5.672
15.000, 1, Obstacle, -558.820, -239.741, 0.000, 3.892, 0.000, 0.000, 0.000, 0.000, 0.000
15.050, 0, Ego, -742.812, -411.147, 0.000, 3.892, 0.000, 0.000, 33.333, 0.000, 4.151
15.050, 1, Obstacle, -558.820, -239.741, 0.000, 3.892, 0.000, 0.000, 0.000, 0.000, 0.000
15.100, 0, Ego, -744.031, -412.283, 0.000, 3.892, 0.000, 0.000, 33.333, 0.000, 2.630
15.100, 1, Obstacle, -558.820, -239.741, 0.000, 3.892, 0.000, 0.000, 0.000, 0.000, 0.000
15.150, 0, Ego, -745.251, -413.419, 0.000, 3.892, 0.000, 0.000, 33.333, 0.000, 1.108
15.150, 1, Obstacle, -558.820, -239.741, 0.000, 3.892, 0.000, 0.000, 0.000, 0.000, 0.000
15.200, 0, Ego, -746.470, -414.555, 0.000, 3.892, 0.000, 0.000, 33.333, 0.000, 5.870
15.200, 1, Obstacle, -558.820, -239.741, 0.000, 3.892, 0.000, 0.000, 0.000, 0.000, 0.000
15.250, 0, Ego, -747.690, -415.691, 0.000, 3.892, 0.000, 0.000, 33.333, 0.000, 4.349
15.250, 1, Obstacle, -558.820, -239.741, 0.000, 3.892, 0.000, 0.000, 0.000, 0.000, 0.000
15.300, 0, Ego, -748.909, -416.827, 0.000, 3.892, 0.000, 0.000, 33.333, 0.000, 2.828
15.300, 1, Obstacle, -558.820, -239.741, 0.000, 3.892, 0.000, 0.000, 0.000, 0.000, 0.000
15.350, 0, Ego, -750.129, -417.963, 0.000, 3.892, 0.000, 0.000, 33.333, 0.000, 1.306
15.350, 1, Obstacle, -558.820, -239.741, 0.000, 3.892, 0.000, 0.000, 0.000, 0.000, 0.000
15.400, 0, Ego, -751.348, -419.099, 0.000, 3.892, 0.000, 0.000, 33.333, 0.000, 6.068
15.400, 1, Obstacle, -558.820, -239.741, 0.000, 3.892, 0.000, 0.000, 0.000, 0.000, 0.000
15.450, 0, Ego, -752.568, -420.235, 0.000, 3.892, 0.000, 0.000, 33.333, 0.000, 4.547
15.450, 1, Obstacle, -558.820, -239.741, 0.000, 3.892, 0.000, 0.000, 0.000, 0.000, 0.000
15.500, 0, Ego, -753.787, -421.371, 0.000, 3.892, 0.000, 0.000, 33.333, 0.000, 3.025
15.500, 1, Obstacle, -558.820, -239.741, 0.000, 3.892, 0.000, 0.000, 0.000, 0.000, 0.000
15.550, 0, Ego, -755.007, -422.508, 0.000, 3.892, 0.000, 0.000, 33.333, 0.000, 1.504
15.550, 1, Obstacle, -558.820, -239.741, 0.000, 3.892, 0.000, 0.000, 0.000, 0.000, 0.000
15.600, 0, Ego, -756.226, -423.644, 0.000, 3.892, 0.000, 0.000, 33.333, 0.000, 6.266
15.600, 1, Obstacle, -558.820, -239.741, 0.000, 3.892, 0.000, 0.000, 0.000, 0.000, 0.000
15.650, 0, Ego, -757.446, -424.780, 0.000, 3.892, 0.000, 0.000, 33.333, 0.000, 4.745
15.650, 1, Obstacle, -558.820, -239.741, 0.000, 3.892, 0.000, 0.000, 0.000, 0.000, 0.000
15.700, 0, Ego, -758.665, -425.916, 0.000, 3.892, 0.000, 0.000, 33.333, 0.000, 3.223
15.700, 1, Obstacle, -558.820, -239.741, 0.000, 3.892, 0.000, 0.000, 0.000, 0.000, 0.000
15.750, 0, Ego, -759.885, -427.052, 0.000, 3.892, 0.000, 0.000, 33.333, 0.000, 1.702
15.750, 1, Obstacle, -558.820, -239.741, 0.000, 3.892, 0.000, 0.000, 0.000, 0.000, 0.000
15.800, 0, Ego, -761.104, -428.188, 0.000, 3.892, 0.000, 0.000, 33.333, 0.000, 0.181
15.800, 1, Obstacle, -558.820, -239.741, 0.000, 3.892, 0.000, 0.000, 0.000, 0.000, 0.000
15.850, 0, Ego, -762.323, -429.324, 0.000, 3.892, 0.000, 0.000, 33.333, 0.000, 4.942
15.850, 1, Obstacle, -558.820, -239.741, 0.000, 3.892, 0.000, 0.000, 0.000, 0.000, 0.000
15.900, 0, Ego, -763.543, -430.460, 0.000, 3.892, 0.000, 0.000, 33.333, 0.000, 3.421
15.900, 1, Obstacle, -558.820, -239.741, 0.000, 3.892, 0.000, 0.000, 0.000, 0.000, 0.000
15.950, 0, Ego, -764.762, -431.596, 0.000, 3.892, 0.000, 0.000, 33.333, 0.000, 1.900
15.950, 1, Obstacle, -558.820, -239.741, 0.000, 3.892, 0.000, 0.000, 0.000, 0.000, 0.000
16.000, 0, Ego, -765.982, -432.732, 0.000, 3.892, 0.000, 0.000, 33.333, 0.000, 0.378
16.000, 1, Obstacle, -558.820, -239.741, 0.000, 3.892, 0.000, 0.000, 0.000, 0.000, 0.000
16.050, 0, Ego, -767.201, -433.868, 0.000, 3.892, 0.000, 0.000, 33.333, 0.000, 5.140
16.050, 1, Obstacle, -558.820, -239.741, 0.000, 3.892, 0.000, 0.000, 0.000, 0.000, 0.000
16.100, 0, Ego, -768.421, -435.004, 0.000, 3.892, 0.000, 0.000, 33.333, 0.000, 3.619
16.100, 1, Obstacle, -558.820, -239.741, 0.000, 3.892, 0.000, 0.000, 0.000, 0.000, 0.000
16.150, 0, Ego, -769.640, -436.140, 0.000, 3.892, 0.000, 0.000, 33.333, 0.000, 2.098
16.150, 1, Obstacle, -558.820, -239.741, 0.000, 3.892, 0.000, 0.000, 0.000, 0.000, 0.000
16.200, 0, Ego, -770.860, -437.276, 0.000, 3.892, 0.000, 0.000, 33.333, 0.000, 0.576
16.200, 1, Obstacle, -558.820, -239.741, 0.000, 3.892, 0.000, 0.000, 0.000, 0.000, 0.000
16.250, 0, Ego, -772.079, -438.412, 0.000, 3.892, 0.000, 0.000, 33.333, 0.000, 5.338
16.250, 1, Obstacle, -558.820, -239.741, 0.000, 3.892, 0.000, 0.000, 0.000, 0.000, 0.000
16.300, 0, Ego, -773.299, -439.548, 0.000, 3.892, 0.000, 0.000, 33.333, 0.000, 3.817
16.300, 1, Obstacle, -558.820, -239.741, 0.000, 3.892, 0.000, 0.000, 0.000, 0.000, 0.000
16.350, 0, Ego, -774.518, -440.684, 0.000, 3.892, 0.000, 0.000, 33.333, 0.000, 2.296
16.350, 1, Obstacle, -558.820, -239.741, 0.000, 3.892, 0.000, 0.000, 0.000, 0.000, 0.000
16.400, 0, Ego, -775.738, -441.820, 0.000, 3.892, 0.000, 0.000, 33.333, 0.000, 0.774
16.400, 1, Obstacle, -558.820, -239.741, 0.000, 3.892, 0.000, 0.000, 0.000, 0.000, 0.000
16.450, 0, Ego, -776.957, -442.956, 0.000, 3.892, 0.000, 0.000, 33.333, 0.000, 5.536
16.450, 1, Obstacle, -558.820, -239.741, 0.000, 3.892, 0.000, 0.000, 0.000, 0.000, 0.000
16.500, 0, Ego, -778.177, -444.093, 0.000, 3.892, 0.000, 0.000, 33.333, 0.000, 4.015
16.500, 1, Obstacle, -558.820, -239.741, 0.000, 3.892, 0.000, 0.000, 0.000, 0.000, 0.000
16.550, 0, Ego, -779.396, -445.229, 0.000, 3.892, 0.000, 0.000, 33.333, 0.000, 2.493
16.550, 1, Obstacle, -558.820, -239.741, 0.000, 3.892, 0.000, 0.000, 0.000, 0.000, 0.000
16.600, 0, Ego, -780.615, -446.365, 0.000, 3.892, 0.000, 0.000, 33.333, 0.000, 0.972
16.600, 1, Obstacle, -558.820, -239.741, 0.000, 3.892, 0.000, 0.000, 0.000, 0.000, 0.000
16.650, 0, Ego, -781.835, -447.501, 0.000, 3.892, 0.000, 0.000, 33.333, 0.000, 5.734
16.650, 1, Obstacle, -558.820, -239.741, 0.000, 3.892, 0.000, 0.000, 0.000, 0.000, 0.000
16.700, 0, Ego, -783.054, -448.637, 0.000, 3.892, 0.000, 0.000, 33.333, 0.000, 4.213
16.700, 1, Obstacle, -558.820, -239.741, 0.000, 3.892, 0.000, 0.000, 0.000, 0.000, 0.000
16.750, 0, Ego, -784.274, -449.773, 0.000, 3.892, 0.000, 0.000, 33.333, 0.000, 2.691
16.750, 1, Obstacle, -558.820, -239.741, 0.000, 3.892, 0.000, 0.000, 0.000, 0.000, 0.000
16.800, 0, Ego, -785.493, -450.909, 0.000, 3.892, 0.000, 0.000, 33.333, 0.000, 1.170
16.800, 1, Obstacle, -558.820, -239.741, 0.000, 3.892, 0.000, 0.000, 0.000, 0.000, 0.000
16.850, 0, Ego, -786.713, -452.045, 0.000, 3.892, 0.000, 0.000, 33.333, 0.000, 5.932
16.850, 1, Obstacle, -558.820, -239.741, 0.000, 3.892, 0.000, 0.000, 0.000, 0.000, 0.000
16.900, 0, Ego, -787.932, -453.181, 0.000, 3.892, 0.000, 0.000, 33.333, 0.000, 4.410
16.900, 1, Obstacle, -558.820, -239.741, 0.000, 3.892, 0.000, 0.000, 0.000, 0.000, 0.000
16.950, 0, Ego, -789.152, -454.317, 0.000, 3.892, 0.000, 0.000, 33.333, 0.000, 2.889
16.950, 1, Obstacle, -558.820, -239.741, 0.000, 3.892, 0.000, 0.000, 0.000, 0.000, 0.000
17.000, 0, Ego, -790.371, -455.453, 0.000, 3.892, 0.000, 0.000, 33.333, 0.000, 1.368
17.000, 1, Obstacle, -558.820, -239.741, 0.000, 3.892, 0.000, 0.000, 0.000, 0.000, 0.000
17.050, 0, Ego, -791.591, -456.589, 0.000, 3.892, 0.000, 0.000, 33.333, 0.000, 6.130
17.050, 1, Obstacle, -558.820, -239.741, 0.000, 3.892, 0.000, 0.000, 0.000, 0.000, 0.000
17.100, 0, Ego, -792.810, -457.725, 0.000, 3.892, 0.000, 0.000, 33.333, 0.000, 4.608
17.100, 1, Obstacle, -558.820, -239.741, 0.000, 3.892, 0.000, 0.000, 0.000, 0.000, 0.000
17.150, 0, Ego, -794.030, -458.861, 0.000, 3.892, 0.000, 0.000, 33.333, 0.000, 3.087
17.150, 1, Obstacle, -558.820, -239.741, 0.000, 3.892, 0.000, 0.000, 0.000, 0.000, 0.000
17.200, 0, Ego, -795.249, -459.997, 0.000, 3.892, 0.000, 0.000, 33.333, 0.000, 1.566
17.200, 1, Obstacle, -558.820, -239.741, 0.000, 3.892, 0.000, 0.000, 0.000, 0.000, 0.000
17.250, 0, Ego, -796.469, -461.133, 0.000, 3.892, 0.000, 0.000, 33.333, 0.000, 0.044
17.250, 1, Obstacle, -558.820, -239.741, 0.000, 3.892, 0.000, 0.000, 0.000, 0.000, 0.000
17.300, 0, Ego, -797.688, -462.269, 0.000, 3.892, 0.000, 0.000, 33.333, 0.000, 4.806
17.300, 1, Obstacle, -558.820, -239.741, 0.000, 3.892, 0.000, 0.000, 0.000, 0.000, 0.000
17.350, 0, Ego, -798.908, -463.405, 0.000, 3.892, 0.000, 0.000, 33.333, 0.000, 3.285
17.350, 1, Obstacle, -558.820, -239.741, 0.000, 3.892, 0.000, 0.000, 0.000, 0.000, 0.000
17.400, 0, Ego, -800.127, -464.541, 0.000, 3.892, 0.000, 0.000, 33.333, 0.000, 1.764
17.400, 1, Obstacle, -558.820, -239.741, 0.000, 3.892, 0.000, 0.000, 0.000, 0.000, 0.000
17.450, 0, Ego, -801.346, -465.678, 0.000, 3.892, 0.000, 0.000, 33.333, 0.000, 0.242
17.450, 1, Obstacle, -558.820, -239.741, 0.000, 3.892, 0.000, 0.000, 0.000, 0.000, 0.000
17.500, 0, Ego, -802.566, -466.814, 0.000, 3.892, 0.000, 0.000, 33.333, 0.000, 5.004
17.500, 1, Obstacle, -558.820, -239.741, 0.000, 3.892, 0.000, 0.000, 0.000, 0.000, 0.000
17.550, 0, Ego, -803.785, -467.950, 0.000, 3.892, 0.000, 0.000, 33.333, 0.000, 3.483
17.550, 1, Obstacle, -558.820, -239.741, 0.000, 3.892, 0.000, 0.000, 0.000, 0.000, 0.000
17.600, 0, Ego, -805.005, -469.086, 0.000, 3.892, 0.000, 0.000, 33.333, 0.000, 1.961
17.600, 1, Obstacle, -558.820, -239.741, 0.000, 3.892, 0.000, 0.000, 0.000, 0.000, 0.000
17.650, 0, Ego, -806.224, -470.222, 0.000, 3.892, 0.000, 0.000, 33.333, 0.000, 0.440
17.650, 1, Obstacle, -558.820, -239.741, 0.000, 3.892, 0.000, 0.000, 0.000, 0.000, 0.000
17.700, 0, Ego, -807.444, -471.358, 0.000, 3.892, 0.000, 0.000, 33.333, 0.000, 5.202
17.700, 1, Obstacle, -558.820, -239.741, 0.000, 3.892, 0.000, 0.000, 0.000, 0.000, 0.000
17.750, 0, Ego, -808.663, -472.494, 0.000, 3.892, 0.000, 0.000, 33.333, 0.000, 3.681
17.750, 1, Obstacle, -558.820, -239.741, 0.000, 3.892, 0.000, 0.000, 0.000, 0.000, 0.000
17.800, 0, Ego, -809.883, -473.630, 0.000, 3.892, 0.000, 0.000, 33.333, 0.000, 2.159
17.800, 1, Obstacle, -558.820, -239.741, 0.000, 3.892, 0.000, 0.000, 0.000, 0.000, 0.000
17.850, 0, Ego, -811.102, -474.766, 0.000, 3.892, 0.000, 0.000, 33.333, 0.000, 0.638
17.850, 1, Obstacle, -558.820, -239.741, 0.000, 3.892, 0.000, 0.000, 0.000, 0.000, 0.000
17.900, 0, Ego, -812.322, -475.902, 0.000, 3.892, 0.000, 0.000, 33.333, 0.000, 5.400
17.900, 1, Obstacle, -558.820, -239.741, 0.000, 3.892, 0.000, 0.000, 0.000, 0.000, 0.000
17.950, 0, Ego, -813.541, -477.038, 0.000, 3.892, 0.000, 0.000, 33.333, 0.000, 3.879
17.950, 1, Obstacle, -558.820, -239.741, 0.000, 3.892, 0.000, 0.000, 0.000, 0.000, 0.000
18.000, 0, Ego, -814.761, -478.174, 0.000, 3.892, 0.000, 0.000, 33.333, 0.000, 2.357
18.000, 1, Obstacle, -558.820, -239.741, 0.000, 3.892, 0.000, 0.000, 0.000, 0.000, 0.000
18.050, 0, Ego, -815.980, -479.310, 0.000, 3.892, 0.000, 0.000, 33.333, 0.000, 0.836
18.050, 1, Obstacle, -558.820, -239.741, 0.000, 3.892, 0.000, 0.000, 0.000, 0.000, 0.000
18.100, 0, Ego, -817.200, -480.446, 0.000, 3.892, 0.000, 0.000, 33.333, 0.000, 5.598
18.100, 1, Obstacle, -558.820, -239.741, 0.000, 3.892, 0.000, 0.000, 0.000, 0.000, 0.000
18.150, 0, Ego, -818.419, -481.582, 0.000, 3.892, 0.000, 0.000, 33.333, 0.000, 4.076
18.150, 1, Obstacle, -558.820, -239.741, 0.000, 3.892, 0.000, 0.000, 0.000, 0.000, 0.000
18.200, 0, Ego, -819.638, -482.718, 0.000, 3.892, 0.000, 0.000, 33.333, 0.000, 2.555
18.200, 1, Obstacle, -558.820, -239.741, 0.000, 3.892, 0.000, 0.000, 0.000, 0.000, 0.000
18.250, 0, Ego, -820.858, -483.854, 0.000, 3.892, 0.000, 0.000, 33.333, 0.000, 1.034
18.250, 1, Obstacle, -558.820, -239.741, 0.000, 3.892, 0.000, 0.000, 0.000, 0.000, 0.000
18.300, 0, Ego, -822.077, -484.990, 0.000, 3.892, 0.000, 0.000, 33.333, 0.000, 5.796
18.300, 1, Obstacle, -558.820, -239.741, 0.000, 3.892, 0.000, 0.000, 0.000, 0.000, 0.000
18.350, 0, Ego, -823.297, -486.126, 0.000, 3.892, 0.000, 0.000, 33.333, 0.000, 4.274
18.350, 1, Obstacle, -558.820, -239.741, 0.000, 3.892, 0.000, 0.000, 0.000, 0.000, 0.000
18.400, 0, Ego, -824.516, -487.263, 0.000, 3.892, 0.000, 0.000, 33.333, 0.000, 2.753
18.400, 1, Obstacle, -558.820, -239.741, 0.000, 3.892, 0.000, 0.000, 0.000, 0.000, 0.000
18.450, 0, Ego, -825.736, -488.399, 0.000, 3.892, 0.000, 0.000, 33.333, 0.000, 1.232
18.450, 1, Obstacle, -558.820, -239.741, 0.000, 3.892, 0.000, 0.000, 0.000, 0.000, 0.000
18.500, 0, Ego, -826.955, -489.535, 0.000, 3.892, 0.000, 0.000, 33.333, 0.000, 5.993
18.500, 1, Obstacle, -558.820, -239.741, 0.000, 3.892, 0.000, 0.000, 0.000, 0.000, 0.000
18.550, 0, Ego, -828.175, -490.671, 0.000, 3.892, 0.000, 0.000, 33.333, 0.000, 4.472
18.550, 1, Obstacle, -558.820, -239.741, 0.000, 3.892, 0.000, 0.000, 0.000, 0.000, 0.000
18.600, 0, Ego, -829.394, -491.807, 0.000, 3.892, 0.000, 0.000, 33.333, 0.000, 2.951
18.600, 1, Obstacle, -558.820, -239.741, 0.000, 3.892, 0.000, 0.000, 0.000, 0.000, 0.000
18.650, 0, Ego, -830.614, -492.943, 0.000, 3.892, 0.000, 0.000, 33.333, 0.000, 1.429
18.650, 1, Obstacle, -558.820, -239.741, 0.000, 3.892, 0.000, 0.000, 0.000, 0.000, 0.000
18.700, 0, Ego, -831.833, -494.079, 0.000, 3.892, 0.000, 0.000, 33.333, 0.000, 6.191
18.700, 1, Obstacle, -558.820, -239.741, 0.000, 3.892, 0.000, 0.000, 0.000, 0.000, 0.000
18.750, 0, Ego, -833.053, -495.215, 0.000, 3.892, 0.000, 0.000, 33.333, 0.000, 4.670
18.750, 1, Obstacle, -558.820, -239.741, 0.000, 3.892, 0.000, 0.000, 0.000, 0.000, 0.000
18.800, 0, Ego, -834.272, -496.351, 0.000, 3.892, 0.000, 0.000, 33.333, 0.000, 3.149
18.800, 1, Obstacle, -558.820, -239.741, 0.000, 3.892, 0.000, 0.000, 0.000, 0.000, 0.000
18.850, 0, Ego, -835.492, -497.487, 0.000, 3.892, 0.000, 0.000, 33.333, 0.000, 1.627
18.850, 1, Obstacle, -558.820, -239.741, 0.000, 3.892, 0.000, 0.000, 0.000, 0.000, 0.000
18.900, 0, Ego, -836.711, -498.623, 0.000, 3.892, 0.000, 0.000, 33.333, 0.000, 0.106
18.900, 1, Obstacle, -558.820, -239.741, 0.000, 3.892, 0.000, 0.000, 0.000, 0.000, 0.000
18.950, 0, Ego, -837.931, -499.759, 0.000, 3.892, 0.000, 0.000, 33.333, 0.000, 4.868
18.950, 1, Obstacle, -558.820, -239.741, 0.000, 3.892, 0.000, 0.000, 0.000, 0.000, 0.000
19.000, 0, Ego, -839.150, -500.895, 0.000, 3.892, 0.000, 0.000, 33.333, 0.000, 3.347
19.000, 1, Obstacle, -558.820, -239.741, 0.000, 3.892, 0.000, 0.000, 0.000, 0.000, 0.000
19.050, 0, Ego, -840.370, -502.031, 0.000, 3.892, 0.000, 0.000, 33.333, 0.000, 1.825
19.050, 1, Obstacle, -558.820, -239.741, 0.000, 3.892, 0.000, 0.000, 0.000, 0.000, 0.000
19.100, 0, Ego, -841.589, -503.167, 0.000, 3.892, 0.000, 0.000, 33.333, 0.000, 0.304
19.100, 1, Obstacle, -558.820, -239.741, 0.000, 3.892, 0.000, 0.000, 0.000, 0.000, 0.000
19.150, 0, Ego, -842.808, -504.303, 0.000, 3.892, 0.000, 0.000, 33.333, 0.000, 5.066
19.150, 1, Obstacle, -558.820, -239.741, 0.000, 3.892, 0.000, 0.000, 0.000, 0.000, 0.000
19.200, 0, Ego, -844.028, -505.439, 0.000, 3.892, 0.000, 0.000, 33.333, 0.000, 3.544
19.200, 1, Obstacle, -558.820, -239.741, 0.000, 3.892, 0.000, 0.000, 0.000, 0.000, 0.000
19.250, 0, Ego, -845.247, -506.575, 0.000, 3.892, 0.000, 0.000, 33.333, 0.000, 2.023
19.250, 1, Obstacle, -558.820, -239.741, 0.000, 3.892, 0.000, 0.000, 0.000, 0.000, 0.000
19.300, 0, Ego, -846.467, -507.711, 0.000, 3.892, 0.000, 0.000, 33.333, 0.000, 0.502
19.300, 1, Obstacle, -558.820, -239.741, 0.000, 3.892, 0.000, 0.000, 0.000, 0.000, 0.000
19.350, 0, Ego, -847.686, -508.848, 0.000, 3.892, 0.000, 0.000, 33.333, 0.000, 5.264
19.350, 1, Obstacle, -558.820, -239.741, 0.000, 3.892, 0.000, 0.000, 0.000, 0.000, 0.000
19.400, 0, Ego, -848.906, -509.984, 0.000, 3.892, 0.000, 0.000, 33.333, 0.000, 3.742
19.400, 1, Obstacle, -558.820, -239.741, 0.000, 3.892, 0.000, 0.000, 0.000, 0.000, 0.000
19.450, 0, Ego, -850.125, -511.120, 0.000, 3.892, 0.000, 0.000, 33.333, 0.000, 2.221
19.450, 1, Obstacle, -558.820, -239.741, 0.000, 3.892, 0.000, 0.000, 0.000, 0.000, 0.000
19.500, 0, Ego, -851.345, -512.256, 0.000, 3.892, 0.000, 0.000, 33.333, 0.000, 0.700
19.500, 1, Obstacle, -558.820, -239.741, 0.000, 3.892, 0.000, 0.000, 0.000, 0.000, 0.000
19.550, 0, Ego, -852.564, -513.392, 0.000, 3.892, 0.000, 0.000, 33.333, 0.000, 5.462
19.550, 1, Obstacle, -558.820, -239.741, 0.000, 3.892, 0.000, 0.000, 0.000, 0.000, 0.000
19.600, 0, Ego, -853.784, -514.528, 0.000, 3.892, 0.000, 0.000, 33.333, 0.000, 3.940
19.600, 1, Obstacle, -558.820, -239.741, 0.000, 3.892, 0.000, 0.000, 0.000, 0.000, 0.000
19.650, 0, Ego, -855.003, -515.664, 0.000, 3.892, 0.000, 0.000, 33.333, 0.000, 2.419
19.650, 1, Obstacle, -558.820, -239.741, 0.000, 3.892, 0.000, 0.000, 0.000, 0.000, 0.000
19.700, 0, Ego, -856.223, -516.800, 0.000, 3.892, 0.000, 0.000, 33.333, 0.000, 0.898
19.700, 1, Obstacle, -558.820, -239.741, 0.000, 3.892, 0.000, 0.000, 0.000, 0.000, 0.000
19.750, 0, Ego, -857.442, -517.936, 0.000, 3.892, 0.000, 0.000, 33.333, 0.000, 5.659
19.750, 1, Obstacle, -558.820, -239.741, 0.000, 3.892, 0.000, 0.000, 0.000, 0.000, 0.000
19.800, 0, Ego, -858.662, -519.072, 0.000, 3.892, 0.000, 0.000, 33.333, 0.000, 4.138
19.800, 1, Obstacle, -558.820, -239.741, 0.000, 3.892, 0.000, 0.000, 0.000, 0.000, 0.000
19.850, 0, Ego, -859.881, -520.208, 0.000, 3.892, 0.000, 0.000, 33.333, 0.000, 2.617
19.850, 1, Obstacle, -558.820, -239.741, 0.000, 3.892, 0.000, 0.000, 0.000, 0.000, 0.000
19.900, 0, Ego, -861.100, -521.344, 0.000, 3.892, 0.000, 0.000, 33.333, 0.000, 1.095
19.900, 1, Obstacle, -558.820, -239.741, 0.000, 3.892, 0.000, 0.000, 0.000, 0.000, 0.000
19.950, 0, Ego, -862.320, -522.480, 0.000, 3.892, 0.000, 0.000, 33.333, 0.000, 5.857
19.950, 1, Obstacle, -558.820, -239.741, 0.000, 3.892, 0.000, 0.000, 0.000, 0.000, 0.000
20.000, 0, Ego, -863.539, -523.616, 0.000, 3.892, 0.000, 0.000, 33.333, 0.000, 4.336
20.000, 1, Obstacle, -558.820, -239.741, 0.000, 3.892, 0.000, 0.000, 0.000, 0.000, 0.000
20.050, 0, Ego, -864.759, -524.752, 0.000, 3.892, 0.000, 0.000, 33.333, 0.000, 2.815
20.050, 1, Obstacle, -558.820, -239.741, 0.000, 3.892, 0.000, 0.000, 0.000, 0.000, 0.000
20.100, 0, Ego, -865.978, -525.888, 0.000, 3.892, 0.000, 0.000, 33.333, 0.000, 1.293
20.100, 1, Obstacle, -558.820, -239.741, 0.000, 3.892, 0.000, 0.000, 0.000, 0.000, 0.000
20.150, 0, Ego, -867.198, -527.024, 0.000, 3.892, 0.000, 0.000, 33.333, 0.000, 6.055
20.150, 1, Obstacle, -558.820, -239.741, 0.000, 3.892, 0.000, 0.000, 0.000, 0.000, 0.000
20.200, 0, Ego, -868.417, -528.160, 0.000, 3.892, 0.000, 0.000, 33.333, 0.000, 4.534
20.200, 1, Obstacle, -558.820, -239.741, 0.000, 3.892, 0.000, 0.000, 0.000, 0.000, 0.000
20.250, 0, Ego, -869.637, -529.297, 0.000, 3.892, 0.000, 0.000, 33.333, 0.000, 3.012
20.250, 1, Obstacle, -558.820, -239.741, 0.000, 3.892, 0.000, 0.000, 0.000, 0.000, 0.000
20.300, 0, Ego, -870.856, -530.433, 0.000, 3.892, 0.000, 0.000, 33.333, 0.000, 1.491
20.300, 1, Obstacle, -558.820, -239.741, 0.000, 3.892, 0.000, 0.000, 0.000, 0.000, 0.000
20.350, 0, Ego, -872.076, -531.569, 0.000, 3.892, 0.000, 0.000, 33.333, 0.000, 6.253
20.350, 1, Obstacle, -558.820, -239.741, 0.000, 3.892, 0.000, 0.000, 0.000, 0.000, 0.000
20.400, 0, Ego, -873.295, -532.705, 0.000, 3.892, 0.000, 0.000, 33.333, 0.000, 4.732
20.400, 1, Obstacle, -558.820, -239.741, 0.000, 3.892, 0.000, 0.000, 0.000, 0.000, 0.000
20.450, 0, Ego, -874.515, -533.841, 0.000, 3.892, 0.000, 0.000, 33.333, 0.000, 3.210
20.450, 1, Obstacle, -558.820, -239.741, 0.000, 3.892, 0.000, 0.000, 0.000, 0.000, 0.000
20.500, 0, Ego, -875.734, -534.977, 0.000, 3.892, 0.000, 0.000, 33.333, 0.000, 1.689
20.500, 1, Obstacle, -558.820, -239.741, 0.000, 3.892, 0.000, 0.000, 0.000, 0.000, 0.000
20.550, 0, Ego, -876.954, -536.113, 0.000, 3.892, 0.000, 0.000, 33.333, 0.000, 0.168
20.550, 1, Obstacle, -558.820, -239.741, 0.000, 3.892, 0.000, 0.000, 0.000, 0.000, 0.000
20.600, 0, Ego, -878.173, -537.249, 0.000, 3.892, 0.000, 0.000, 33.333, 0.000, 4.930
20.600, 1, Obstacle, -558.820, -239.741, 0.000, 3.892, 0.000, 0.000, 0.000, 0.000, 0.000
20.650, 0, Ego, -879.393, -538.385, 0.000, 3.892, 0.000, 0.000, 33.333, 0.000, 3.408
20.650, 1, Obstacle, -558.820, -239.741, 0.000, 3.892, 0.000, 0.000, 0.000, 0.000, 0.000
20.700, 0, Ego, -880.612, -539.521, 0.000, 3.892, 0.000, 0.000, 33.333, 0.000, 1.887
20.700, 1, Obstacle, -558.820, -239.741, 0.000, 3.892, 0.000, 0.000, 0.000, 0.000, 0.000
20.750, 0, Ego, -881.831, -540.657, 0.000, 3.892, 0.000, 0.000, 33.333, 0.000, 0.366
20.750, 1, Obstacle, -558.820, -239.741, 0.000, 3.892, 0.000, 0.000, 0.000, 0.000, 0.000
20.800, 0, Ego, -883.051, -541.793, 0.000, 3.892, 0.000, 0.000, 33.333, 0.000, 5.127
20.800, 1, Obstacle, -558.820, -239.741, 0.000, 3.892, 0.000, 0.000, 0.000, 0.000, 0.000
20.850, 0, Ego, -884.270, -542.929, 0.000, 3.892, 0.000, 0.000, 33.333, 0.000, 3.606
20.850, 1, Obstacle, -558.820, -239.741, 0.000, 3.892, 0.000, 0.000, 0.000, 0.000, 0.000
20.900, 0, Ego, -885.490, -544.065, 0.000, 3.892, 0.000, 0.000, 33.333, 0.000, 2.085
20.900, 1, Obstacle, -558.820, -239.741, 0.000, 3.892, 0.000, 0.000, 0.000, 0.000, 0.000
20.950, 0, Ego, -886.709, -545.201, 0.000, 3.892, 0.000, 0.000, 33.333, 0.000, 0.563
20.950, 1, Obstacle, -558.820, -239.741, 0.000, 3.892, 0.000, 0.000, 0.000, 0.000, 0.000
21.000, 0, Ego, -887.929, -546.337, 0.000, 3.892, 0.000, 0.000, 33.333, 0.000, 5.325
21.000, 1, Obstacle, -558.820, -239.741, 0.000, 3.892, 0.000, 0.000, 0.000, 0.000, 0.000
21.050, 0, Ego, -889.148, -547.473, 0.000, 3.892, 0.000, 0.000, 33.333, 0.000, 3.804
21.050, 1, Obstacle, -558.820, -239.741, 0.000, 3.892, 0.000, 0.000, 0.000, 0.000, 0.000
21.100, 0, Ego, -890.368, -548.609, 0.000, 3.892, 0.000, 0.000, 33.333, 0.000, 2.283
21.100, 1, Obstacle, -558.820, -239.741, 0.000, 3.892, 0.000, 0.000, 0.000, 0.000, 0.000
21.150, 0, Ego, -891.587, -549.745, 0.000, 3.892, 0.000, 0.000, 33.333, 0.000, 0.761
21.150, 1, Obstacle, -558.820, -239.741, 0.000, 3.892, 0.000, 0.000, 0.000, 0.000, 0.000
21.200, 0, Ego, -892.807, -550.882, 0.000, 3.892, 0.000, 0.000, 33.333, 0.000, 5.523
21.200, 1, Obstacle, -558.820, -239.741, 0.000, 3.892, 0.000, 0.000, 0.000, 0.000, 0.000
21.250, 0, Ego, -894.026, -552.018, 0.000, 3.892, 0.000, 0.000, 33.333, 0.000, 4.002
21.250, 1, Obstacle, -558.820, -239.741, 0.000, 3.892, 0.000, 0.000, 0.000, 0.000, 0.000
21.300, 0, Ego, -895.246, -553.154, 0.000, 3.892, 0.000, 0.000, 33.333, 0.000, 2.481
21.300, 1, Obstacle, -558.820, -239.741, 0.000, 3.892, 0.000, 0.000, 0.000, 0.000, 0.000
21.350, 0, Ego, -896.465, -554.290, 0.000, 3.892, 0.000, 0.000, 33.333, 0.000, 0.959
21.350, 1, Obstacle, -558.820, -239.741, 0.000, 3.892, 0.000, 0.000, 0.000, 0.000, 0.000
21.400, 0, Ego, -897.685, -555.426, 0.000, 3.892, 0.000, 0.000, 33.333, 0.000, 5.721
21.400, 1, Obstacle, -558.820, -239.741, 0.000, 3.892, 0.000, 0.000, 0.000, 0.000, 0.000
21.450, 0, Ego, -898.904, -556.562, 0.000, 3.892, 0.000, 0.000, 33.333, 0.000, 4.200
21.450, 1, Obstacle, -558.820, -239.741, 0.000, 3.892, 0.000, 0.000, 0.000, 0.000, 0.000
21.500, 0, Ego, -900.123, -557.698, 0.000, 3.892, 0.000, 0.000, 33.333, 0.000, 2.678
21.500, 1, Obstacle, -558.820, -239.741, 0.000, 3.892, 0.000, 0.000, 0.000, 0.000, 0.000
21.550, 0, Ego, -901.343, -558.834, 0.000, 3.892, 0.000, 0.000, 33.333, 0.000, 1.157
21.550, 1, Obstacle, -558.820, -239.741, 0.000, 3.892, 0.000, 0.000, 0.000, 0.000, 0.000
21.600, 0, Ego, -902.562, -559.970, 0.000, 3.892, 0.000, 0.000, 33.333, 0.000, 5.919
21.600, 1, Obstacle, -558.820, -239.741, 0.000, 3.892, 0.000, 0.000, 0.000, 0.000, 0.000
21.650, 0, Ego, -903.782, -561.106, 0.000, 3.892, 0.000, 0.000, 33.333, 0.000, 4.398
21.650, 1, Obstacle, -558.820, -239.741, 0.000, 3.892, 0.000, 0.000, 0.000, 0.000, 0.000
21.700, 0, Ego, -905.001, -562.242, 0.000, 3.892, 0.000, 0.000, 33.333, 0.000, 2.876
21.700, 1, Obstacle, -558.820, -239.741, 0.000, 3.892, 0.000, 0.000, 0.000, 0.000, 0.000
21.750, 0, Ego, -906.221, -563.378, 0.000, 3.892, 0.000, 0.000, 33.333, 0.000, 1.355
21.750, 1, Obstacle, -558.820, -239.741, 0.000, 3.892, 0.000, 0.000, 0.000, 0.000, 0.000
21.800, 0, Ego, -907.440, -564.514, 0.000, 3.892, 0.000, 0.000, 33.333, 0.000, 6.117
21.800, 1, Obstacle, -558.820, -239.741, 0.000, 3.892, 0.000, 0.000, 0.000, 0.000, 0.000
21.850, 0, Ego, -908.660, -565.650, 0.000, 3.892, 0.000, 0.000, 33.333, 0.000, 4.595
21.850, 1, Obstacle, -558.820, -239.741, 0.000, 3.892, 0.000, 0.000, 0.000, 0.000, 0.000
21.900, 0, Ego, -909.879, -566.786, 0.000, 3.892, 0.000, 0.000, 33.333, 0.000, 3.074
21.900, 1, Obstacle, -558.820, -239.741, 0.000, 3.892, 0.000, 0.000, 0.000, 0.000, 0.000
21.950, 0, Ego, -911.099, -567.922, 0.000, 3.892, 0.000, 0.000, 33.333, 0.000, 1.553
21.950, 1, Obstacle, -558.820, -239.741, 0.000, 3.892, 0.000, 0.000, 0.000, 0.000, 0.000
22.000, 0, Ego, -912.318, -569.058, 0.000, 3.892, 0.000, 0.000, 33.333, 0.000, 0.031
22.000, 1, Obstacle, -558.820, -239.741, 0.000, 3.892, 0.000, 0.000, 0.000, 0.000, 0.000
22.050, 0, Ego, -913.538, -570.194, 0.000, 3.892, 0.000, 0.000, 33.333, 0.000, 4.793
22.050, 1, Obstacle, -558.820, -239.741, 0.000, 3.892, 0.000, 0.000, 0.000, 0.000, 0.000
22.100, 0, Ego, -914.757, -571.331, 0.000, 3.892, 0.000, 0.000, 33.333, 0.000, 3.272
22.100, 1, Obstacle, -558.820, -239.741, 0.000, 3.892, 0.000, 0.000, 0.000, 0.000, 0.000
22.150, 0, Ego, -915.977, -572.467, 0.000, 3.892, 0.000, 0.000, 33.333, 0.000, 1.751
22.150, 1, Obstacle, -558.820, -239.741, 0.000, 3.892, 0.000, 0.000, 0.000, 0.000, 0.000
22.200, 0, Ego, -917.196, -573.603, 0.000, 3.892, 0.000, 0.000, 33.333, 0.000, 0.229
22.200, 1, Obstacle, -558.820, -239.741, 0.000, 3.892, 0.000, 0.000, 0.000, 0.000, 0.000
22.250, 0, Ego, -918.416, -574.739, 0.000, 3.892, 0.000, 0.000, 33.333, 0.000, 4.991
22.250, 1, Obstacle, -558.820, -239.741, 0.000, 3.892, 0.000, 0.000, 0.000, 0.000, 0.000
22.300, 0, Ego, -919.635, -575.875, 0.000, 3.892, 0.000, 0.000, 33.333, 0.000, 3.470
22.300, 1, Obstacle, -558.820, -239.741, 0.000, 3.892, 0.000, 0.000, 0.000, 0.000, 0.000
22.350, 0, Ego, -920.854, -577.011, 0.000, 3.892, 0.000, 0.000, 33.333, 0.000, 1.949
22.350, 1, Obstacle, -558.820, -239.741, 0.000, 3.892, 0.000, 0.000, 0.000, 0.000, 0.000
22.400, 0, Ego, -922.074, -578.147, 0.000, 3.892, 0.000, 0.000, 33.333, 0.000, 0.427
22.400, 1, Obstacle, -558.820, -239.741, 0.000, 3.892, 0.000, 0.000, 0.000, 0.000, 0.000
22.450, 0, Ego, -923.293, -579.283, 0.000, 3.892, 0.000, 0.000, 33.333, 0.000, 5.189
22.450, 1, Obstacle, -558.820, -239.741, 0.000, 3.892, 0.000, 0.000, 0.000, 0.000, 0.000
22.500, 0, Ego, -924.513, -580.419, 0.000, 3.892, 0.000, 0.000, 33.333, 0.000, 3.668
22.500, 1, Obstacle, -558.820, -239.741, 0.000, 3.892, 0.000, 0.000, 0.000, 0.000, 0.000
22.550, 0, Ego, -925.732, -581.555, 0.000, 3.892, 0.000, 0.000, 33.333, 0.000, 2.146
22.550, 1, Obstacle, -558.820, -239.741, 0.000, 3.892, 0.000, 0.000, 0.000, 0.000, 0.000
22.600, 0, Ego, -926.952, -582.691, 0.000, 3.892, 0.000, 0.000, 33.333, 0.000, 0.625
22.600, 1, Obstacle, -558.820, -239.741, 0.000, 3.892, 0.000, 0.000, 0.000, 0.000, 0.000
22.650, 0, Ego, -928.171, -583.827, 0.000, 3.892, 0.000, 0.000, 33.333, 0.000, 5.387
22.650, 1, Obstacle, -558.820, -239.741, 0.000, 3.892, 0.000, 0.000, 0.000, 0.000, 0.000
22.700, 0, Ego, -929.391, -584.963, 0.000, 3.892, 0.000, 0.000, 33.333, 0.000, 3.866
22.700, 1, Obstacle, -558.820, -239.741, 0.000, 3.892, 0.000, 0.000, 0.000, 0.000, 0.000
22.750, 0, Ego, -930.610, -586.099, 0.000, 3.892, 0.000, 0.000, 33.333, 0.000, 2.344
22.750, 1, Obstacle, -558.820, -239.741, 0.000, 3.892, 0.000, 0.000, 0.000, 0.000, 0.000
22.800, 0, Ego, -931.830, -587.235, 0.000, 3.892, 0.000, 0.000, 33.333, 0.000, 0.823
22.800, 1, Obstacle, -558.820, -239.741, 0.000, 3.892, 0.000, 0.000, 0.000, 0.000, 0.000
22.850, 0, Ego, -933.049, -588.371, 0.000, 3.892, 0.000, 0.000, 33.333, 0.000, 5.585
22.850, 1, Obstacle, -558.820, -239.741, 0.000, 3.892, 0.000, 0.000, 0.000, 0.000, 0.000
22.900, 0, Ego, -934.269, -589.507, 0.000, 3.892, 0.000, 0.000, 33.333, 0.000, 4.063
22.900, 1, Obstacle, -558.820, -239.741, 0.000, 3.892, 0.000, 0.000, 0.000, 0.000, 0.000
22.950, 0, Ego, -935.488, -590.643, 0.000, 3.892, 0.000, 0.000, 33.333, 0.000, 2.542
22.950, 1, Obstacle, -558.820, -239.741, 0.000, 3.892, 0.000, 0.000, 0.000, 0.000, 0.000
23.000, 0, Ego, -936.708, -591.779, 0.000, 3.892, 0.000, 0.000, 33.333, 0.000, 1.021
23.000, 1, Obstacle, -558.820, -239.741, 0.000, 3.892, 0.000, 0.000, 0.000, 0.000, 0.000
23.050, 0, Ego, -937.927, -592.915, 0.000, 3.892, 0.000, 0.000, 33.333, 0.000, 5.783
23.050, 1, Obstacle, -558.820, -239.741, 0.000, 3.892, 0.000, 0.000, 0.000, 0.000, 0.000
23.100, 0, Ego, -939.146, -594.052, 0.000, 3.892, 0.000, 0.000, 33.333, 0.000, 4.261
23.100, 1, Obstacle, -558.820, -239.741, 0.000, 3.892, 0.000, 0.000, 0.000, 0.000, 0.000
23.150, 0, Ego, -940.366, -595.188, 0.000, 3.892, 0.000, 0.000, 33.333, 0.000, 2.740
23.150, 1, Obstacle, -558.820, -239.741, 0.000, 3.892, 0.000, 0.000, 0.000, 0.000, 0.000
23.200, 0, Ego, -941.585, -596.324, 0.000, 3.892, 0.000, 0.000, 33.333, 0.000, 1.219
23.200, 1, Obstacle, -558.820, -239.741, 0.000, 3.892, 0.000, 0.000, 0.000, 0.000, 0.000
23.250, 0, Ego, -942.805, -597.460, 0.000, 3.892, 0.000, 0.000, 33.333, 0.000, 5.981
23.250, 1, Obstacle, -558.820, -239.741, 0.000, 3.892, 0.000, 0.000, 0.000, 0.000, 0.000
23.300, 0, Ego, -354.073, -53.961, 0.000, 0.743, 0.000, 0.000, 33.333, 1.394, 4.459
23.300, 1, Obstacle, -558.820, -239.741, 0.000, 3.892, 0.000, 0.000, 0.000, 0.000, 0.000
23.350, 0, Ego, -352.841, -52.839, 0.000, 0.734, 0.000, 0.000, 33.333, -0.015, 2.938
23.350, 1, Obstacle, -558.820, -239.741, 0.000, 3.892, 0.000, 0.000, 0.000, 0.000, 0.000
23.400, 0, Ego, -351.599, -51.727, 0.000, 0.726, 0.000, 0.000, 33.333, -0.015, 1.417
23.400, 1, Obstacle, -558.820, -239.741, 0.000, 3.892, 0.000, 0.000, 0.000, 0.000, 0.000
23.450, 0, Ego, -350.348, -50.626, 0.000, 0.717, 0.000, 0.000, 33.333, -0.015, 6.178
23.450, 1, Obstacle, -558.820, -239.741, 0.000, 3.892, 0.000, 0.000, 0.000, 0.000, 0.000
23.500, 0, Ego, -349.087, -49.536, 0.000, 0.709, 0.000, 0.000, 33.333, -0.015, 4.657
23.500, 1, Obstacle, -558.820, -239.741, 0.000, 3.892, 0.000, 0.000, 0.000, 0.000, 0.000
23.550, 0, Ego, -347.818, -48.456, 0.000, 0.701, 0.000, 0.000, 33.333, -0.015, 3.136
23.550, 1, Obstacle, -558.820, -239.741, 0.000, 3.892, 0.000, 0.000, 0.000, 0.000, 0.000
23.600, 0, Ego, -346.539, -47.387, 0.000, 0.692, 0.000, 0.000, 33.333, -0.015, 1.614
23.600, 1, Obstacle, -558.820, -239.741, 0.000, 3.892, 0.000, 0.000, 0.000, 0.000, 0.000
23.650, 0, Ego, -345.252, -46.328, 0.000, 0.684, 0.000, 0.000, 33.333, -0.015, 0.093
23.650, 1, Obstacle, -558.820, -239.741, 0.000, 3.892, 0.000, 0.000, 0.000, 0.000, 0.000
23.700, 0, Ego, -343.956, -45.281, 0.000, 0.675, 0.000, 0.000, 33.333, -0.015, 4.855
23.700, 1, Obstacle, -558.820, -239.741, 0.000, 3.892, 0.000, 0.000, 0.000, 0.000, 0.000
23.750, 0, Ego, -342.651, -44.244, 0.000, 0.667, 0.000, 0.000, 33.333, -0.015, 3.334
23.750, 1, Obstacle, -558.820, -239.741, 0.000, 3.892, 0.000, 0.000, 0.000, 0.000, 0.000
23.800, 0, Ego, -341.337, -43.219, 0.000, 0.659, 0.000, 0.000, 33.333, -0.015, 1.812
23.800, 1, Obstacle, -558.820, -239.741, 0.000, 3.892, 0.000, 0.000, 0.000, 0.000, 0.000
23.850, 0, Ego, -340.015, -42.204, 0.000, 0.650, 0.000, 0.000, 33.333, -0.015, 0.291
23.850, 1, Obstacle, -558.820, -239.741, 0.000, 3.892, 0.000, 0.000, 0.000, 0.000, 0.000
23.900, 0, Ego, -338.684, -41.201, 0.000, 0.642, 0.000, 0.000, 33.333, -0.015, 5.053
23.900, 1, Obstacle, -558.820, -239.741, 0.000, 3.892, 0.000, 0.000, 0.000, 0.000, 0.000
23.950, 0, Ego, -337.345, -40.209, 0.000, 0.633, 0.000, 0.000, 33.333, -0.015, 3.532
23.950, 1, Obstacle, -558.820, -239.741, 0.000, 3.892, 0.000, 0.000, 0.000, 0.000, 0.000
24.000, 0, Ego, -335.997, -39.228, 0.000, 0.625, 0.000, 0.000, 33.333, -0.015, 2.010
24.000, 1, Obstacle, -558.820, -239.741, 0.000, 3.892, 0.000, 0.000, 0.000, 0.000, 0.000
24.050, 0, Ego, -334.642, -38.258, 0.000, 0.617, 0.000, 0.000, 33.333, -0.015, 0.489
24.050, 1, Obstacle, -558.820, -239.741, 0.000, 3.892, 0.000, 0.000, 0.000, 0.000, 0.000
24.100, 0, Ego, -333.278, -37.300, 0.000, 0.608, 0.000, 0.000, 33.333, -0.015, 5.251
24.100, 1, Obstacle, -558.820, -239.741, 0.000, 3.892, 0.000, 0.000, 0.000, 0.000, 0.000
24.150, 0, Ego, -331.906, -36.354, 0.000, 0.600, 0.000, 0.000, 33.333, -0.015, 3.729
24.150, 1, Obstacle, -558.820, -239.741, 0.000, 3.892, 0.000, 0.000, 0.000, 0.000, 0.000
24.200, 0, Ego, -330.526, -35.419, 0.000, 0.591, 0.000, 0.000, 33.333, -0.015, 2.208
24.200, 1, Obstacle, -558.820, -239.741, 0.000, 3.892, 0.000, 0.000, 0.000, 0.000, 0.000
24.250, 0, Ego, -329.139, -34.495, 0.000, 0.583, 0.000, 0.000, 33.333, -0.015, 0.687
24.250, 1, Obstacle, -558.820, -239.741, 0.000, 3.892, 0.000, 0.000, 0.000, 0.000, 0.000
24.300, 0, Ego, -327.744, -33.584, 0.000, 0.575, 0.000, 0.000, 33.333, -0.015, 5.449
24.300, 1, Obstacle, -558.820, -239.741, 0.000, 3.892, 0.000, 0.000, 0.000, 0.000, 0.000
24.350, 0, Ego, -326.341, -32.684, 0.000, 0.566, 0.000, 0.000, 33.333, -0.015, 3.927
24.350, 1, Obstacle, -558.820, -239.741, 0.000, 3.892, 0.000, 0.000, 0.000, 0.000, 0.000
24.400, 0, Ego, -324.930, -31.796, 0.000, 0.558, 0.000, 0.000, 33.333, -0.015, 2.406
24.400, 1, Obstacle, -558.820, -239.741, 0.000, 3.892, 0.000, 0.000, 0.000, 0.000, 0.000
24.450, 0, Ego, -323.513, -30.920, 0.000, 0.549, 0.000, 0.000, 33.333, -0.015, 0.885
24.450, 1, Obstacle, -558.820, -239.741, 0.000, 3.892, 0.000, 0.000, 0.000, 0.000, 0.000
24.500, 0, Ego, -322.088, -30.055, 0.000, 0.541, 0.000, 0.000, 33.333, -0.015, 5.646
24.500, 1, Obstacle, -558.820, -239.741, 0.000, 3.892, 0.000, 0.000, 0.000, 0.000, 0.000
24.550, 0, Ego, -320.655, -29.203, 0.000, 0.533, 0.000, 0.000, 33.333, -0.015, 4.125
24.550, 1, Obstacle, -558.820, -239.741, 0.000, 3.892, 0.000, 0.000, 0.000, 0.000, 0.000
24.600, 0, Ego, -319.216, -28.363, 0.000, 0.524, 0.000, 0.000, 33.333, -0.015, 2.604
24.600, 1, Obstacle, -558.820, -239.741, 0.000, 3.892, 0.000, 0.000, 0.000, 0.000, 0.000
24.650, 0, Ego, -317.770, -27.535, 0.000, 0.516, 0.000, 0.000, 33.333, -0.015, 1.082
24.650, 1, Obstacle, -558.820, -239.741, 0.000, 3.892, 0.000, 0.000, 0.000, 0.000, 0.000
24.700, 0, Ego, -316.316, -26.719, 0.000, 0.507, 0.000, 0.000, 33.333, -0.015, 5.844
24.700, 1, Obstacle, -558.820, -239.741, 0.000, 3.892, 0.000, 0.000, 0.000, 0.000, 0.000
24.750, 0, Ego, -314.856, -25.916, 0.000, 0.499, 0.000, 0.000, 33.333, -0.015, 4.323
24.750, 1, Obstacle, -558.820, -239.741, 0.000, 3.892, 0.000, 0.000, 0.000, 0.000, 0.000
24.800, 0, Ego, -313.389, -25.124, 0.000, 0.491, 0.000, 0.000, 33.333, -0.015, 2.802
24.800, 1, Obstacle, -558.820, -239.741, 0.000, 3.892, 0.000, 0.000, 0.000, 0.000, 0.000
24.850, 0, Ego, -311.916, -24.345, 0.000, 0.482, 0.000, 0.000, 33.333, -0.015, 1.280
24.850, 1, Obstacle, -558.820, -239.741, 0.000, 3.892, 0.000, 0.000, 0.000, 0.000, 0.000
24.900, 0, Ego, -310.436, -23.579, 0.000, 0.474, 0.000, 0.000, 33.333, -0.015, 6.042
24.900, 1, Obstacle, -558.820, -239.741, 0.000, 3.892, 0.000, 0.000, 0.000, 0.000, 0.000
24.950, 0, Ego, -308.950, -22.825, 0.000, 0.465, 0.000, 0.000, 33.333, -0.015, 4.521
24.950, 1, Obstacle, -558.820, -239.741, 0.000, 3.892, 0.000, 0.000, 0.000, 0.000, 0.000
25.000, 0, Ego, -307.457, -22.083, 0.000, 0.457, 0.000, 0.000, 33.333, -0.015, 3.000
25.000, 1, Obstacle, -558.820, -239.741, 0.000, 3.892, 0.000, 0.000, 0.000, 0.000, 0.000
25.050, 0, Ego, -305.958, -21.354, 0.000, 0.448, 0.000, 0.000, 33.333, -0.015, 1.478
25.050, 1, Obstacle, -558.820, -239.741, 0.000, 3.892, 0.000, 0.000, 0.000, 0.000, 0.000
25.100, 0, Ego, -304.453, -20.638, 0.000, 0.440, 0.000, 0.000, 33.333, -0.015, 6.240
25.100, 1, Obstacle, -558.820, -239.741, 0.000, 3.892, 0.000, 0.000, 0.000, 0.000, 0.000
25.150, 0, Ego, -302.943, -19.934, 0.000, 0.432, 0.000, 0.000, 33.333, -0.015, 4.719
25.150, 1, Obstacle, -558.820, -239.741, 0.000, 3.892, 0.000, 0.000, 0.000, 0.000, 0.000
25.200, 0, Ego, -301.426, -19.244, 0.000, 0.423, 0.000, 0.000, 33.333, -0.015, 3.197
25.200, 1, Obstacle, -558.820, -239.741, 0.000, 3.892, 0.000, 0.000, 0.000, 0.000, 0.000
25.250, 0, Ego, -299.903, -18.565, 0.000, 0.415, 0.000, 0.000, 33.333, -0.015, 1.676
25.250, 1, Obstacle, -558.820, -239.741, 0.000, 3.892, 0.000, 0.000, 0.000, 0.000, 0.000
25.300, 0, Ego, -298.375, -17.900, 0.000, 0.406, 0.000, 0.000, 33.333, -0.015, 0.155
25.300, 1, Obstacle, -558.820, -239.741, 0.000, 3.892, 0.000, 0.000, 0.000, 0.000, 0.000
25.350, 0, Ego, -296.842, -17.248, 0.000, 0.398, 0.000, 0.000, 33.333, -0.015, 4.917
25.350, 1, Obstacle, -558.820, -239.741, 0.000, 3.892, 0.000, 0.000, 0.000, 0.000, 0.000
25.400, 0, Ego, -295.303, -16.608, 0.000, 0.390, 0.000, 0.000, 33.333, -0.015, 3.395
25.400, 1, Obstacle, -558.820, -239.741, 0.000, 3.892, 0.000, 0.000, 0.000, 0.000, 0.000
25.450, 0, Ego, -293.758, -15.982, 0.000, 0.381, 0.000, 0.000, 33.333, -0.015, 1.874
25.450, 1, Obstacle, -558.820, -239.741, 0.000, 3.892, 0.000, 0.000, 0.000, 0.000, 0.000
25.500, 0, Ego, -292.209, -15.368, 0.000, 0.373, 0.000, 0.000, 33.333, -0.015, 0.353
25.500, 1, Obstacle, -558.820, -239.741, 0.000, 3.892, 0.000, 0.000, 0.000, 0.000, 0.000
25.550, 0, Ego, -290.654, -14.767, 0.000, 0.364, 0.000, 0.000, 33.333, -0.015, 5.115
25.550, 1, Obstacle, -558.820, -239.741, 0.000, 3.892, 0.000, 0.000, 0.000, 0.000, 0.000
25.600, 0, Ego, -289.094, -14.180, 0.000, 0.356, 0.000, 0.000, 33.333, -0.015, 3.593
25.600, 1, Obstacle, -558.820, -239.741, 0.000, 3.892, 0.000, 0.000, 0.000, 0.000, 0.000
25.650, 0, Ego, -287.530, -13.606, 0.000, 0.348, 0.000, 0.000, 33.333, -0.015, 2.072
25.650, 1, Obstacle, -558.820, -239.741, 0.000, 3.892, 0.000, 0.000, 0.000, 0.000, 0.000
25.700, 0, Ego, -285.960, -13.045, 0.000, 0.339, 0.000, 0.000, 33.333, -0.015, 0.551
25.700, 1, Obstacle, -558.820, -239.741, 0.000, 3.892, 0.000, 0.000, 0.000, 0.000, 0.000
25.750, 0, Ego, -284.386, -12.497, 0.000, 0.331, 0.000, 0.000, 33.333, -0.015, 5.312
25.750, 1, Obstacle, -558.820, -239.741, 0.000, 3.892, 0.000, 0.000, 0.000, 0.000, 0.000
25.800, 0, Ego, -282.808, -11.962, 0.000, 0.322, 0.000, 0.000, 33.333, -0.015, 3.791
25.800, 1, Obstacle, -558.820, -239.741, 0.000, 3.892, 0.000, 0.000, 0.000, 0.000, 0.000
25.850, 0, Ego, -281.225, -11.441, 0.000, 0.314, 0.000, 0.000, 33.333, -0.015, 2.270
25.850, 1, Obstacle, -558.820, -239.741, 0.000, 3.892, 0.000, 0.000, 0.000, 0.000, 0.000
25.900, 0, Ego, -279.637, -10.933, 0.000, 0.306, 0.000, 0.000, 33.333, -0.015, 0.748
25.900, 1, Obstacle, -558.820, -239.741, 0.000, 3.892, 0.000, 0.000, 0.000, 0.000, 0.000
25.950, 0, Ego, -278.046, -10.438, 0.000, 0.297, 0.000, 0.000, 33.333, -0.015, 5.510
25.950, 1, Obstacle, -558.820, -239.741, 0.000, 3.892, 0.000, 0.000, 0.000, 0.000, 0.000
26.000, 0, Ego, -276.450, -9.957, 0.000, 0.289, 0.000, 0.000, 33.333, -0.015, 3.989
26.000, 1, Obstacle, -558.820, -239.741, 0.000, 3.892, 0.000, 0.000, 0.000, 0.000, 0.000
26.050, 0, Ego, -274.851, -9.489, 0.000, 0.280, 0.000, 0.000, 33.333, -0.015, 2.468
26.050, 1, Obstacle, -558.820, -239.741, 0.000, 3.892, 0.000, 0.000, 0.000, 0.000, 0.000
26.100, 0, Ego, -273.247, -9.035, 0.000, 0.272, 0.000, 0.000, 33.333, -0.015, 0.946
26.100, 1, Obstacle, -558.820, -239.741, 0.000, 3.892, 0.000, 0.000, 0.000, 0.000, 0.000
26.150, 0, Ego, -271.640, -8.594, 0.000, 0.264, 0.000, 0.000, 33.333, -0.015, 5.708
26.150, 1, Obstacle, -558.820, -239.741, 0.000, 3.892, 0.000, 0.000, 0.000, 0.000, 0.000
26.200, 0, Ego, -270.029, -8.166, 0.000, 0.255, 0.000, 0.000, 33.333, -0.015, 4.187
26.200, 1, Obstacle, -558.820, -239.741, 0.000, 3.892, 0.000, 0.000, 0.000, 0.000, 0.000
26.250, 0, Ego, -268.414, -7.752, 0.000, 0.247, 0.000, 0.000, 33.333, -0.015, 2.665
26.250, 1, Obstacle, -558.820, -239.741, 0.000, 3.892, 0.000, 0.000, 0.000, 0.000, 0.000
26.300, 0, Ego, -266.797, -7.352, 0.000, 0.238, 0.000, 0.000, 33.333, -0.015, 1.144
26.300, 1, Obstacle, -558.820, -239.741, 0.000, 3.892, 0.000, 0.000, 0.000, 0.000, 0.000
26.350, 0, Ego, -265.175, -6.966, 0.000, 0.230, 0.000, 0.000, 33.333, -0.015, 5.906
26.350, 1, Obstacle, -558.820, -239.741, 0.000, 3.892, 0.000, 0.000, 0.000, 0.000, 0.000
26.400, 0, Ego, -263.551, -6.593, 0.000, 0.221, 0.000, 0.000, 33.333, -0.015, 4.385
26.400, 1, Obstacle, -558.820, -239.741, 0.000, 3.892, 0.000, 0.000, 0.000, 0.000, 0.000
26.450, 0, Ego, -261.923, -6.233, 0.000, 0.213, 0.000, 0.000, 33.333, -0.015, 2.863
26.450, 1, Obstacle, -558.820, -239.741, 0.000, 3.892, 0.000, 0.000, 0.000, 0.000, 0.000
26.500, 0, Ego, -260.293, -5.888, 0.000, 0.205, 0.000, 0.000, 33.333, -0.015, 1.342
26.500, 1, Obstacle, -558.820, -239.741, 0.000, 3.892, 0.000, 0.000, 0.000, 0.000, 0.000
26.550, 0, Ego, -258.660, -5.556, 0.000, 0.196, 0.000, 0.000, 33.333, -0.015, 6.104
26.550, 1, Obstacle, -558.820, -239.741, 0.000, 3.892, 0.000, 0.000, 0.000, 0.000, 0.000
26.600, 0, Ego, -257.024, -5.238, 0.000, 0.188, 0.000, 0.000, 33.333, -0.015, 4.583
26.600, 1, Obstacle, -558.820, -239.741, 0.000, 3.892, 0.000, 0.000, 0.000, 0.000, 0.000
26.650, 0, Ego, -255.385, -4.933, 0.000, 0.179, 0.000, 0.000, 33.333, -0.015, 3.061
26.650, 1, Obstacle, -558.820, -239.741, 0.000, 3.892, 0.000, 0.000, 0.000, 0.000, 0.000
26.700, 0, Ego, -253.744, -4.643, 0.000, 0.171, 0.000, 0.000, 33.333, -0.015, 1.540
26.700, 1, Obstacle, -558.820, -239.741, 0.000, 3.892, 0.000, 0.000, 0.000, 0.000, 0.000
26.750, 0, Ego, -252.101, -4.366, 0.000, 0.163, 0.000, 0.000, 33.333, -0.015, 0.019
26.750, 1, Obstacle, -558.820, -239.741, 0.000, 3.892, 0.000, 0.000, 0.000, 0.000, 0.000
26.800, 0, Ego, -250.455, -4.103, 0.000, 0.154, 0.000, 0.000, 33.333, -0.015, 4.780
26.800, 1, Obstacle, -558.820, -239.741, 0.000, 3.892, 0.000, 0.000, 0.000, 0.000, 0.000
26.850, 0, Ego, -248.807, -3.854, 0.000, 0.146, 0.000, 0.000, 33.333, -0.015, 3.259
26.850, 1, Obstacle, -558.820, -239.741, 0.000, 3.892, 0.000, 0.000, 0.000, 0.000, 0.000
26.900, 0, Ego, -247.157, -3.619, 0.000, 0.137, 0.000, 0.000, 33.333, -0.015, 1.738
26.900, 1, Obstacle, -558.820, -239.741, 0.000, 3.892, 0.000, 0.000, 0.000, 0.000, 0.000
26.950, 0, Ego, -245.505, -3.397, 0.000, 0.129, 0.000, 0.000, 33.333, -0.015, 0.216
26.950, 1, Obstacle, -558.820, -239.741, 0.000, 3.892, 0.000, 0.000, 0.000, 0.000, 0.000
27.000, 0, Ego, -243.851, -3.190, 0.000, 0.121, 0.000, 0.000, 33.333, -0.015, 4.978
27.000, 1, Obstacle, -558.820, -239.741, 0.000, 3.892, 0.000, 0.000, 0.000, 0.000, 0.000
27.050, 0, Ego, -242.196, -2.996, 0.000, 0.112, 0.000, 0.000, 33.333, -0.015, 3.457
27.050, 1, Obstacle, -558.820, -239.741, 0.000, 3.892, 0.000, 0.000, 0.000, 0.000, 0.000
27.100, 0, Ego, -240.539, -2.817, 0.000, 0.104, 0.000, 0.000, 33.333, -0.015, 1.936
27.100, 1, Obstacle, -558.820, -239.741, 0.000, 3.892, 0.000, 0.000, 0.000, 0.000, 0.000
27.150, 0, Ego, -238.881, -2.651, 0.000, 0.095, 0.000, 0.000, 33.333, -0.015, 0.414
27.150, 1, Obstacle, -558.820, -239.741, 0.000, 3.892, 0.000, 0.000, 0.000, 0.000, 0.000
27.200, 0, Ego, -237.221, -2.499, 0.000, 0.087, 0.000, 0.000, 33.333, -0.015, 5.176
27.200, 1, Obstacle, -558.820, -239.741, 0.000, 3.892, 0.000, 0.000, 0.000, 0.000, 0.000
27.250, 0, Ego, -235.560, -2.362, 0.000, 0.079, 0.000, 0.000, 33.333, -0.015, 3.655
27.250, 1, Obstacle, -558.820, -239.741, 0.000, 3.892, 0.000, 0.000, 0.000, 0.000, 0.000
27.300, 0, Ego, -233.898, -2.238, 0.000, 0.070, 0.000, 0.000, 33.333, -0.015, 2.134
27.300, 1, Obstacle, -558.820, -239.741, 0.000, 3.892, 0.000, 0.000, 0.000, 0.000, 0.000
27.350, 0, Ego, -232.235, -2.128, 0.000, 0.062, 0.000, 0.000, 33.333, -0.015, 0.612
27.350, 1, Obstacle, -558.820, -239.741, 0.000, 3.892, 0.000, 0.000, 0.000, 0.000, 0.000
27.400, 0, Ego, -230.571, -2.032, 0.000, 0.053, 0.000, 0.000, 33.333, -0.015, 5.374
27.400, 1, Obstacle, -558.820, -239.741, 0.000, 3.892, 0.000, 0.000, 0.000, 0.000, 0.000
27.450, 0, Ego, -228.906, -1.950, 0.000, 0.045, 0.000, 0.000, 33.333, -0.015, 3.853
27.450, 1, Obstacle, -558.820, -239.741, 0.000, 3.892, 0.000, 0.000, 0.000, 0.000, 0.000
27.500, 0, Ego, -227.241, -1.882, 0.000, 0.037, 0.000, 0.000, 33.333, -0.015, 2.331
27.500, 1, Obstacle, -558.820, -239.741, 0.000, 3.892, 0.000, 0.000, 0.000, 0.000, 0.000
27.550, 0, Ego, -225.575, -1.828, 0.000, 0.028, 0.000, 0.000, 33.333, -0.015, 0.810
27.550, 1, Obstacle, -558.820, -239.741, 0.000, 3.892, 0.000, 0.000, 0.000, 0.000, 0.000
27.600, 0, Ego, -223.909, -1.789, 0.000, 0.020, 0.000, 0.000, 33.333, -0.015, 5.572
27.600, 1, Obstacle, -558.820, -239.741, 0.000, 3.892, 0.000, 0.000, 0.000, 0.000, 0.000
27.650, 0, Ego, -222.243, -1.763, 0.000, 0.011, 0.000, 0.000, 33.333, -0.015, 4.051
27.650, 1, Obstacle, -558.820, -239.741, 0.000, 3.892, 0.000, 0.000, 0.000, 0.000, 0.000
27.700, 0, Ego, -220.576, -1.751, 0.000, 0.003, 0.000, 0.000, 33.333, -0.015, 2.529
27.700, 1, Obstacle, -558.820, -239.741, 0.000, 3.892, 0.000, 0.000, 0.000, 0.000, 0.000
27.750, 0, Ego, -218.900, -1.750, 0.000, 6.283, 0.000, 0.000, 33.333, -0.005, 1.008
27.750, 1, Obstacle, -558.820, -239.741, 0.000, 3.892, 0.000, 0.000, 0.000, 0.000, 0.000
27.800, 0, Ego, -217.233, -1.750, 0.000, 6.283, 0.000, 0.000, 33.333, 0.000, 5.770
27.800, 1, Obstacle, -558.820, -239.741, 0.000, 3.892, 0.000, 0.000, 0.000, 0.000, 0.000
27.850, 0, Ego, -215.567, -1.750, 0.000, 6.283, 0.000, 0.000, 33.333, 0.000, 4.248
27.850, 1, Obstacle, -558.820, -239.741, 0.000, 3.892, 0.000, 0.000, 0.000, 0.000, 0.000
27.900, 0, Ego, -213.900, -1.750, 0.000, 6.283, 0.000, 0.000, 33.333, 0.000, 2.727
27.900, 1, Obstacle, -558.820, -239.741, 0.000, 3.892, 0.000, 0.000, 0.000, 0.000, 0.000
27.950, 0, Ego, -212.233, -1.750, 0.000, 6.283, 0.000, 0.000, 33.333, 0.000, 1.206
27.950, 1, Obstacle, -558.820, -239.741, 0.000, 3.892, 0.000, 0.000, 0.000, 0.000, 0.000
28.000, 0, Ego, -210.567, -1.750, 0.000, 6.283, 0.000, 0.000, 33.333, 0.000, 5.968
28.000, 1, Obstacle, -558.820, -239.741, 0.000, 3.892, 0.000, 0.000, 0.000, 0.000, 0.000
28.050, 0, Ego, -208.900, -1.750, 0.000, 6.283, 0.000, 0.000, 33.333, 0.000, 4.446
28.050, 1, Obstacle, -558.820, -239.741, 0.000, 3.892, 0.000, 0.000, 0.000, 0.000, 0.000
28.100, 0, Ego, -207.233, -1.750, 0.000, 6.283, 0.000, 0.000, 33.333, 0.000, 2.925
28.100, 1, Obstacle, -558.820, -239.741, 0.000, 3.892, 0.000, 0.000, 0.000, 0.000, 0.000
28.150, 0, Ego, -205.567, -1.750, 0.000, 6.283, 0.000, 0.000, 33.333, 0.000, 1.404
28.150, 1, Obstacle, -558.820, -239.741, 0.000, 3.892, 0.000, 0.000, 0.000, 0.000, 0.000
28.200, 0, Ego, -203.900, -1.750, 0.000, 6.283, 0.000, 0.000, 33.333, 0.000, 6.166
28.200, 1, Obstacle, -558.820, -239.741, 0.000, 3.892, 0.000, 0.000, 0.000, 0.000, 0.000
28.250, 0, Ego, -202.233, -1.750, 0.000, 6.283, 0.000, 0.000, 33.333, 0.000, 4.644
28.250, 1, Obstacle, -558.820, -239.741, 0.000, 3.892, 0.000, 0.000, 0.000, 0.000, 0.000
28.300, 0, Ego, -200.567, -1.750, 0.000, 6.283, 0.000, 0.000, 33.333, 0.000, 3.123
28.300, 1, Obstacle, -558.820, -239.741, 0.000, 3.892, 0.000, 0.000, 0.000, 0.000, 0.000
28.350, 0, Ego, -198.900, -1.750, 0.000, 6.283, 0.000, 0.000, 33.333, 0.000, 1.602
28.350, 1, Obstacle, -558.820, -239.741, 0.000, 3.892, 0.000, 0.000, 0.000, 0.000, 0.000
28.400, 0, Ego, -197.233, -1.750, 0.000, 6.283, 0.000, 0.000, 33.333, 0.000, 0.080
28.400, 1, Obstacle, -558.820, -239.741, 0.000, 3.892, 0.000, 0.000, 0.000, 0.000, 0.000
28.450, 0, Ego, -195.567, -1.750, 0.000, 6.283, 0.000, 0.000, 33.333, 0.000, 4.842
28.450, 1, Obstacle, -558.820, -239.741, 0.000, 3.892, 0.000, 0.000, 0.000, 0.000, 0.000
28.500, 0, Ego, -193.900, -1.750, 0.000, 6.283, 0.000, 0.000, 33.333, 0.000, 3.321
28.500, 1, Obstacle, -558.820, -239.741, 0.000, 3.892, 0.000, 0.000, 0.000, 0.000, 0.000
28.550, 0, Ego, -192.233, -1.750, 0.000, 6.283, 0.000, 0.000, 33.333, 0.000, 1.799
28.550, 1, Obstacle, -558.820, -239.741, 0.000, 3.892, 0.000, 0.000, 0.000, 0.000, 0.000
28.600, 0, Ego, -190.567, -1.750, 0.000, 6.283, 0.000, 0.000, 33.333, 0.000, 0.278
28.600, 1, Obstacle, -558.820, -239.741, 0.000, 3.892, 0.000, 0.000, 0.000, 0.000, 0.000
28.650, 0, Ego, -188.900, -1.750, 0.000, 6.283, 0.000, 0.000, 33.333, 0.000, 5.040
28.650, 1, Obstacle, -558.820, -239.741, 0.000, 3.892, 0.000, 0.000, 0.000, 0.000, 0.000
28.700, 0, Ego, -187.234, -1.750, 0.000, 6.283, 0.000, 0.000, 33.333, 0.000, 3.519
28.700, 1, Obstacle, -558.820, -239.741, 0.000, 3.892, 0.000, 0.000, 0.000, 0.000, 0.000
28.750, 0, Ego, -185.567, -1.750, 0.000, 6.283, 0.000, 0.000, 33.333, 0.000, 1.997
28.750, 1, Obstacle, -558.820, -239.741, 0.000, 3.892, 0.000, 0.000, 0.000, 0.000, 0.000
28.800, 0, Ego, -183.900, -1.750, 0.000, 6.283, 0.000, 0.000, 33.333, 0.000, 0.476
28.800, 1, Obstacle, -558.820, -239.741, 0.000, 3.892, 0.000, 0.000, 0.000, 0.000, 0.000
28.850, 0, Ego, -182.234, -1.750, 0.000, 6.283, 0.000, 0.000, 33.333, 0.000, 5.238
28.850, 1, Obstacle, -558.820, -239.741, 0.000, 3.892, 0.000, 0.000, 0.000, 0.000, 0.000
28.900, 0, Ego, -180.567, -1.750, 0.000, 6.283, 0.000, 0.000, 33.333, 0.000, 3.716
28.900, 1, Obstacle, -558.820, -239.741, 0.000, 3.892, 0.000, 0.000, 0.000, 0.000, 0.000
28.950, 0, Ego, -178.900, -1.750, 0.000, 6.283, 0.000, 0.000, 33.333, 0.000, 2.195
28.950, 1, Obstacle, -558.820, -239.741, 0.000, 3.892, 0.000, 0.000, 0.000, 0.000, 0.000
29.000, 0, Ego, -177.234, -1.750, 0.000, 6.283, 0.000, 0.000, 33.333, 0.000, 0.674
29.000, 1, Obstacle, -558.820, -239.741, 0.000, 3.892, 0.000, 0.000, 0.000, 0.000, 0.000
29.050, 0, Ego, -175.567, -1.750, 0.000, 6.283, 0.000, 0.000, 33.333, 0.000, 5.436
29.050, 1, Obstacle, -558.820, -239.741, 0.000, 3.892, 0.000, 0.000, 0.000, 0.000, 0.000
29.100, 0, Ego, -173.900, -1.750, 0.000, 6.283, 0.000, 0.000, 33.333, 0.000, 3.914
29.100, 1, Obstacle, -558.820, -239.741, 0.000, 3.892, 0.000, 0.000, 0.000, 0.000, 0.000
29.150, 0, Ego, -172.234, -1.750, 0.000, 6.283, 0.000, 0.000, 33.333, 0.000, 2.393
29.150, 1, Obstacle, -558.820, -239.741, 0.000, 3.892, 0.000, 0.000, 0.000, 0.000, 0.000
29.200, 0, Ego, -170.567, -1.750, 0.000, 6.283, 0.000, 0.000, 33.333, 0.000, 0.872
29.200, 1, Obstacle, -558.820, -239.741, 0.000, 3.892, 0.000, 0.000, 0.000, 0.000, 0.000
29.250, 0, Ego, -168.900, -1.750, 0.000, 6.283, 0.000, 0.000, 33.333, 0.000, 5.634
29.250, 1, Obstacle, -558.820, -239.741, 0.000, 3.892, 0.000, 0.000, 0.000, 0.000, 0.000
29.300, 0, Ego, -167.234, -1.750, 0.000, 6.283, 0.000, 0.000, 33.333, 0.000, 4.112
29.300, 1, Obstacle, -558.820, -239.741, 0.000, 3.892, 0.000, 0.000, 0.000, 0.000, 0.000
29.350, 0, Ego, -165.567, -1.750, 0.000, 6.283, 0.000, 0.000, 33.333, 0.000, 2.591
29.350, 1, Obstacle, -558.820, -239.741, 0.000, 3.892, 0.000, 0.000, 0.000, 0.000, 0.000
29.400, 0, Ego, -163.900, -1.750, 0.000, 6.283, 0.000, 0.000, 33.333, 0.000, 1.070
29.400, 1, Obstacle, -558.820, -239.741, 0.000, 3.892, 0.000, 0.000, 0.000, 0.000, 0.000
29.450, 0, Ego, -162.234, -1.750, 0.000, 6.283, 0.000, 0.000, 33.333, 0.000, 5.831
29.450, 1, Obstacle, -558.820, -239.741, 0.000, 3.892, 0.000, 0.000, 0.000, 0.000, 0.000
29.500, 0, Ego, -160.567, -1.750, 0.000, 6.283, 0.000, 0.000, 33.333, 0.000, 4.310
29.500, 1, Obstacle, -558.820, -239.741, 0.000, 3.892, 0.000, 0.000, 0.000, 0.000, 0.000
29.550, 0, Ego, -158.900, -1.750, 0.000, 6.283, 0.000, 0.000, 33.333, 0.000, 2.789
29.550, 1, Obstacle, -558.820, -239.741, 0.000, 3.892, 0.000, 0.000, 0.000, 0.000, 0.000
29.600, 0, Ego, -157.234, -1.750, 0.000, 6.283, 0.000, 0.000, 33.333, 0.000, 1.267
29.600, 1, Obstacle, -558.820, -239.741, 0.000, 3.892, 0.000, 0.000, 0.000, 0.000, 0.000
29.650, 0, Ego, -155.567, -1.750, 0.000, 6.283, 0.000, 0.000, 33.333, 0.000, 6.029
29.650, 1, Obstacle, -558.820, -239.741, 0.000, 3.892, 0.000, 0.000, 0.000, 0.000, 0.000
29.700, 0, Ego, -153.901, -1.750, 0.000, 6.283, 0.000, 0.000, 33.333, 0.000, 4.508
29.700, 1, Obstacle, -558.820, -239.741, 0.000, 3.892, 0.000, 0.000, 0.000, 0.000, 0.000
29.750, 0, Ego, -152.234, -1.750, 0.000, 6.283, 0.000, 0.000, 33.333, 0.000, 2.987
29.750, 1, Obstacle, -558.820, -239.741, 0.000, 3.892, 0.000, 0.000, 0.000, 0.000, 0.000
29.800, 0, Ego, -150.567, -1.750, 0.000, 6.283, 0.000, 0.000, 33.333, 0.000, 1.465
29.800, 1, Obstacle, -558.820, -239.741, 0.000, 3.892, 0.000, 0.000, 0.000, 0.000, 0.000
29.850, 0, Ego, -148.901, -1.750, 0.000, 6.283, 0.000, 0.000, 33.333, 0.000, 6.227
29.850, 1, Obstacle, -558.820, -239.741, 0.000, 3.892, 0.000, 0.000, 0.000, 0.000, 0.000
29.900, 0, Ego, -147.234, -1.750, 0.000, 6.283, 0.000, 0.000, 33.333, 0.000, 4.706
29.900, 1, Obstacle, -558.820, -239.741, 0.000, 3.892, 0.000, 0.000, 0.000, 0.000, 0.000
29.950, 0, Ego, -145.567, -1.750, 0.000, 6.283, 0.000, 0.000, 33.333, 0.000, 3.185
29.950, 1, Obstacle, -558.820, -239.741, 0.000, 3.892, 0.000, 0.000, 0.000, 0.000, 0.000
30.000, 0, Ego, -143.901, -1.750, 0.000, 6.283, 0.000, 0.000, 33.333, 0.000, 1.663
30.000, 1, Obstacle, -558.820, -239.741, 0.000, 3.892, 0.000, 0.000, 0.000, 0.000, 0.000
30.050, 0, Ego, -142.234, -1.750, 0.000, 6.283, 0.000, 0.000, 33.333, 0.000, 0.142
30.050, 1, Obstacle, -558.820, -239.741, 0.000, 3.892, 0.000, 0.000, 0.000, 0.000, 0.000
30.100, 0, Ego, -140.567, -1.750, 0.000, 6.283, 0.000, 0.000, 33.333, 0.000, 4.904
30.100, 1, Obstacle, -558.820, -239.741, 0.000, 3.892, 0.000, 0.000, 0.000, 0.000, 0.000
30.150, 0, Ego, -138.901, -1.750, 0.000, 6.283, 0.000, 0.000, 33.333, 0.000, 3.382
30.150, 1, Obstacle, -558.820, -239.741, 0.000, 3.892, 0.000, 0.000, 0.000, 0.000, 0.000
30.200, 0, Ego, -137.234, -1.750, 0.000, 6.283, 0.000, 0.000, 33.333, 0.000, 1.861
30.200, 1, Obstacle, -558.820, -239.741, 0.000, 3.892, 0.000, 0.000, 0.000, 0.000, 0.000
30.250, 0, Ego, -135.567, -1.750, 0.000, 6.283, 0.000, 0.000, 33.333, 0.000, 0.340
30.250, 1, Obstacle, -558.820, -239.741, 0.000, 3.892, 0.000, 0.000, 0.000, 0.000, 0.000
30.300, 0, Ego, -133.901, -1.750, 0.000, 6.283, 0.000, 0.000, 33.333, 0.000, 5.102
30.300, 1, Obstacle, -558.820, -239.741, 0.000, 3.892, 0.000, 0.000, 0.000, 0.000, 0.000
30.350, 0, Ego, -132.234, -1.750, 0.000, 6.283, 0.000, 0.000, 33.333, 0.000, 3.580
30.350, 1, Obstacle, -558.820, -239.741, 0.000, 3.892, 0.000, 0.000, 0.000, 0.000, 0.000
30.400, 0, Ego, -130.567, -1.750, 0.000, 6.283, 0.000, 0.000, 33.333, 0.000, 2.059
30.400, 1, Obstacle, -558.820, -239.741, 0.000, 3.892, 0.000, 0.000, 0.000, 0.000, 0.000
30.450, 0, Ego, -128.901, -1.750, 0.000, 6.283, 0.000, 0.000, 33.333, 0.000, 0.538
30.450, 1, Obstacle, -558.820, -239.741, 0.000, 3.892, 0.000, 0.000, 0.000, 0.000, 0.000
30.500, 0, Ego, -127.234, -1.750, 0.000, 6.283, 0.000, 0.000, 33.333, 0.000, 5.299
30.500, 1, Obstacle, -558.820, -239.741, 0.000, 3.892, 0.000, 0.000, 0.000, 0.000, 0.000
30.550, 0, Ego, -125.567, -1.750, 0.000, 6.283, 0.000, 0.000, 33.333, 0.000, 3.778
30.550, 1, Obstacle, -558.820, -239.741, 0.000, 3.892, 0.000, 0.000, 0.000, 0.000, 0.000
30.600, 0, Ego, -123.901, -1.750, 0.000, 6.283, 0.000, 0.000, 33.333, 0.000, 2.257
30.600, 1, Obstacle, -558.820, -239.741, 0.000, 3.892, 0.000, 0.000, 0.000, 0.000, 0.000
30.650, 0, Ego, -122.234, -1.750, 0.000, 6.283, 0.000, 0.000, 33.333, 0.000, 0.735
30.650, 1, Obstacle, -558.820, -239.741, 0.000, 3.892, 0.000, 0.000, 0.000, 0.000, 0.000
30.700, 0, Ego, -120.568, -1.750, 0.000, 6.283, 0.000, 0.000, 33.333, 0.000, 5.497
30.700, 1, Obstacle, -558.820, -239.741, 0.000, 3.892, 0.000, 0.000, 0.000, 0.000, 0.000
30.750, 0, Ego, -118.901, -1.750, 0.000, 6.283, 0.000, 0.000, 33.333, 0.000, 3.976
30.750, 1, Obstacle, -558.820, -239.741, 0.000, 3.892, 0.000, 0.000, 0.000, 0.000, 0.000
30.800, 0, Ego, -117.234, -1.750, 0.000, 6.283, 0.000, 0.000, 33.333, 0.000, 2.455
30.800, 1, Obstacle, -558.820, -239.741, 0.000, 3.892, 0.000, 0.000, 0.000, 0.000, 0.000
30.850, 0, Ego, -115.568, -1.750, 0.000, 6.283, 0.000, 0.000, 33.333, 0.000, 0.933
30.850, 1, Obstacle, -558.820, -239.741, 0.000, 3.892, 0.000, 0.000, 0.000, 0.000, 0.000
30.900, 0, Ego, -113.901, -1.750, 0.000, 6.283, 0.000, 0.000, 33.333, 0.000, 5.695
30.900, 1, Obstacle, -558.820, -239.741, 0.000, 3.892, 0.000, 0.000, 0.000, 0.000, 0.000
30.950, 0, Ego, -112.234, -1.750, 0.000, 6.283, 0.000, 0.000, 33.333, 0.000, 4.174
30.950, 1, Obstacle, -558.820, -239.741, 0.000, 3.892, 0.000, 0.000, 0.000, 0.000, 0.000
31.000, 0, Ego, -110.568, -1.750, 0.000, 6.283, 0.000, 0.000, 33.333, 0.000, 2.653
31.000, 1, Obstacle, -558.820, -239.741, 0.000, 3.892, 0.000, 0.000, 0.000, 0.000, 0.000
31.050, 0, Ego, -108.901, -1.750, 0.000, 6.283, 0.000, 0.000, 33.333, 0.000, 1.131
31.050, 1, Obstacle, -558.820, -239.741, 0.000, 3.892, 0.000, 0.000, 0.000, 0.000, 0.000
31.100, 0, Ego, -107.234, -1.750, 0.000, 6.283, 0.000, 0.000, 33.333, 0.000, 5.893
31.100, 1, Obstacle, -558.820, -239.741, 0.000, 3.892, 0.000, 0.000, 0.000, 0.000, 0.000
31.150, 0, Ego, -105.568, -1.750, 0.000, 6.283, 0.000, 0.000, 33.333, 0.000, 4.372
31.150, 1, Obstacle, -558.820, -239.741, 0.000, 3.892, 0.000, 0.000, 0.000, 0.000, 0.000
31.200, 0, Ego, -103.901, -1.750, 0.000, 6.283, 0.000, 0.000, 33.333, 0.000, 2.850
31.200, 1, Obstacle, -558.820, -239.741, 0.000, 3.892, 0.000, 0.000, 0.000, 0.000, 0.000
31.250, 0, Ego, -102.234, -1.750, 0.000, 6.283, 0.000, 0.000, 33.333, 0.000, 1.329
31.250, 1, Obstacle, -558.820, -239.741, 0.000, 3.892, 0.000, 0.000, 0.000, 0.000, 0.000
31.300, 0, Ego, -100.568, -1.750, 0.000, 6.283, 0.000, 0.000, 33.333, 0.000, 6.091
31.300, 1, Obstacle, -558.820, -239.741, 0.000, 3.892, 0.000, 0.000, 0.000, 0.000, 0.000
31.350, 0, Ego, -98.901, -1.750, 0.000, 6.283, 0.000, 0.000, 33.333, 0.000, 4.570
31.350, 1, Obstacle, -558.820, -239.741, 0.000, 3.892, 0.000, 0.000, 0.000, 0.000, 0.000
31.400, 0, Ego, -97.234, -1.750, 0.000, 6.283, 0.000, 0.000, 33.333, 0.000, 3.048
31.400, 1, Obstacle, -558.820, -239.741, 0.000, 3.892, 0.000, 0.000, 0.000, 0.000, 0.000
31.450, 0, Ego, -95.568, -1.750, 0.000, 6.283, 0.000, 0.000, 33.333, 0.000, 1.527
31.450, 1, Obstacle, -558.820, -239.741, 0.000, 3.892, 0.000, 0.000, 0.000, 0.000, 0.000
31.500, 0, Ego, -93.901, -1.750, 0.000, 6.283, 0.000, 0.000, 33.333, 0.000, 0.006
31.500, 1, Obstacle, -558.820, -239.741, 0.000, 3.892, 0.000, 0.000, 0.000, 0.000, 0.000
31.550, 0, Ego, -92.234, -1.750, 0.000, 6.283, 0.000, 0.000, 33.333, 0.000, 4.768
31.550, 1, Obstacle, -558.820, -239.741, 0.000, 3.892, 0.000, 0.000, 0.000, 0.000, 0.000
31.600, 0, Ego, -90.568, -1.750, 0.000, 6.283, 0.000, 0.000, 33.333, 0.000, 3.246
31.600, 1, Obstacle, -558.820, -239.741, 0.000, 3.892, 0.000, 0.000, 0.000, 0.000, 0.000
31.650, 0, Ego, -88.901, -1.750, 0.000, 6.283, 0.000, 0.000, 33.333, 0.000, 1.725
31.650, 1, Obstacle, -558.820, -239.741, 0.000, 3.892, 0.000, 0.000, 0.000, 0.000, 0.000
31.700, 0, Ego, -87.235, -1.750, 0.000, 6.283, 0.000, 0.000, 33.333, 0.000, 0.204
31.700, 1, Obstacle, -558.820, -239.741, 0.000, 3.892, 0.000, 0.000, 0.000, 0.000, 0.000
31.750, 0, Ego, -85.568, -1.750, 0.000, 6.283, 0.000, 0.000, 33.333, 0.000, 4.965
31.750, 1, Obstacle, -558.820, -239.741, 0.000, 3.892, 0.000, 0.000, 0.000, 0.000, 0.000
31.800, 0, Ego, -83.901, -1.750, 0.000, 6.283, 0.000, 0.000, 33.333, 0.000, 3.444
31.800, 1, Obstacle, -558.820, -239.741, 0.000, 3.892, 0.000, 0.000, 0.000, 0.000, 0.000
31.850, 0, Ego, -82.235, -1.750, 0.000, 6.283, 0.000, 0.000, 33.333, 0.000, 1.923
31.850, 1, Obstacle, -558.820, -239.741, 0.000, 3.892, 0.000, 0.000, 0.000, 0.000, 0.000
31.900, 0, Ego, -80.568, -1.750, 0.000, 6.283, 0.000, 0.000, 33.333, 0.000, 0.401
31.900, 1, Obstacle, -558.820, -239.741, 0.000, 3.892, 0.000, 0.000, 0.000, 0.000, 0.000
31.950, 0, Ego, -78.901, -1.750, 0.000, 6.283, 0.000, 0.000, 33.333, 0.000, 5.163
31.950, 1, Obstacle, -558.820, -239.741, 0.000, 3.892, 0.000, 0.000, 0.000, 0.000, 0.000
32.000, 0, Ego, -77.235, -1.750, 0.000, 6.283, 0.000, 0.000, 33.333, 0.000, 3.642
32.000, 1, Obstacle, -558.820, -239.741, 0.000, 3.892, 0.000, 0.000, 0.000, 0.000, 0.000
32.050, 0, Ego, -75.568, -1.750, 0.000, 6.283, 0.000, 0.000, 33.333, 0.000, 2.121
32.050, 1, Obstacle, -558.820, -239.741, 0.000, 3.892, 0.000, 0.000, 0.000, 0.000, 0.000
32.100, 0, Ego, -73.901, -1.750, 0.000, 6.283, 0.000, 0.000, 33.333, 0.000, 0.599
32.100, 1, Obstacle, -558.820, -239.741, 0.000, 3.892, 0.000, 0.000, 0.000, 0.000, 0.000
32.150, 0, Ego, -72.235, -1.750, 0.000, 6.283, 0.000, 0.000, 33.333, 0.000, 5.361
32.150, 1, Obstacle, -558.820, -239.741, 0.000, 3.892, 0.000, 0.000, 0.000, 0.000, 0.000
32.200, 0, Ego, -70.568, -1.750, 0.000, 6.283, 0.000, 0.000, 33.333, 0.000, 3.840
32.200, 1, Obstacle, -558.820, -239.741, 0.000, 3.892, 0.000, 0.000, 0.000, 0.000, 0.000
32.250, 0, Ego, -68.901, -1.750, 0.000, 6.283, 0.000, 0.000, 33.333, 0.000, 2.318
32.250, 1, Obstacle, -558.820, -239.741, 0.000, 3.892, 0.000, 0.000, 0.000, 0.000, 0.000
32.300, 0, Ego, -67.235, -1.750, 0.000, 6.283, 0.000, 0.000, 33.333, 0.000, 0.797
32.300, 1, Obstacle, -558.820, -239.741, 0.000, 3.892, 0.000, 0.000, 0.000, 0.000, 0.000
32.350, 0, Ego, -65.568, -1.750, 0.000, 6.283, 0.000, 0.000, 33.333, 0.000, 5.559
32.350, 1, Obstacle, -558.820, -239.741, 0.000, 3.892, 0.000, 0.000, 0.000, 0.000, 0.000
32.400, 0, Ego, -63.901, -1.750, 0.000, 6.283, 0.000, 0.000, 33.333, 0.000, 4.038
32.400, 1, Obstacle, -558.820, -239.741, 0.000, 3.892, 0.000, 0.000, 0.000, 0.000, 0.000
32.450, 0, Ego, -62.235, -1.750, 0.000, 6.283, 0.000, 0.000, 33.333, 0.000, 2.516
32.450, 1, Obstacle, -558.820, -239.741, 0.000, 3.892, 0.000, 0.000, 0.000, 0.000, 0.000
32.500, 0, Ego, -60.568, -1.750, 0.000, 6.283, 0.000, 0.000, 33.333, 0.000, 0.995
32.500, 1, Obstacle, -558.820, -239.741, 0.000, 3.892, 0.000, 0.000, 0.000, 0.000, 0.000
32.550, 0, Ego, -58.901, -1.750, 0.000, 6.283, 0.000, 0.000, 33.333, 0.000, 5.757
32.550, 1, Obstacle, -558.820, -239.741, 0.000, 3.892, 0.000, 0.000, 0.000, 0.000, 0.000
32.600, 0, Ego, -57.235, -1.750, 0.000, 6.283, 0.000, 0.000, 33.333, 0.000, 4.236
32.600, 1, Obstacle, -558.820, -239.741, 0.000, 3.892, 0.000, 0.000, 0.000, 0.000, 0.000
32.650, 0, Ego, -55.568, -1.750, 0.000, 6.283, 0.000, 0.000, 33.333, 0.000, 2.714
32.650, 1, Obstacle, -558.820, -239.741, 0.000, 3.892, 0.000, 0.000, 0.000, 0.000, 0.000
32.700, 0, Ego, -53.902, -1.750, 0.000, 6.283, 0.000, 0.000, 33.333, 0.000, 1.193
32.700, 1, Obstacle, -558.820, -239.741, 0.000, 3.892, 0.000, 0.000, 0.000, 0.000, 0.000
32.750, 0, Ego, -52.235, -1.750, 0.000, 6.283, 0.000, 0.000, 33.333, 0.000, 5.955
32.750, 1, Obstacle, -558.820, -239.741, 0.000, 3.892, 0.000, 0.000, 0.000, 0.000, 0.000
32.800, 0, Ego, -50.568, -1.750, 0.000, 6.283, 0.000, 0.000, 33.333, 0.000, 4.433
32.800, 1, Obstacle, -558.820, -239.741, 0.000, 3.892, 0.000, 0.000, 0.000, 0.000, 0.000
32.850, 0, Ego, -48.902, -1.750, 0.000, 6.283, 0.000, 0.000, 33.333, 0.000, 2.912
32.850, 1, Obstacle, -558.820, -239.741, 0.000, 3.892, 0.000, 0.000, 0.000, 0.000, 0.000
32.900, 0, Ego, -47.235, -1.750, 0.000, 6.283, 0.000, 0.000, 33.333, 0.000, 1.391
32.900, 1, Obstacle, -558.820, -239.741, 0.000, 3.892, 0.000, 0.000, 0.000, 0.000, 0.000
32.950, 0, Ego, -45.568, -1.750, 0.000, 6.283, 0.000, 0.000, 33.333, 0.000, 6.153
32.950, 1, Obstacle, -558.820, -239.741, 0.000, 3.892, 0.000, 0.000, 0.000, 0.000, 0.000
33.000, 0, Ego, -43.902, -1.750, 0.000, 6.283, 0.000, 0.000, 33.333, 0.000, 4.631
33.000, 1, Obstacle, -558.820, -239.741, 0.000, 3.892, 0.000, 0.000, 0.000, 0.000, 0.000
33.050, 0, Ego, -42.235, -1.750, 0.000, 6.283, 0.000, 0.000, 33.333, 0.000, 3.110
33.050, 1, Obstacle, -558.820, -239.741, 0.000, 3.892, 0.000, 0.000, 0.000, 0.000, 0.000
33.100, 0, Ego, -40.568, -1.750, 0.000, 6.283, 0.000, 0.000, 33.333, 0.000, 1.589
33.100, 1, Obstacle, -558.820, -239.741, 0.000, 3.892, 0.000, 0.000, 0.000, 0.000, 0.000
33.150, 0, Ego, -38.902, -1.750, 0.000, 6.283, 0.000, 0.000, 33.333, 0.000, 0.067
33.150, 1, Obstacle, -558.820, -239.741, 0.000, 3.892, 0.000, 0.000, 0.000, 0.000, 0.000
33.200, 0, Ego, -37.235, -1.750, 0.000, 6.283, 0.000, 0.000, 33.333, 0.000, 4.829
33.200, 1, Obstacle, -558.820, -239.741, 0.000, 3.892, 0.000, 0.000, 0.000, 0.000, 0.000
33.250, 0, Ego, -35.568, -1.750, 0.000, 6.283, 0.000, 0.000, 33.333, 0.000, 3.308
33.250, 1, Obstacle, -558.820, -239.741, 0.000, 3.892, 0.000, 0.000, 0.000, 0.000, 0.000
33.300, 0, Ego, -33.902, -1.750, 0.000, 6.283, 0.000, 0.000, 33.333, 0.000, 1.787
33.300, 1, Obstacle, -558.820, -239.741, 0.000, 3.892, 0.000, 0.000, 0.000, 0.000, 0.000
33.350, 0, Ego, -32.235, -1.750, 0.000, 6.283, 0.000, 0.000, 33.333, 0.000, 0.265
33.350, 1, Obstacle, -558.820, -239.741, 0.000, 3.892, 0.000, 0.000, 0.000, 0.000, 0.000
33.400, 0, Ego, -30.568, -1.750, 0.000, 6.283, 0.000, 0.000, 33.333, 0.000, 5.027
33.400, 1, Obstacle, -558.820, -239.741, 0.000, 3.892, 0.000, 0.000, 0.000, 0.000, 0.000
33.450, 0, Ego, -28.902, -1.750, 0.000, 6.283, 0.000, 0.000, 33.333, 0.000, 3.506
33.450, 1, Obstacle, -558.820, -239.741, 0.000, 3.892, 0.000, 0.000, 0.000, 0.000, 0.000
33.500, 0, Ego, -27.235, -1.750, 0.000, 6.283, 0.000, 0.000, 33.333, 0.000, 1.984
33.500, 1, Obstacle, -558.820, -239.741, 0.000, 3.892, 0.000, 0.000, 0.000, 0.000, 0.000
33.550, 0, Ego, -25.568, -1.750, 0.000, 6.283, 0.000, 0.000, 33.333, 0.000, 0.463
33.550, 1, Obstacle, -558.820, -239.741, 0.000, 3.892, 0.000, 0.000, 0.000, 0.000, 0.000
33.600, 0, Ego, -23.902, -1.750, 0.000, 6.283, 0.000, 0.000, 33.333, 0.000, 5.225
33.600, 1, Obstacle, -558.820, -239.741, 0.000, 3.892, 0.000, 0.000, 0.000, 0.000, 0.000
33.650, 0, Ego, -22.235, -1.750, 0.000, 6.283, 0.000, 0.000, 33.333, 0.000, 3.704
33.650, 1, Obstacle, -558.820, -239.741, 0.000, 3.892, 0.000, 0.000, 0.000, 0.000, 0.000
33.700, 0, Ego, -20.569, -1.750, 0.000, 6.283, 0.000, 0.000, 33.333, 0.000, 2.182
33.700, 1, Obstacle, -558.820, -239.741, 0.000, 3.892, 0.000, 0.000, 0.000, 0.000, 0.000
33.750, 0, Ego, -18.909, -1.751, 0.000, 6.279, 0.000, 0.000, 33.333, -0.007, 0.661
33.750, 1, Obstacle, -558.820, -239.741, 0.000, 3.892, 0.000, 0.000, 0.000, 0.000, 0.000
33.800, 0, Ego, -17.259, -1.773, 0.000, 6.258, 0.000, 0.000, 33.333, -0.039, 5.423
33.800, 1, Obstacle, -558.820, -239.741, 0.000, 3.892, 0.000, 0.000, 0.000, 0.000, 0.000
33.850, 0, Ego, -15.611, -1.847, 0.000, 6.216, 0.000, 0.000, 33.333, -0.074, 3.901
33.850, 1, Obstacle, -558.820, -239.741, 0.000, 3.892, 0.000, 0.000, 0.000, 0.000, 0.000
33.900, 0, Ego, -13.970, -2.006, 0.000, 6.154, 0.000, 0.000, 33.333, -0.111, 2.380
33.900, 1, Obstacle, -558.820, -239.741, 0.000, 3.892, 0.000, 0.000, 0.000, 0.000, 0.000
33.950, 0, Ego, -12.346, -2.284, 0.000, 6.069, 0.000, 0.000, 33.333, -0.151, 0.859
33.950, 1, Obstacle, -558.820, -239.741, 0.000, 3.892, 0.000, 0.000, 0.000, 0.000, 0.000
34.000, 0, Ego, -10.758, -2.719, 0.000, 5.960, 0.000, 0.000, 33.333, -0.192, 5.621
34.000, 1, Obstacle, -558.820, -239.741, 0.000, 3.892, 0.000, 0.000, 0.000, 0.000, 0.000
34.050, 0, Ego, -9.226, -3.344, 0.000, 5.831, 0.000, 0.000, 33.333, -0.227, 4.099
34.050, 1, Obstacle, -558.820, -239.741, 0.000, 3.892, 0.000, 0.000, 0.000, 0.000, 0.000
34.100, 0, Ego, -7.779, -4.168, 0.000, 5.700, 0.000, 0.000, 33.333, -0.230, 2.578
34.100, 1, Obstacle, -558.820, -239.741, 0.000, 3.892, 0.000, 0.000, 0.000, 0.000, 0.000
34.150, 0, Ego, -6.452, -5.175, 0.000, 5.569, 0.000, 0.000, 33.333, -0.230, 1.057
34.150, 1, Obstacle, -558.820, -239.741, 0.000, 3.892, 0.000, 0.000, 0.000, 0.000, 0.000
34.200, 0, Ego, -5.268, -6.346, 0.000, 5.438, 0.000, 0.000, 33.333, -0.230, 5.819
34.200, 1, Obstacle, -558.820, -239.741, 0.000, 3.892, 0.000, 0.000, 0.000, 0.000, 0.000
34.250, 0, Ego, -4.247, -7.662, 0.000, 5.307, 0.000, 0.000, 33.333, -0.230, 4.297
34.250, 1, Obstacle, -558.820, -239.741, 0.000, 3.892, 0.000, 0.000, 0.000, 0.000, 0.000
34.300, 0, Ego, -3.406, -9.099, 0.000, 5.176, 0.000, 0.000, 33.333, -0.230, 2.776
34.300, 1, Obstacle, -558.820, -239.741, 0.000, 3.892, 0.000, 0.000, 0.000, 0.000, 0.000
34.350, 0, Ego, -2.760, -10.636, 0.000, 5.045, 0.000, 0.000, 33.333, -0.229, 1.255
34.350, 1, Obstacle, -558.820, -239.741, 0.000, 3.892, 0.000, 0.000, 0.000, 0.000, 0.000
34.400, 0, Ego, -2.304, -12.259, 0.000, 4.932, 0.000, 0.000, 33.333, -0.200, 6.016
34.400, 1, Obstacle, -558.820, -239.741, 0.000, 3.892, 0.000, 0.000, 0.000, 0.000, 0.000
34.450, 0, Ego, -2.012, -13.919, 0.000, 4.844, 0.000, 0.000, 33.333, -0.156, 4.495
34.450, 1, Obstacle, -558.820, -239.741, 0.000, 3.892, 0.000, 0.000, 0.000, 0.000, 0.000
34.500, 0, Ego, -1.848, -15.596, 0.000, 4.780, 0.000, 0.000, 33.333, -0.115, 2.974
34.500, 1, Obstacle, -558.820, -239.741, 0.000, 3.892, 0.000, 0.000, 0.000, 0.000, 0.000
34.550, 0, Ego, -1.773, -17.279, 0.000, 4.738, 0.000, 0.000, 33.333, -0.075, 1.452
34.550, 1, Obstacle, -558.820, -239.741, 0.000, 3.892, 0.000, 0.000, 0.000, 0.000, 0.000
34.600, 0, Ego, -1.751, -18.962, 0.000, 4.716, 0.000, 0.000, 33.333, -0.039, 6.214
34.600, 1, Obstacle, -558.820, -239.741, 0.000, 3.892, 0.000, 0.000, 0.000, 0.000, 0.000
34.650, 0, Ego, -1.750, -20.643, 0.000, 4.712, 0.000, 0.000, 33.333, -0.006, 4.693
34.650, 1, Obstacle, -558.820, -239.741, 0.000, 3.892, 0.000, 0.000, 0.000, 0.000, 0.000
34.700, 0, Ego, -1.750, -22.310, 0.000, 4.712, 0.000, 0.000, 33.333, 0.000, 3.172
34.700, 1, Obstacle, -558.820, -239.741, 0.000, 3.892, 0.000, 0.000, 0.000, 0.000, 0.000
34.750, 0, Ego, -1.750, -23.976, 0.000, 4.712, 0.000, 0.000, 33.333, 0.000, 1.650
34.750, 1, Obstacle, -558.820, -239.741, 0.000, 3.892, 0.000, 0.000, 0.000, 0.000, 0.000
34.800, 0, Ego, -1.750, -25.643, 0.000, 4.712, 0.000, 0.000, 33.333, 0.000, 0.129
34.800, 1, Obstacle, -558.820, -239.741, 0.000, 3.892, 0.000, 0.000, 0.000, 0.000, 0.000
34.850, 0, Ego, -1.750, -27.310, 0.000, 4.712, 0.000, 0.000, 33.333, 0.000, 4.891
34.850, 1, Obstacle, -558.820, -239.741, 0.000, 3.892, 0.000, 0.000, 0.000, 0.000, 0.000
34.900, 0, Ego, -1.750, -28.976, 0.000, 4.712, 0.000, 0.000, 33.333, 0.000, 3.369
34.900, 1, Obstacle, -558.820, -239.741, 0.000, 3.892, 0.000, 0.000, 0.000, 0.000, 0.000
34.950, 0, Ego, -1.750, -30.643, 0.000, 4.712, 0.000, 0.000, 33.333, 0.000, 1.848
34.950, 1, Obstacle, -558.820, -239.741, 0.000, 3.892, 0.000, 0.000, 0.000, 0.000, 0.000
35.000, 0, Ego, -1.750, -32.310, 0.000, 4.712, 0.000, 0.000, 33.333, 0.000, 0.327
35.000, 1, Obstacle, -558.820, -239.741, 0.000, 3.892, 0.000, 0.000, 0.000, 0.000, 0.000
35.050, 0, Ego, -1.750, -33.976, 0.000, 4.712, 0.000, 0.000, 33.333, 0.000, 5.089
35.050, 1, Obstacle, -558.820, -239.741, 0.000, 3.892, 0.000, 0.000, 0.000, 0.000, 0.000
