time, id, name, x, y, z, h, p, r, speed, wheel_angle, wheel_rot
0.000, 0, Ego, -394.190, -86.372, 0.000, 3.892, 0.000, 0.000, 22.222, 0.000, 0.000
0.000, 1, Obstacle, -496.627, -181.802, 0.000, 3.892, 0.000, 0.000, 0.000, 0.000, 0.000
0.050, 0, Ego, -395.003, -87.130, 0.000, 3.892, 0.000, 0.000, 22.222, 0.000, 3.175
0.050, 1, Obstacle, -496.627, -181.802, 0.000, 3.892, 0.000, 0.000, 0.000, 0.000, 0.000
0.100, 0, Ego, -395.816, -87.887, 0.000, 3.892, 0.000, 0.000, 22.222, 0.000, 0.066
0.100, 1, Obstacle, -496.627, -181.802, 0.000, 3.892, 0.000, 0.000, 0.000, 0.000, 0.000
0.150, 0, Ego, -396.629, -88.644, 0.000, 3.892, 0.000, 0.000, 22.222, 0.000, 3.241
0.150, 1, Obstacle, -496.627, -181.802, 0.000, 3.892, 0.000, 0.000, 0.000, 0.000, 0.000
0.200, 0, Ego, -397.442, -89.402, 0.000, 3.892, 0.000, 0.000, 22.222, 0.000, 0.132
0.200, 1, Obstacle, -496.627, -181.802, 0.000, 3.892, 0.000, 0.000, 0.000, 0.000, 0.000
0.250, 0, Ego, -398.255, -90.159, 0.000, 3.892, 0.000, 0.000, 22.222, 0.000, 3.306
0.250, 1, Obstacle, -496.627, -181.802, 0.000, 3.892, 0.000, 0.000, 0.000, 0.000, 0.000
0.300, 0, Ego, -399.068, -90.916, 0.000, 3.892, 0.000, 0.000, 22.222, 0.000, 0.198
0.300, 1, Obstacle, -496.627, -181.802, 0.000, 3.892, 0.000, 0.000, 0.000, 0.000, 0.000
0.350, 0, Ego, -399.881, -91.674, 0.000, 3.892, 0.000, 0.000, 22.222, 0.000, 3.372
0.350, 1, Obstacle, -496.627, -181.802, 0.000, 3.892, 0.000, 0.000, 0.000, 0.000, 0.000
0.400, 0, Ego, -400.694, -92.431, 0.000, 3.892, 0.000, 0.000, 22.222, 0.000, 0.264
0.400, 1, Obstacle, -496.627, -181.802, 0.000, 3.892, 0.000, 0.000, 0.000, 0.000, 0.000
0.450, 0, Ego, -401.507, -93.189, 0.000, 3.892, 0.000, 0.000, 22.222, 0.000, 3.438
0.450, 1, Obstacle, -496.627, -181.802, 0.000, 3.892, 0.000, 0.000, 0.000, 0.000, 0.000
0.500, 0, Ego, -402.320, -93.946, 0.000, 3.892, 0.000, 0.000, 22.222, 0.000, 0.330
0.500, 1, Obstacle, -496.627, -181.802, 0.000, 3.892, 0.000, 0.000, 0.000, 0.000, 0.000
0.550, 0, Ego, -403.133, -94.703, 0.000, 3.892, 0.000, 0.000, 22.222, 0.000, 3.504
0.550, 1, Obstacle, -496.627, -181.802, 0.000, 3.892, 0.000, 0.000, 0.000, 0.000, 0.000
0.600, 0, Ego, -403.946, -95.461, 0.000, 3.892, 0.000, 0.000, 22.222, 0.000, 0.396
0.600, 1, Obstacle, -496.627, -181.802, 0.000, 3.892, 0.000, 0.000, 0.000, 0.000, 0.000
0.650, 0, Ego, -404.759, -96.218, 0.000, 3.892, 0.000, 0.000, 22.222, 0.000, 3.570
0.650, 1, Obstacle, -496.627, -181.802, 0.000, 3.892, 0.000, 0.000, 0.000, 0.000, 0.000
0.700, 0, Ego, -405.572, -96.975, 0.000, 3.892, 0.000, 0.000, 22.222, 0.000, 0.462
0.700, 1, Obstacle, -496.627, -181.802, 0.000, 3.892, 0.000, 0.000, 0.000, 0.000, 0.000
0.750, 0, Ego, -406.385, -97.733, 0.000, 3.892, 0.000, 0.000, 22.222, 0.000, 3.636
0.750, 1, Obstacle, -496.627, -181.802, 0.000, 3.892, 0.000, 0.000, 0.000, 0.000, 0.000
0.800, 0, Ego, -407.198, -98.490, 0.000, 3.892, 0.000, 0.000, 22.222, 0.000, 0.528
0.800, 1, Obstacle, -496.627, -181.802, 0.000, 3.892, 0.000, 0.000, 0.000, 0.000, 0.000
0.850, 0, Ego, -408.011, -99.248, 0.000, 3.892, 0.000, 0.000, 22.222, 0.000, 3.702
0.850, 1, Obstacle, -496.627, -181.802, 0.000, 3.892, 0.000, 0.000, 0.000, 0.000, 0.000
0.900, 0, Ego, -408.824, -100.005, 0.000, 3.892, 0.000, 0.000, 22.222, 0.000, 0.594
0.900, 1, Obstacle, -496.627, -181.802, 0.000, 3.892, 0.000, 0.000, 0.000, 0.000, 0.000
0.950, 0, Ego, -409.637, -100.762, 0.000, 3.892, 0.000, 0.000, 22.222, 0.000, 3.768
0.950, 1, Obstacle, -496.627, -181.802, 0.000, 3.892, 0.000, 0.000, 0.000, 0.000, 0.000
1.000, 0, Ego, -410.450, -101.520, 0.000, 3.892, 0.000, 0.000, 22.222, 0.000, 0.660
1.000, 1, Obstacle, -496.627, -181.802, 0.000, 3.892, 0.000, 0.000, 0.000, 0.000, 0.000
1.050, 0, Ego, -411.263, -102.277, 0.000, 3.892, 0.000, 0.000, 22.222, 0.000, 3.834
1.050, 1, Obstacle, -496.627, -181.802, 0.000, 3.892, 0.000, 0.000, 0.000, 0.000, 0.000
1.100, 0, Ego, -412.076, -103.034, 0.000, 3.892, 0.000, 0.000, 22.222, 0.000, 0.726
1.100, 1, Obstacle, -496.627, -181.802, 0.000, 3.892, 0.000, 0.000, 0.000, 0.000, 0.000
1.150, 0, Ego, -412.889, -103.792, 0.000, 3.892, 0.000, 0.000, 22.222, 0.000, 3.900
1.150, 1, Obstacle, -496.627, -181.802, 0.000, 3.892, 0.000, 0.000, 0.000, 0.000, 0.000
1.200, 0, Ego, -413.702, -104.549, 0.000, 3.892, 0.000, 0.000, 22.222, 0.000, 0.791
1.200, 1, Obstacle, -496.627, -181.802, 0.000, 3.892, 0.000, 0.000, 0.000, 0.000, 0.000
1.250, 0, Ego, -414.515, -105.306, 0.000, 3.892, 0.000, 0.000, 22.222, 0.000, 3.966
1.250, 1, Obstacle, -496.627, -181.802, 0.000, 3.892, 0.000, 0.000, 0.000, 0.000, 0.000
1.300, 0, Ego, -415.328, -106.064, 0.000, 3.892, 0.000, 0.000, 22.222, 0.000, 0.857
1.300, 1, Obstacle, -496.627, -181.802, 0.000, 3.892, 0.000, 0.000, 0.000, 0.000, 0.000
1.350, 0, Ego, -416.141, -106.821, 0.000, 3.892, 0.000, 0.000, 22.222, 0.000, 4.032
1.350, 1, Obstacle, -496.627, -181.802, 0.000, 3.892, 0.000, 0.000, 0.000, 0.000, 0.000
1.400, 0, Ego, -416.954, -107.579, 0.000, 3.892, 0.000, 0.000, 22.222, 0.000, 0.923
1.400, 1, Obstacle, -496.627, -181.802, 0.000, 3.892, 0.000, 0.000, 0.000, 0.000, 0.000
1.450, 0, Ego, -417.767, -108.336, 0.000, 3.892, 0.000, 0.000, 22.222, 0.000, 4.098
1.450, 1, Obstacle, -496.627, -181.802, 0.000, 3.892, 0.000, 0.000, 0.000, 0.000, 0.000
1.500, 0, Ego, -418.580, -109.093, 0.000, 3.892, 0.000, 0.000, 22.222, 0.000, 0.989
1.500, 1, Obstacle, -496.627, -181.802, 0.000, 3.892, 0.000, 0.000, 0.000, 0.000, 0.000
1.550, 0, Ego, -419.393, -109.851, 0.000, 3.892, 0.000, 0.000, 22.222, 0.000, 4.164
1.550, 1, Obstacle, -496.627, -181.802, 0.000, 3.892, 0.000, 0.000, 0.000, 0.000, 0.000
1.600, 0, Ego, -420.206, -110.608, 0.000, 3.892, 0.000, 0.000, 22.222, 0.000, 1.055
1.600, 1, Obstacle, -496.627, -181.802, 0.000, 3.892, 0.000, 0.000, 0.000, 0.000, 0.000
1.650, 0, Ego, -421.019, -111.365, 0.000, 3.892, 0.000, 0.000, 22.222, 0.000, 4.230
1.650, 1, Obstacle, -496.627, -181.802, 0.000, 3.892, 0.000, 0.000, 0.000, 0.000, 0.000
1.700, 0, Ego, -421.832, -112.123, 0.000, 3.892, 0.000, 0.000, 22.222, 0.000, 1.121
1.700, 1, Obstacle, -496.627, -181.802, 0.000, 3.892, 0.000, 0.000, 0.000, 0.000, 0.000
1.750, 0, Ego, -422.645, -112.880, 0.000, 3.892, 0.000, 0.000, 22.222, 0.000, 4.296
1.750, 1, Obstacle, -496.627, -181.802, 0.000, 3.892, 0.000, 0.000, 0.000, 0.000, 0.000
1.800, 0, Ego, -423.458, -113.638, 0.000, 3.892, 0.000, 0.000, 22.222, 0.000, 1.187
1.800, 1, Obstacle, -496.627, -181.802, 0.000, 3.892, 0.000, 0.000, 0.000, 0.000, 0.000
1.850, 0, Ego, -424.271, -114.395, 0.000, 3.892, 0.000, 0.000, 22.222, 0.000, 4.362
1.850, 1, Obstacle, -496.627, -181.802, 0.000, 3.892, 0.000, 0.000, 0.000, 0.000, 0.000
1.900, 0, Ego, -425.083, -115.152, 0.000, 3.892, 0.000, 0.000, 22.222, 0.000, 1.253
1.900, 1, Obstacle, -496.627, -181.802, 0.000, 3.892, 0.000, 0.000, 0.000, 0.000, 0.000
1.950, 0, Ego, -425.896, -115.910, 0.000, 3.892, 0.000, 0.000, 22.222, 0.000, 4.428
1.950, 1, Obstacle, -496.627, -181.802, 0.000, 3.892, 0.000, 0.000, 0.000, 0.000, 0.000
2.000, 0, Ego, -426.709, -116.667, 0.000, 3.892, 0.000, 0.000, 22.222, 0.000, 1.319
2.000, 1, Obstacle, -496.627, -181.802, 0.000, 3.892, 0.000, 0.000, 0.000, 0.000, 0.000
2.050, 0, Ego, -427.522, -117.424, 0.000, 3.892, 0.000, 0.000, 22.222, 0.000, 4.494
2.050, 1, Obstacle, -496.627, -181.802, 0.000, 3.892, 0.000, 0.000, 0.000, 0.000, 0.000
2.100, 0, Ego, -428.335, -118.182, 0.000, 3.892, 0.000, 0.000, 22.222, 0.000, 1.385
2.100, 1, Obstacle, -496.627, -181.802, 0.000, 3.892, 0.000, 0.000, 0.000, 0.000, 0.000
2.150, 0, Ego, -429.148, -118.939, 0.000, 3.892, 0.000, 0.000, 22.222, 0.000, 4.560
2.150, 1, Obstacle, -496.627, -181.802, 0.000, 3.892, 0.000, 0.000, 0.000, 0.000, 0.000
2.200, 0, Ego, -429.961, -119.696, 0.000, 3.892, 0.000, 0.000, 22.222, 0.000, 1.451
2.200, 1, Obstacle, -496.627, -181.802, 0.000, 3.892, 0.000, 0.000, 0.000, 0.000, 0.000
2.250, 0, Ego, -430.774, -120.454, 0.000, 3.892, 0.000, 0.000, 22.222, 0.000, 4.626
2.250, 1, Obstacle, -496.627, -181.802, 0.000, 3.892, 0.000, 0.000, 0.000, 0.000, 0.000
2.300, 0, Ego, -431.587, -121.211, 0.000, 3.892, 0.000, 0.000, 22.222, 0.000, 1.517
2.300, 1, Obstacle, -496.627, -181.802, 0.000, 3.892, 0.000, 0.000, 0.000, 0.000, 0.000
2.350, 0, Ego, -432.400, -121.969, 0.000, 3.892, 0.000, 0.000, 22.222, 0.000, 4.692
2.350, 1, Obstacle, -496.627, -181.802, 0.000, 3.892, 0.000, 0.000, 0.000, 0.000, 0.000
2.400, 0, Ego, -433.213, -122.726, 0.000, 3.892, 0.000, 0.000, 22.222, 0.000, 1.583
2.400, 1, Obstacle, -496.627, -181.802, 0.000, 3.892, 0.000, 0.000, 0.000, 0.000, 0.000
2.450, 0, Ego, -434.026, -123.483, 0.000, 3.892, 0.000, 0.000, 22.222, 0.000, 4.758
2.450, 1, Obstacle, -496.627, -181.802, 0.000, 3.892, 0.000, 0.000, 0.000, 0.000, 0.000
2.500, 0, Ego, -434.839, -124.241, 0.000, 3.892, 0.000, 0.000, 22.222, 0.000, 1.649
2.500, 1, Obstacle, -496.627, -181.802, 0.000, 3.892, 0.000, 0.000, 0.000, 0.000, 0.000
2.550, 0, Ego, -435.652, -124.998, 0.000, 3.892, 0.000, 0.000, 22.222, 0.000, 4.824
2.550, 1, Obstacle, -496.627, -181.802, 0.000, 3.892, 0.000, 0.000, 0.000, 0.000, 0.000
2.600, 0, Ego, -436.465, -125.755, 0.000, 3.892, 0.000, 0.000, 22.222, 0.000, 1.715
2.600, 1, Obstacle, -496.627, -181.802, 0.000, 3.892, 0.000, 0.000, 0.000, 0.000, 0.000
2.650, 0, Ego, -437.278, -126.513, 0.000, 3.892, 0.000, 0.000, 22.222, 0.000, 4.889
2.650, 1, Obstacle, -496.627, -181.802, 0.000, 3.892, 0.000, 0.000, 0.000, 0.000, 0.000
2.700, 0, Ego, -438.091, -127.270, 0.000, 3.892, 0.000, 0.000, 22.222, 0.000, 1.781
2.700, 1, Obstacle, -496.627, -181.802, 0.000, 3.892, 0.000, 0.000, 0.000, 0.000, 0.000
2.750, 0, Ego, -438.904, -128.028, 0.000, 3.892, 0.000, 0.000, 22.222, 0.000, 4.955
2.750, 1, Obstacle, -496.627, -181.802, 0.000, 3.892, 0.000, 0.000, 0.000, 0.000, 0.000
2.800, 0, Ego, -439.717, -128.785, 0.000, 3.892, 0.000, 0.000, 22.222, 0.000, 1.847
2.800, 1, Obstacle, -496.627, -181.802, 0.000, 3.892, 0.000, 0.000, 0.000, 0.000, 0.000
2.850, 0, Ego, -440.530, -129.542, 0.000, 3.892, 0.000, 0.000, 22.222, 0.000, 5.021
2.850, 1, Obstacle, -496.627, -181.802, 0.000, 3.892, 0.000, 0.000, 0.000, 0.000, 0.000
2.900, 0, Ego, -441.343, -130.300, 0.000, 3.892, 0.000, 0.000, 22.222, 0.000, 1.913
2.900, 1, Obstacle, -496.627, -181.802, 0.000, 3.892, 0.000, 0.000, 0.000, 0.000, 0.000
2.950, 0, Ego, -442.156, -131.057, 0.000, 3.892, 0.000, 0.000, 22.222, 0.000, 5.087
2.950, 1, Obstacle, -496.627, -181.802, 0.000, 3.892, 0.000, 0.000, 0.000, 0.000, 0.000
3.000, 0, Ego, -442.969, -131.814, 0.000, 3.892, 0.000, 0.000, 22.222, 0.000, 1.979
3.000, 1, Obstacle, -496.627, -181.802, 0.000, 3.892, 0.000, 0.000, 0.000, 0.000, 0.000
3.050, 0, Ego, -443.782, -132.572, 0.000, 3.892, 0.000, 0.000, 22.222, 0.000, 5.153
3.050, 1, Obstacle, -496.627, -181.802, 0.000, 3.892, 0.000, 0.000, 0.000, 0.000, 0.000
3.100, 0, Ego, -444.595, -133.329, 0.000, 3.892, 0.000, 0.000, 22.222, 0.000, 2.045
3.100, 1, Obstacle, -496.627, -181.802, 0.000, 3.892, 0.000, 0.000, 0.000, 0.000, 0.000
3.150, 0, Ego, -445.408, -134.086, 0.000, 3.892, 0.000, 0.000, 22.222, 0.000, 5.219
3.150, 1, Obstacle, -496.627, -181.802, 0.000, 3.892, 0.000, 0.000, 0.000, 0.000, 0.000
3.200, 0, Ego, -446.221, -134.844, 0.000, 3.892, 0.000, 0.000, 22.222, 0.000, 2.111
3.200, 1, Obstacle, -496.627, -181.802, 0.000, 3.892, 0.000, 0.000, 0.000, 0.000, 0.000
3.250, 0, Ego, -447.034, -135.601, 0.000, 3.892, 0.000, 0.000, 22.222, 0.000, 5.285
3.250, 1, Obstacle, -496.627, -181.802, 0.000, 3.892, 0.000, 0.000, 0.000, 0.000, 0.000
3.300, 0, Ego, -447.847, -136.359, 0.000, 3.892, 0.000, 0.000, 22.222, 0.000, 2.177
3.300, 1, Obstacle, -496.627, -181.802, 0.000, 3.892, 0.000, 0.000, 0.000, 0.000, 0.000
3.350, 0, Ego, -448.660, -137.116, 0.000, 3.892, 0.000, 0.000, 22.222, 0.000, 5.351
3.350, 1, Obstacle, -496.627, -181.802, 0.000, 3.892, 0.000, 0.000, 0.000, 0.000, 0.000
3.400, 0, Ego, -449.473, -137.873, 0.000, 3.892, 0.000, 0.000, 22.222, 0.000, 2.243
3.400, 1, Obstacle, -496.627, -181.802, 0.000, 3.892, 0.000, 0.000, 0.000, 0.000, 0.000
3.450, 0, Ego, -450.286, -138.631, 0.000, 3.892, 0.000, 0.000, 22.222, 0.000, 5.417
3.450, 1, Obstacle, -496.627, -181.802, 0.000, 3.892, 0.000, 0.000, 0.000, 0.000, 0.000
3.500, 0, Ego, -451.099, -139.388, 0.000, 3.892, 0.000, 0.000, 22.222, 0.000, 2.309
3.500, 1, Obstacle, -496.627, -181.802, 0.000, 3.892, 0.000, 0.000, 0.000, 0.000, 0.000
3.550, 0, Ego, -451.912, -140.145, 0.000, 3.892, 0.000, 0.000, 22.222, 0.000, 5.483
3.550, 1, Obstacle, -496.627, -181.802, 0.000, 3.892, 0.000, 0.000, 0.000, 0.000, 0.000
3.600, 0, Ego, -452.725, -140.903, 0.000, 3.892, 0.000, 0.000, 22.222, 0.000, 2.374
3.600, 1, Obstacle, -496.627, -181.802, 0.000, 3.892, 0.000, 0.000, 0.000, 0.000, 0.000
3.650, 0, Ego, -453.538, -141.660, 0.000, 3.892, 0.000, 0.000, 22.222, 0.000, 5.549
3.650, 1, Obstacle, -496.627, -181.802, 0.000, 3.892, 0.000, 0.000, 0.000, 0.000, 0.000
3.700, 0, Ego, -454.351, -142.418, 0.000, 3.892, 0.000, 0.000, 22.222, 0.000, 2.440
3.700, 1, Obstacle, -496.627, -181.802, 0.000, 3.892, 0.000, 0.000, 0.000, 0.000, 0.000
3.750, 0, Ego, -455.164, -143.175, 0.000, 3.892, 0.000, 0.000, 22.222, 0.000, 5.615
3.750, 1, Obstacle, -496.627, -181.802, 0.000, 3.892, 0.000, 0.000, 0.000, 0.000, 0.000
3.800, 0, Ego, -455.977, -143.932, 0.000, 3.892, 0.000, 0.000, 22.222, 0.000, 2.506
3.800, 1, Obstacle, -496.627, -181.802, 0.000, 3.892, 0.000, 0.000, 0.000, 0.000, 0.000
3.850, 0, Ego, -456.790, -144.690, 0.000, 3.892, 0.000, 0.000, 22.222, 0.000, 5.681
3.850, 1, Obstacle, -496.627, -181.802, 0.000, 3.892, 0.000, 0.000, 0.000, 0.000, 0.000
3.900, 0, Ego, -457.603, -145.447, 0.000, 3.892, 0.000, 0.000, 22.222, 0.000, 2.572
3.900, 1, Obstacle, -496.627, -181.802, 0.000, 3.892, 0.000, 0.000, 0.000, 0.000, 0.000
3.950, 0, Ego, -458.416, -146.204, 0.000, 3.892, 0.000, 0.000, 22.222, 0.000, 5.747
3.950, 1, Obstacle, -496.627, -181.802, 0.000, 3.892, 0.000, 0.000, 0.000, 0.000, 0.000
4.000, 0, Ego, -459.229, -146.962, 0.000, 3.892, 0.000, 0.000, 22.222, 0.000, 2.638
4.000, 1, Obstacle, -496.627, -181.802, 0.000, 3.892, 0.000, 0.000, 0.000, 0.000, 0.000
4.050, 0, Ego, -460.042, -147.719, 0.000, 3.892, 0.000, 0.000, 22.222, 0.000, 5.813
4.050, 1, Obstacle, -496.627, -181.802, 0.000, 3.892, 0.000, 0.000, 0.000, 0.000, 0.000
4.100, 0, Ego, -460.855, -148.476, 0.000, 3.892, 0.000, 0.000, 22.222, 0.000, 2.704
4.100, 1, Obstacle, -496.627, -181.802, 0.000, 3.892, 0.000, 0.000, 0.000, 0.000, 0.000
4.150, 0, Ego, -461.668, -149.234, 0.000, 3.892, 0.000, 0.000, 22.222, 0.000, 5.879
4.150, 1, Obstacle, -496.627, -181.802, 0.000, 3.892, 0.000, 0.000, 0.000, 0.000, 0.000
4.200, 0, Ego, -462.481, -149.991, 0.000, 3.892, 0.000, 0.000, 22.222, 0.000, 2.770
4.200, 1, Obstacle, -496.627, -181.802, 0.000, 3.892, 0.000, 0.000, 0.000, 0.000, 0.000
4.250, 0, Ego, -463.294, -150.749, 0.000, 3.892, 0.000, 0.000, 22.222, 0.000, 5.945
4.250, 1, Obstacle, -496.627, -181.802, 0.000, 3.892, 0.000, 0.000, 0.000, 0.000, 0.000
4.300, 0, Ego, -464.096, -151.496, 0.000, 3.892, 0.000, 0.000, 21.922, 0.000, 2.793
4.300, 1, Obstacle, -496.627, -181.802, 0.000, 3.892, 0.000, 0.000, 0.000, 0.000, 0.000
4.350, 0, Ego, -464.887, -152.233, 0.000, 3.892, 0.000, 0.000, 21.622, 0.000, 5.882
4.350, 1, Obstacle, -496.627, -181.802, 0.000, 3.892, 0.000, 0.000, 0.000, 0.000, 0.000
4.400, 0, Ego, -465.667, -152.959, 0.000, 3.892, 0.000, 0.000, 21.322, 0.000, 2.645
4.400, 1, Obstacle, -496.627, -181.802, 0.000, 3.892, 0.000, 0.000, 0.000, 0.000, 0.000
4.450, 0, Ego, -466.436, -153.676, 0.000, 3.892, 0.000, 0.000, 21.022, 0.000, 5.648
4.450, 1, Obstacle, -496.627, -181.802, 0.000, 3.892, 0.000, 0.000, 0.000, 0.000, 0.000
4.500, 0, Ego, -467.194, -154.382, 0.000, 3.892, 0.000, 0.000, 20.722, 0.000, 2.325
4.500, 1, Obstacle, -496.627, -181.802, 0.000, 3.892, 0.000, 0.000, 0.000, 0.000, 0.000
4.550, 0, Ego, -467.941, -155.078, 0.000, 3.892, 0.000, 0.000, 20.422, 0.000, 5.243
4.550, 1, Obstacle, -496.627, -181.802, 0.000, 3.892, 0.000, 0.000, 0.000, 0.000, 0.000
4.600, 0, Ego, -468.677, -155.764, 0.000, 3.892, 0.000, 0.000, 20.122, 0.000, 1.834
4.600, 1, Obstacle, -496.627, -181.802, 0.000, 3.892, 0.000, 0.000, 0.000, 0.000, 0.000
4.650, 0, Ego, -469.402, -156.439, 0.000, 3.892, 0.000, 0.000, 19.822, 0.000, 4.666
4.650, 1, Obstacle, -496.627, -181.802, 0.000, 3.892, 0.000, 0.000, 0.000, 0.000, 0.000
4.700, 0, Ego, -470.116, -157.105, 0.000, 3.892, 0.000, 0.000, 19.522, 0.000, 1.171
4.700, 1, Obstacle, -496.627, -181.802, 0.000, 3.892, 0.000, 0.000, 0.000, 0.000, 0.000
4.750, 0, Ego, -470.820, -157.760, 0.000, 3.892, 0.000, 0.000, 19.222, 0.000, 3.917
4.750, 1, Obstacle, -496.627, -181.802, 0.000, 3.892, 0.000, 0.000, 0.000, 0.000, 0.000
4.800, 0, Ego, -471.512, -158.405, 0.000, 3.892, 0.000, 0.000, 18.922, 0.000, 0.337
4.800, 1, Obstacle, -496.627, -181.802, 0.000, 3.892, 0.000, 0.000, 0.000, 0.000, 0.000
4.850, 0, Ego, -472.193, -159.040, 0.000, 3.892, 0.000, 0.000, 18.622, 0.000, 2.998
4.850, 1, Obstacle, -496.627, -181.802, 0.000, 3.892, 0.000, 0.000, 0.000, 0.000, 0.000
4.900, 0, Ego, -472.863, -159.664, 0.000, 3.892, 0.000, 0.000, 18.322, 0.000, 5.615
4.900, 1, Obstacle, -496.627, -181.802, 0.000, 3.892, 0.000, 0.000, 0.000, 0.000, 0.000
4.950, 0, Ego, -473.523, -160.278, 0.000, 3.892, 0.000, 0.000, 18.022, 0.000, 1.906
4.950, 1, Obstacle, -496.627, -181.802, 0.000, 3.892, 0.000, 0.000, 0.000, 0.000, 0.000
5.000, 0, Ego, -474.171, -160.882, 0.000, 3.892, 0.000, 0.000, 17.722, 0.000, 4.438
5.000, 1, Obstacle, -496.627, -181.802, 0.000, 3.892, 0.000, 0.000, 0.000, 0.000, 0.000
5.050, 0, Ego, -474.809, -161.476, 0.000, 3.892, 0.000, 0.000, 17.422, 0.000, 0.644
5.050, 1, Obstacle, -496.627, -181.802, 0.000, 3.892, 0.000, 0.000, 0.000, 0.000, 0.000
5.100, 0, Ego, -475.435, -162.060, 0.000, 3.892, 0.000, 0.000, 17.122, 0.000, 3.090
5.100, 1, Obstacle, -496.627, -181.802, 0.000, 3.892, 0.000, 0.000, 0.000, 0.000, 0.000
5.150, 0, Ego, -476.050, -162.633, 0.000, 3.892, 0.000, 0.000, 16.822, 0.000, 5.493
5.150, 1, Obstacle, -496.627, -181.802, 0.000, 3.892, 0.000, 0.000, 0.000, 0.000, 0.000
5.200, 0, Ego, -476.655, -163.196, 0.000, 3.892, 0.000, 0.000, 16.522, 0.000, 1.570
5.200, 1, Obstacle, -496.627, -181.802, 0.000, 3.892, 0.000, 0.000, 0.000, 0.000, 0.000
5.250, 0, Ego, -477.248, -163.749, 0.000, 3.892, 0.000, 0.000, 16.222, 0.000, 3.888
5.250, 1, Obstacle, -496.627, -181.802, 0.000, 3.892, 0.000, 0.000, 0.000, 0.000, 0.000
5.300, 0, Ego, -477.831, -164.291, 0.000, 3.892, 0.000, 0.000, 15.922, 0.000, 6.162
5.300, 1, Obstacle, -496.627, -181.802, 0.000, 3.892, 0.000, 0.000, 0.000, 0.000, 0.000
5.350, 0, Ego, -478.402, -164.824, 0.000, 3.892, 0.000, 0.000, 15.622, 0.000, 2.111
5.350, 1, Obstacle, -496.627, -181.802, 0.000, 3.892, 0.000, 0.000, 0.000, 0.000, 0.000
5.400, 0, Ego, -478.963, -165.346, 0.000, 3.892, 0.000, 0.000, 15.322, 0.000, 4.300
5.400, 1, Obstacle, -496.627, -181.802, 0.000, 3.892, 0.000, 0.000, 0.000, 0.000, 0.000
5.450, 0, Ego, -479.512, -165.858, 0.000, 3.892, 0.000, 0.000, 15.022, 0.000, 0.162
5.450, 1, Obstacle, -496.627, -181.802, 0.000, 3.892, 0.000, 0.000, 0.000, 0.000, 0.000
5.500, 0, Ego, -480.051, -166.360, 0.000, 3.892, 0.000, 0.000, 14.722, 0.000, 2.265
5.500, 1, Obstacle, -496.627, -181.802, 0.000, 3.892, 0.000, 0.000, 0.000, 0.000, 0.000
5.550, 0, Ego, -480.579, -166.851, 0.000, 3.892, 0.000, 0.000, 14.422, 0.000, 4.326
5.550, 1, Obstacle, -496.627, -181.802, 0.000, 3.892, 0.000, 0.000, 0.000, 0.000, 0.000
5.600, 0, Ego, -481.095, -167.333, 0.000, 3.892, 0.000, 0.000, 14.122, 0.000, 0.060
5.600, 1, Obstacle, -496.627, -181.802, 0.000, 3.892, 0.000, 0.000, 0.000, 0.000, 0.000
5.650, 0, Ego, -481.601, -167.804, 0.000, 3.892, 0.000, 0.000, 13.822, 0.000, 2.035
5.650, 1, Obstacle, -496.627, -181.802, 0.000, 3.892, 0.000, 0.000, 0.000, 0.000, 0.000
5.700, 0, Ego, -482.096, -168.265, 0.000, 3.892, 0.000, 0.000, 13.522, 0.000, 3.966
5.700, 1, Obstacle, -496.627, -181.802, 0.000, 3.892, 0.000, 0.000, 0.000, 0.000, 0.000
5.750, 0, Ego, -482.579, -168.715, 0.000, 3.892, 0.000, 0.000, 13.222, 0.000, 5.855
5.750, 1, Obstacle, -496.627, -181.802, 0.000, 3.892, 0.000, 0.000, 0.000, 0.000, 0.000
5.800, 0, Ego, -483.052, -169.156, 0.000, 3.892, 0.000, 0.000, 12.922, 0.000, 1.418
5.800, 1, Obstacle, -496.627, -181.802, 0.000, 3.892, 0.000, 0.000, 0.000, 0.000, 0.000
5.850, 0, Ego, -483.514, -169.586, 0.000, 3.892, 0.000, 0.000, 12.622, 0.000, 3.221
5.850, 1, Obstacle, -496.627, -181.802, 0.000, 3.892, 0.000, 0.000, 0.000, 0.000, 0.000
5.900, 0, Ego, -483.965, -170.006, 0.000, 3.892, 0.000, 0.000, 12.322, 0.000, 4.981
5.900, 1, Obstacle, -496.627, -181.802, 0.000, 3.892, 0.000, 0.000, 0.000, 0.000, 0.000
5.950, 0, Ego, -484.405, -170.416, 0.000, 3.892, 0.000, 0.000, 12.022, 0.000, 0.416
5.950, 1, Obstacle, -496.627, -181.802, 0.000, 3.892, 0.000, 0.000, 0.000, 0.000, 0.000
6.000, 0, Ego, -484.833, -170.815, 0.000, 3.892, 0.000, 0.000, 11.722, 0.000, 2.090
6.000, 1, Obstacle, -496.627, -181.802, 0.000, 3.892, 0.000, 0.000, 0.000, 0.000, 0.000
6.050, 0, Ego, -485.251, -171.204, 0.000, 3.892, 0.000, 0.000, 11.422, 0.000, 3.722
6.050, 1, Obstacle, -496.627, -181.802, 0.000, 3.892, 0.000, 0.000, 0.000, 0.000, 0.000
6.100, 0, Ego, -485.658, -171.583, 0.000, 3.892, 0.000, 0.000, 11.122, 0.000, 5.311
6.100, 1, Obstacle, -496.627, -181.802, 0.000, 3.892, 0.000, 0.000, 0.000, 0.000, 0.000
6.150, 0, Ego, -486.054, -171.952, 0.000, 3.892, 0.000, 0.000, 10.822, 0.000, 0.574
6.150, 1, Obstacle, -496.627, -181.802, 0.000, 3.892, 0.000, 0.000, 0.000, 0.000, 0.000
6.200, 0, Ego, -486.439, -172.311, 0.000, 3.892, 0.000, 0.000, 10.522, 0.000, 2.077
6.200, 1, Obstacle, -496.627, -181.802, 0.000, 3.892, 0.000, 0.000, 0.000, 0.000, 0.000
6.250, 0, Ego, -486.813, -172.659, 0.000, 3.892, 0.000, 0.000, 10.222, 0.000, 3.537
6.250, 1, Obstacle, -496.627, -181.802, 0.000, 3.892, 0.000, 0.000, 0.000, 0.000, 0.000
6.300, 0, Ego, -487.176, -172.997, 0.000, 3.892, 0.000, 0.000, 9.922, 0.000, 4.954
6.300, 1, Obstacle, -496.627, -181.802, 0.000, 3.892, 0.000, 0.000, 0.000, 0.000, 0.000
6.350, 0, Ego, -487.528, -173.325, 0.000, 3.892, 0.000, 0.000, 9.622, 0.000, 0.046
6.350, 1, Obstacle, -496.627, -181.802, 0.000, 3.892, 0.000, 0.000, 0.000, 0.000, 0.000
6.400, 0, Ego, -487.869, -173.643, 0.000, 3.892, 0.000, 0.000, 9.322, 0.000, 1.378
6.400, 1, Obstacle, -496.627, -181.802, 0.000, 3.892, 0.000, 0.000, 0.000, 0.000, 0.000
6.450, 0, Ego, -488.199, -173.950, 0.000, 3.892, 0.000, 0.000, 9.022, 0.000, 2.666
6.450, 1, Obstacle, -496.627, -181.802, 0.000, 3.892, 0.000, 0.000, 0.000, 0.000, 0.000
6.500, 0, Ego, -488.518, -174.248, 0.000, 3.892, 0.000, 0.000, 8.722, 0.000, 3.912
6.500, 1, Obstacle, -496.627, -181.802, 0.000, 3.892, 0.000, 0.000, 0.000, 0.000, 0.000
6.550, 0, Ego, -488.826, -174.535, 0.000, 3.892, 0.000, 0.000, 8.422, 0.000, 5.116
6.550, 1, Obstacle, -496.627, -181.802, 0.000, 3.892, 0.000, 0.000, 0.000, 0.000, 0.000
6.600, 0, Ego, -489.123, -174.812, 0.000, 3.892, 0.000, 0.000, 8.122, 0.000, 6.276
6.600, 1, Obstacle, -496.627, -181.802, 0.000, 3.892, 0.000, 0.000, 0.000, 0.000, 0.000
6.650, 0, Ego, -489.410, -175.078, 0.000, 3.892, 0.000, 0.000, 7.822, 0.000, 1.110
6.650, 1, Obstacle, -496.627, -181.802, 0.000, 3.892, 0.000, 0.000, 0.000, 0.000, 0.000
6.700, 0, Ego, -489.685, -175.335, 0.000, 3.892, 0.000, 0.000, 7.522, 0.000, 2.185
6.700, 1, Obstacle, -496.627, -181.802, 0.000, 3.892, 0.000, 0.000, 0.000, 0.000, 0.000
6.750, 0, Ego, -489.949, -175.581, 0.000, 3.892, 0.000, 0.000, 7.222, 0.000, 3.216
6.750, 1, Obstacle, -496.627, -181.802, 0.000, 3.892, 0.000, 0.000, 0.000, 0.000, 0.000
6.800, 0, Ego, -490.202, -175.817, 0.000, 3.892, 0.000, 0.000, 6.922, 0.000, 4.205
6.800, 1, Obstacle, -496.627, -181.802, 0.000, 3.892, 0.000, 0.000, 0.000, 0.000, 0.000
6.850, 0, Ego, -490.444, -176.042, 0.000, 3.892, 0.000, 0.000, 6.622, 0.000, 5.151
6.850, 1, Obstacle, -496.627, -181.802, 0.000, 3.892, 0.000, 0.000, 0.000, 0.000, 0.000
6.900, 0, Ego, -490.676, -176.258, 0.000, 3.892, 0.000, 0.000, 6.322, 0.000, 6.054
6.900, 1, Obstacle, -496.627, -181.802, 0.000, 3.892, 0.000, 0.000, 0.000, 0.000, 0.000
6.950, 0, Ego, -490.896, -176.463, 0.000, 3.892, 0.000, 0.000, 6.022, 0.000, 0.631
6.950, 1, Obstacle, -496.627, -181.802, 0.000, 3.892, 0.000, 0.000, 0.000, 0.000, 0.000
7.000, 0, Ego, -491.105, -176.658, 0.000, 3.892, 0.000, 0.000, 5.722, 0.000, 1.449
7.000, 1, Obstacle, -496.627, -181.802, 0.000, 3.892, 0.000, 0.000, 0.000, 0.000, 0.000
7.050, 0, Ego, -491.304, -176.843, 0.000, 3.892, 0.000, 0.000, 5.422, 0.000, 2.223
7.050, 1, Obstacle, -496.627, -181.802, 0.000, 3.892, 0.000, 0.000, 0.000, 0.000, 0.000
7.100, 0, Ego, -491.491, -177.017, 0.000, 3.892, 0.000, 0.000, 5.122, 0.000, 2.955
7.100, 1, Obstacle, -496.627, -181.802, 0.000, 3.892, 0.000, 0.000, 0.000, 0.000, 0.000
7.150, 0, Ego, -491.668, -177.182, 0.000, 3.892, 0.000, 0.000, 4.822, 0.000, 3.644
7.150, 1, Obstacle, -496.627, -181.802, 0.000, 3.892, 0.000, 0.000, 0.000, 0.000, 0.000
7.200, 0, Ego, -491.833, -177.336, 0.000, 3.892, 0.000, 0.000, 4.522, 0.000, 4.290
7.200, 1, Obstacle, -496.627, -181.802, 0.000, 3.892, 0.000, 0.000, 0.000, 0.000, 0.000
7.250, 0, Ego, -491.987, -177.480, 0.000, 3.892, 0.000, 0.000, 4.222, 0.000, 4.893
7.250, 1, Obstacle, -496.627, -181.802, 0.000, 3.892, 0.000, 0.000, 0.000, 0.000, 0.000
7.300, 0, Ego, -492.131, -177.613, 0.000, 3.892, 0.000, 0.000, 3.922, 0.000, 5.453
7.300, 1, Obstacle, -496.627, -181.802, 0.000, 3.892, 0.000, 0.000, 0.000, 0.000, 0.000
7.350, 0, Ego, -492.263, -177.737, 0.000, 3.892, 0.000, 0.000, 3.622, 0.000, 5.971
7.350, 1, Obstacle, -496.627, -181.802, 0.000, 3.892, 0.000, 0.000, 0.000, 0.000, 0.000
7.400, 0, Ego, -492.385, -177.850, 0.000, 3.892, 0.000, 0.000, 3.322, 0.000, 0.162
7.400, 1, Obstacle, -496.627, -181.802, 0.000, 3.892, 0.000, 0.000, 0.000, 0.000, 0.000
7.450, 0, Ego, -492.496, -177.953, 0.000, 3.892, 0.000, 0.000, 3.022, 0.000, 0.594
7.450, 1, Obstacle, -496.627, -181.802, 0.000, 3.892, 0.000, 0.000, 0.000, 0.000, 0.000
7.500, 0, Ego, -492.595, -178.046, 0.000, 3.892, 0.000, 0.000, 2.722, 0.000, 0.983
7.500, 1, Obstacle, -496.627, -181.802, 0.000, 3.892, 0.000, 0.000, 0.000, 0.000, 0.000
7.550, 0, Ego, -492.684, -178.128, 0.000, 3.892, 0.000, 0.000, 2.422, 0.000, 1.329
7.550, 1, Obstacle, -496.627, -181.802, 0.000, 3.892, 0.000, 0.000, 0.000, 0.000, 0.000
7.600, 0, Ego, -492.761, -178.201, 0.000, 3.892, 0.000, 0.000, 2.122, 0.000, 1.632
7.600, 1, Obstacle, -496.627, -181.802, 0.000, 3.892, 0.000, 0.000, 0.000, 0.000, 0.000
7.650, 0, Ego, -492.828, -178.263, 0.000, 3.892, 0.000, 0.000, 1.822, 0.000, 1.892
7.650, 1, Obstacle, -496.627, -181.802, 0.000, 3.892, 0.000, 0.000, 0.000, 0.000, 0.000
7.700, 0, Ego, -492.884, -178.315, 0.000, 3.892, 0.000, 0.000, 1.522, 0.000, 2.110
7.700, 1, Obstacle, -496.627, -181.802, 0.000, 3.892, 0.000, 0.000, 0.000, 0.000, 0.000
7.750, 0, Ego, -492.928, -178.356, 0.000, 3.892, 0.000, 0.000, 1.222, 0.000, 2.284
7.750, 1, Obstacle, -496.627, -181.802, 0.000, 3.892, 0.000, 0.000, 0.000, 0.000, 0.000
7.800, 0, Ego, -492.962, -178.388, 0.000, 3.892, 0.000, 0.000, 0.922, 0.000, 2.416
7.800, 1, Obstacle, -496.627, -181.802, 0.000, 3.892, 0.000, 0.000, 0.000, 0.000, 0.000
7.850, 0, Ego, -492.985, -178.409, 0.000, 3.892, 0.000, 0.000, 0.622, 0.000, 2.505
7.850, 1, Obstacle, -496.627, -181.802, 0.000, 3.892, 0.000, 0.000, 0.000, 0.000, 0.000
7.900, 0, Ego, -493.008, -178.430, 0.000, 3.892, 0.000, 0.000, 0.622, 0.000, 2.594
7.900, 1, Obstacle, -496.627, -181.802, 0.000, 3.892, 0.000, 0.000, 0.000, 0.000, 0.000
7.950, 0, Ego, -493.030, -178.451, 0.000, 3.892, 0.000, 0.000, 0.622, 0.000, 2.683
7.950, 1, Obstacle, -496.627, -181.802, 0.000, 3.892, 0.000, 0.000, 0.000, 0.000, 0.000
8.000, 0, Ego, -493.053, -178.473, 0.000, 3.892, 0.000, 0.000, 0.622, 0.000, 2.771
8.000, 1, Obstacle, -496.627, -181.802, 0.000, 3.892, 0.000, 0.000, 0.000, 0.000, 0.000
8.050, 0, Ego, -493.076, -178.494, 0.000, 3.892, 0.000, 0.000, 0.622, 0.000, 2.860
8.050, 1, Obstacle, -496.627, -181.802, 0.000, 3.892, 0.000, 0.000, 0.000, 0.000, 0.000
8.100, 0, Ego, -493.099, -178.515, 0.000, 3.892, 0.000, 0.000, 0.622, 0.000, 2.949
8.100, 1, Obstacle, -496.627, -181.802, 0.000, 3.892, 0.000, 0.000, 0.000, 0.000, 0.000
8.150, 0, Ego, -493.121, -178.536, 0.000, 3.892, 0.000, 0.000, 0.622, 0.000, 3.038
8.150, 1, Obstacle, -496.627, -181.802, 0.000, 3.892, 0.000, 0.000, 0.000, 0.000, 0.000
8.200, 0, Ego, -493.144, -178.557, 0.000, 3.892, 0.000, 0.000, 0.622, 0.000, 3.127
8.200, 1, Obstacle, -496.627, -181.802, 0.000, 3.892, 0.000, 0.000, 0.000, 0.000, 0.000
8.250, 0, Ego, -493.167, -178.579, 0.000, 3.892, 0.000, 0.000, 0.622, 0.000, 3.216
8.250, 1, Obstacle, -496.627, -181.802, 0.000, 3.892, 0.000, 0.000, 0.000, 0.000, 0.000
8.300, 0, Ego, -493.190, -178.600, 0.000, 3.892, 0.000, 0.000, 0.622, 0.000, 3.305
8.300, 1, Obstacle, -496.627, -181.802, 0.000, 3.892, 0.000, 0.000, 0.000, 0.000, 0.000
8.350, 0, Ego, -493.212, -178.621, 0.000, 3.892, 0.000, 0.000, 0.622, 0.000, 3.393
8.350, 1, Obstacle, -496.627, -181.802, 0.000, 3.892, 0.000, 0.000, 0.000, 0.000, 0.000
8.400, 0, Ego, -493.235, -178.642, 0.000, 3.892, 0.000, 0.000, 0.622, 0.000, 3.482
8.400, 1, Obstacle, -496.627, -181.802, 0.000, 3.892, 0.000, 0.000, 0.000, 0.000, 0.000
8.450, 0, Ego, -493.258, -178.663, 0.000, 3.892, 0.000, 0.000, 0.622, 0.000, 3.571
8.450, 1, Obstacle, -496.627, -181.802, 0.000, 3.892, 0.000, 0.000, 0.000, 0.000, 0.000
8.500, 0, Ego, -493.281, -178.685, 0.000, 3.892, 0.000, 0.000, 0.622, 0.000, 3.660
8.500, 1, Obstacle, -496.627, -181.802, 0.000, 3.892, 0.000, 0.000, 0.000, 0.000, 0.000
8.550, 0, Ego, -493.303, -178.706, 0.000, 3.892, 0.000, 0.000, 0.622, 0.000, 3.749
8.550, 1, Obstacle, -496.627, -181.802, 0.000, 3.892, 0.000, 0.000, 0.000, 0.000, 0.000
8.600, 0, Ego, -493.326, -178.727, 0.000, 3.892, 0.000, 0.000, 0.622, 0.000, 3.838
8.600, 1, Obstacle, -496.627, -181.802, 0.000, 3.892, 0.000, 0.000, 0.000, 0.000, 0.000
8.650, 0, Ego, -493.349, -178.748, 0.000, 3.892, 0.000, 0.000, 0.622, 0.000, 3.927
8.650, 1, Obstacle, -496.627, -181.802, 0.000, 3.892, 0.000, 0.000, 0.000, 0.000, 0.000
8.700, 0, Ego, -493.372, -178.769, 0.000, 3.892, 0.000, 0.000, 0.622, 0.000, 4.015
8.700, 1, Obstacle, -496.627, -181.802, 0.000, 3.892, 0.000, 0.000, 0.000, 0.000, 0.000
8.750, 0, Ego, -493.394, -178.791, 0.000, 3.892, 0.000, 0.000, 0.622, 0.000, 4.104
8.750, 1, Obstacle, -496.627, -181.802, 0.000, 3.892, 0.000, 0.000, 0.000, 0.000, 0.000
8.800, 0, Ego, -493.417, -178.812, 0.000, 3.892, 0.000, 0.000, 0.622, 0.000, 4.193
8.800, 1, Obstacle, -496.627, -181.802, 0.000, 3.892, 0.000, 0.000, 0.000, 0.000, 0.000
8.850, 0, Ego, -493.440, -178.833, 0.000, 3.892, 0.000, 0.000, 0.622, 0.000, 4.282
8.850, 1, Obstacle, -496.627, -181.802, 0.000, 3.892, 0.000, 0.000, 0.000, 0.000, 0.000
8.900, 0, Ego, -493.463, -178.854, 0.000, 3.892, 0.000, 0.000, 0.622, 0.000, 4.371
8.900, 1, Obstacle, -496.627, -181.802, 0.000, 3.892, 0.000, 0.000, 0.000, 0.000, 0.000
8.950, 0, Ego, -493.486, -178.875, 0.000, 3.892, 0.000, 0.000, 0.622, 0.000, 4.460
8.950, 1, Obstacle, -496.627, -181.802, 0.000, 3.892, 0.000, 0.000, 0.000, 0.000, 0.000
9.000, 0, Ego, -493.508, -178.897, 0.000, 3.892, 0.000, 0.000, 0.622, 0.000, 4.549
9.000, 1, Obstacle, -496.627, -181.802, 0.000, 3.892, 0.000, 0.000, 0.000, 0.000, 0.000
9.050, 0, Ego, -493.531, -178.918, 0.000, 3.892, 0.000, 0.000, 0.622, 0.000, 4.637
9.050, 1, Obstacle, -496.627, -181.802, 0.000, 3.892, 0.000, 0.000, 0.000, 0.000, 0.000
9.100, 0, Ego, -493.554, -178.939, 0.000, 3.892, 0.000, 0.000, 0.622, 0.000, 4.726
9.100, 1, Obstacle, -496.627, -181.802, 0.000, 3.892, 0.000, 0.000, 0.000, 0.000, 0.000
9.150, 0, Ego, -493.577, -178.960, 0.000, 3.892, 0.000, 0.000, 0.622, 0.000, 4.815
9.150, 1, Obstacle, -496.627, -181.802, 0.000, 3.892, 0.000, 0.000, 0.000, 0.000, 0.000
9.200, 0, Ego, -493.599, -178.981, 0.000, 3.892, 0.000, 0.000, 0.622, 0.000, 4.904
9.200, 1, Obstacle, -496.627, -181.802, 0.000, 3.892, 0.000, 0.000, 0.000, 0.000, 0.000
9.250, 0, Ego, -493.622, -179.003, 0.000, 3.892, 0.000, 0.000, 0.622, 0.000, 4.993
9.250, 1, Obstacle, -496.627, -181.802, 0.000, 3.892, 0.000, 0.000, 0.000, 0.000, 0.000
9.300, 0, Ego, -493.645, -179.024, 0.000, 3.892, 0.000, 0.000, 0.622, 0.000, 5.082
9.300, 1, Obstacle, -496.627, -181.802, 0.000, 3.892, 0.000, 0.000, 0.000, 0.000, 0.000
9.350, 0, Ego, -493.668, -179.045, 0.000, 3.892, 0.000, 0.000, 0.622, 0.000, 5.171
9.350, 1, Obstacle, -496.627, -181.802, 0.000, 3.892, 0.000, 0.000, 0.000, 0.000, 0.000
9.400, 0, Ego, -493.690, -179.066, 0.000, 3.892, 0.000, 0.000, 0.622, 0.000, 5.259
9.400, 1, Obstacle, -496.627, -181.802, 0.000, 3.892, 0.000, 0.000, 0.000, 0.000, 0.000
9.450, 0, Ego, -493.713, -179.087, 0.000, 3.892, 0.000, 0.000, 0.622, 0.000, 5.348
9.450, 1, Obstacle, -496.627, -181.802, 0.000, 3.892, 0.000, 0.000, 0.000, 0.000, 0.000
9.500, 0, Ego, -493.736, -179.109, 0.000, 3.892, 0.000, 0.000, 0.622, 0.000, 5.437
9.500, 1, Obstacle, -496.627, -181.802, 0.000, 3.892, 0.000, 0.000, 0.000, 0.000, 0.000
9.550, 0, Ego, -493.759, -179.130, 0.000, 3.892, 0.000, 0.000, 0.622, 0.000, 5.526
9.550, 1, Obstacle, -496.627, -181.802, 0.000, 3.892, 0.000, 0.000, 0.000, 0.000, 0.000
9.600, 0, Ego, -493.781, -179.151, 0.000, 3.892, 0.000, 0.000, 0.622, 0.000, 5.615
9.600, 1, Obstacle, -496.627, -181.802, 0.000, 3.892, 0.000, 0.000, 0.000, 0.000, 0.000
9.650, 0, Ego, -493.804, -179.172, 0.000, 3.892, 0.000, 0.000, 0.622, 0.000, 5.704
9.650, 1, Obstacle, -496.627, -181.802, 0.000, 3.892, 0.000, 0.000, 0.000, 0.000, 0.000
9.700, 0, Ego, -493.827, -179.193, 0.000, 3.892, 0.000, 0.000, 0.622, 0.000, 5.793
9.700, 1, Obstacle, -496.627, -181.802, 0.000, 3.892, 0.000, 0.000, 0.000, 0.000, 0.000
9.750, 0, Ego, -493.850, -179.215, 0.000, 3.892, 0.000, 0.000, 0.622, 0.000, 5.881
9.750, 1, Obstacle, -496.627, -181.802, 0.000, 3.892, 0.000, 0.000, 0.000, 0.000, 0.000
9.800, 0, Ego, -493.872, -179.236, 0.000, 3.892, 0.000, 0.000, 0.622, 0.000, 5.970
9.800, 1, Obstacle, -496.627, -181.802, 0.000, 3.892, 0.000, 0.000, 0.000, 0.000, 0.000
9.850, 0, Ego, -493.895, -179.257, 0.000, 3.892, 0.000, 0.000, 0.622, 0.000, 6.059
9.850, 1, Obstacle, -496.627, -181.802, 0.000, 3.892, 0.000, 0.000, 0.000, 0.000, 0.000
9.900, 0, Ego, -493.918, -179.278, 0.000, 3.892, 0.000, 0.000, 0.622, 0.000, 6.148
9.900, 1, Obstacle, -496.627, -181.802, 0.000, 3.892, 0.000, 0.000, 0.000, 0.000, 0.000
9.950, 0, Ego, -493.941, -179.299, 0.000, 3.892, 0.000, 0.000, 0.622, 0.000, 6.237
9.950, 1, Obstacle, -496.627, -181.802, 0.000, 3.892, 0.000, 0.000, 0.000, 0.000, 0.000
10.000, 0, Ego, -493.963, -179.321, 0.000, 3.892, 0.000, 0.000, 0.622, 0.000, 0.043
10.000, 1, Obstacle, -496.627, -181.802, 0.000, 3.892, 0.000, 0.000, 0.000, 0.000, 0.000
10.050, 0, Ego, -493.986, -179.342, 0.000, 3.892, 0.000, 0.000, 0.622, 0.000, 0.131
10.050, 1, Obstacle, -496.627, -181.802, 0.000, 3.892, 0.000, 0.000, 0.000, 0.000, 0.000
10.100, 0, Ego, -494.009, -179.363, 0.000, 3.892, 0.000, 0.000, 0.622, 0.000, 0.220
10.100, 1, Obstacle, -496.627, -181.802, 0.000, 3.892, 0.000, 0.000, 0.000, 0.000, 0.000
10.150, 0, Ego, -494.032, -179.384, 0.000, 3.892, 0.000, 0.000, 0.622, 0.000, 0.309
10.150, 1, Obstacle, -496.627, -181.802, 0.000, 3.892, 0.000, 0.000, 0.000, 0.000, 0.000
10.200, 0, Ego, -494.054, -179.405, 0.000, 3.892, 0.000, 0.000, 0.622, 0.000, 0.398
10.200, 1, Obstacle, -496.627, -181.802, 0.000, 3.892, 0.000, 0.000, 0.000, 0.000, 0.000
10.250, 0, Ego, -494.077, -179.426, 0.000, 3.892, 0.000, 0.000, 0.622, 0.000, 0.487
10.250, 1, Obstacle, -496.627, -181.802, 0.000, 3.892, 0.000, 0.000, 0.000, 0.000, 0.000
10.300, 0, Ego, -494.100, -179.448, 0.000, 3.892, 0.000, 0.000, 0.622, 0.000, 0.576
10.300, 1, Obstacle, -496.627, -181.802, 0.000, 3.892, 0.000, 0.000, 0.000, 0.000, 0.000
10.350, 0, Ego, -494.123, -179.469, 0.000, 3.892, 0.000, 0.000, 0.622, 0.000, 0.665
10.350, 1, Obstacle, -496.627, -181.802, 0.000, 3.892, 0.000, 0.000, 0.000, 0.000, 0.000
10.400, 0, Ego, -494.145, -179.490, 0.000, 3.892, 0.000, 0.000, 0.622, 0.000, 0.753
10.400, 1, Obstacle, -496.627, -181.802, 0.000, 3.892, 0.000, 0.000, 0.000, 0.000, 0.000
10.450, 0, Ego, -494.168, -179.511, 0.000, 3.892, 0.000, 0.000, 0.622, 0.000, 0.842
10.450, 1, Obstacle, -496.627, -181.802, 0.000, 3.892, 0.000, 0.000, 0.000, 0.000, 0.000
10.500, 0, Ego, -494.191, -179.533, 0.000, 3.892, 0.000, 0.000, 0.622, 0.000, 0.931
10.500, 1, Obstacle, -496.627, -181.802, 0.000, 3.892, 0.000, 0.000, 0.000, 0.000, 0.000
10.550, 0, Ego, -494.214, -179.554, 0.000, 3.892, 0.000, 0.000, 0.622, 0.000, 1.020
10.550, 1, Obstacle, -496.627, -181.802, 0.000, 3.892, 0.000, 0.000, 0.000, 0.000, 0.000
10.600, 0, Ego, -494.236, -179.575, 0.000, 3.892, 0.000, 0.000, 0.622, 0.000, 1.109
10.600, 1, Obstacle, -496.627, -181.802, 0.000, 3.892, 0.000, 0.000, 0.000, 0.000, 0.000
10.650, 0, Ego, -494.259, -179.596, 0.000, 3.892, 0.000, 0.000, 0.622, 0.000, 1.198
10.650, 1, Obstacle, -496.627, -181.802, 0.000, 3.892, 0.000, 0.000, 0.000, 0.000, 0.000
10.700, 0, Ego, -494.282, -179.617, 0.000, 3.892, 0.000, 0.000, 0.622, 0.000, 1.287
10.700, 1, Obstacle, -496.627, -181.802, 0.000, 3.892, 0.000, 0.000, 0.000, 0.000, 0.000
10.750, 0, Ego, -494.305, -179.638, 0.000, 3.892, 0.000, 0.000, 0.622, 0.000, 1.375
10.750, 1, Obstacle, -496.627, -181.802, 0.000, 3.892, 0.000, 0.000, 0.000, 0.000, 0.000
10.800, 0, Ego, -494.327, -179.660, 0.000, 3.892, 0.000, 0.000, 0.622, 0.000, 1.464
10.800, 1, Obstacle, -496.627, -181.802, 0.000, 3.892, 0.000, 0.000, 0.000, 0.000, 0.000
10.850, 0, Ego, -494.350, -179.681, 0.000, 3.892, 0.000, 0.000, 0.622, 0.000, 1.553
10.850, 1, Obstacle, -496.627, -181.802, 0.000, 3.892, 0.000, 0.000, 0.000, 0.000, 0.000
10.900, 0, Ego, -494.373, -179.702, 0.000, 3.892, 0.000, 0.000, 0.622, 0.000, 1.642
10.900, 1, Obstacle, -496.627, -181.802, 0.000, 3.892, 0.000, 0.000, 0.000, 0.000, 0.000
10.950, 0, Ego, -494.396, -179.723, 0.000, 3.892, 0.000, 0.000, 0.622, 0.000, 1.731
10.950, 1, Obstacle, -496.627, -181.802, 0.000, 3.892, 0.000, 0.000, 0.000, 0.000, 0.000
11.000, 0, Ego, -494.418, -179.744, 0.000, 3.892, 0.000, 0.000, 0.622, 0.000, 1.820
11.000, 1, Obstacle, -496.627, -181.802, 0.000, 3.892, 0.000, 0.000, 0.000, 0.000, 0.000
11.050, 0, Ego, -494.441, -179.766, 0.000, 3.892, 0.000, 0.000, 0.622, 0.000, 1.909
11.050, 1, Obstacle, -496.627, -181.802, 0.000, 3.892, 0.000, 0.000, 0.000, 0.000, 0.000
11.100, 0, Ego, -494.464, -179.787, 0.000, 3.892, 0.000, 0.000, 0.622, 0.000, 1.997
11.100, 1, Obstacle, -496.627, -181.802, 0.000, 3.892, 0.000, 0.000, 0.000, 0.000, 0.000
11.150, 0, Ego, -494.487, -179.808, 0.000, 3.892, 0.000, 0.000, 0.622, 0.000, 2.086
11.150, 1, Obstacle, -496.627, -181.802, 0.000, 3.892, 0.000, 0.000, 0.000, 0.000, 0.000
11.200, 0, Ego, -494.509, -179.829, 0.000, 3.892, 0.000, 0.000, 0.622, 0.000, 2.175
11.200, 1, Obstacle, -496.627, -181.802, 0.000, 3.892, 0.000, 0.000, 0.000, 0.000, 0.000
11.250, 0, Ego, -494.532, -179.850, 0.000, 3.892, 0.000, 0.000, 0.622, 0.000, 2.264
11.250, 1, Obstacle, -496.627, -181.802, 0.000, 3.892, 0.000, 0.000, 0.000, 0.000, 0.000
11.300, 0, Ego, -494.555, -179.872, 0.000, 3.892, 0.000, 0.000, 0.622, 0.000, 2.353
11.300, 1, Obstacle, -496.627, -181.802, 0.000, 3.892, 0.000, 0.000, 0.000, 0.000, 0.000
11.350, 0, Ego, -494.578, -179.893, 0.000, 3.892, 0.000, 0.000, 0.622, 0.000, 2.442
11.350, 1, Obstacle, -496.627, -181.802, 0.000, 3.892, 0.000, 0.000, 0.000, 0.000, 0.000
11.400, 0, Ego, -494.601, -179.914, 0.000, 3.892, 0.000, 0.000, 0.622, 0.000, 2.531
11.400, 1, Obstacle, -496.627, -181.802, 0.000, 3.892, 0.000, 0.000, 0.000, 0.000, 0.000
11.450, 0, Ego, -494.623, -179.935, 0.000, 3.892, 0.000, 0.000, 0.622, 0.000, 2.619
11.450, 1, Obstacle, -496.627, -181.802, 0.000, 3.892, 0.000, 0.000, 0.000, 0.000, 0.000
11.500, 0, Ego, -494.646, -179.956, 0.000, 3.892, 0.000, 0.000, 0.622, 0.000, 2.708
11.500, 1, Obstacle, -496.627, -181.802, 0.000, 3.892, 0.000, 0.000, 0.000, 0.000, 0.000
11.550, 0, Ego, -494.669, -179.978, 0.000, 3.892, 0.000, 0.000, 0.622, 0.000, 2.797
11.550, 1, Obstacle, -496.627, -181.802, 0.000, 3.892, 0.000, 0.000, 0.000, 0.000, 0.000
11.600, 0, Ego, -494.692, -179.999, 0.000, 3.892, 0.000, 0.000, 0.622, 0.000, 2.886
11.600, 1, Obstacle, -496.627, -181.802, 0.000, 3.892, 0.000, 0.000, 0.000, 0.000, 0.000
11.650, 0, Ego, -494.714, -180.020, 0.000, 3.892, 0.000, 0.000, 0.622, 0.000, 2.975
11.650, 1, Obstacle, -496.627, -181.802, 0.000, 3.892, 0.000, 0.000, 0.000, 0.000, 0.000
11.700, 0, Ego, -494.737, -180.041, 0.000, 3.892, 0.000, 0.000, 0.622, 0.000, 3.064
11.700, 1, Obstacle, -496.627, -181.802, 0.000, 3.892, 0.000, 0.000, 0.000, 0.000, 0.000
11.750, 0, Ego, -494.760, -180.062, 0.000, 3.892, 0.000, 0.000, 0.622, 0.000, 3.153
11.750, 1, Obstacle, -496.627, -181.802, 0.000, 3.892, 0.000, 0.000, 0.000, 0.000, 0.000
11.800, 0, Ego, -494.783, -180.084, 0.000, 3.892, 0.000, 0.000, 0.622, 0.000, 3.241
11.800, 1, Obstacle, -496.627, -181.802, 0.000, 3.892, 0.000, 0.000, 0.000, 0.000, 0.000
11.850, 0, Ego, -494.805, -180.105, 0.000, 3.892, 0.000, 0.000, 0.622, 0.000, 3.330
11.850, 1, Obstacle, -496.627, -181.802, 0.000, 3.892, 0.000, 0.000, 0.000, 0.000, 0.000
11.900, 0, Ego, -494.828, -180.126, 0.000, 3.892, 0.000, 0.000, 0.622, 0.000, 3.419
11.900, 1, Obstacle, -496.627, -181.802, 0.000, 3.892, 0.000, 0.000, 0.000, 0.000, 0.000
11.950, 0, Ego, -494.851, -180.147, 0.000, 3.892, 0.000, 0.000, 0.622, 0.000, 3.508
11.950, 1, Obstacle, -496.627, -181.802, 0.000, 3.892, 0.000, 0.000, 0.000, 0.000, 0.000
12.000, 0, Ego, -494.874, -180.168, 0.000, 3.892, 0.000, 0.000, 0.622, 0.000, 3.597
12.000, 1, Obstacle, -496.627, -181.802, 0.000, 3.892, 0.000, 0.000, 0.000, 0.000, 0.000
12.050, 0, Ego, -494.896, -180.190, 0.000, 3.892, 0.000, 0.000, 0.622, 0.000, 3.686
12.050, 1, Obstacle, -496.627, -181.802, 0.000, 3.892, 0.000, 0.000, 0.000, 0.000, 0.000
12.100, 0, Ego, -494.919, -180.211, 0.000, 3.892, 0.000, 0.000, 0.622, 0.000, 3.775
12.100, 1, Obstacle, -496.627, -181.802, 0.000, 3.892, 0.000, 0.000, 0.000, 0.000, 0.000
12.150, 0, Ego, -494.942, -180.232, 0.000, 3.892, 0.000, 0.000, 0.622, 0.000, 3.863
12.150, 1, Obstacle, -496.627, -181.802, 0.000, 3.892, 0.000, 0.000, 0.000, 0.000, 0.000
12.200, 0, Ego, -494.965, -180.253, 0.000, 3.892, 0.000, 0.000, 0.622, 0.000, 3.952
12.200, 1, Obstacle, -496.627, -181.802, 0.000, 3.892, 0.000, 0.000, 0.000, 0.000, 0.000
12.250, 0, Ego, -494.987, -180.274, 0.000, 3.892, 0.000, 0.000, 0.622, 0.000, 4.041
12.250, 1, Obstacle, -496.627, -181.802, 0.000, 3.892, 0.000, 0.000, 0.000, 0.000, 0.000
12.300, 0, Ego, -495.010, -180.296, 0.000, 3.892, 0.000, 0.000, 0.622, 0.000, 4.130
12.300, 1, Obstacle, -496.627, -181.802, 0.000, 3.892, 0.000, 0.000, 0.000, 0.000, 0.000
12.350, 0, Ego, -495.033, -180.317, 0.000, 3.892, 0.000, 0.000, 0.622, 0.000, 4.219
12.350, 1, Obstacle, -496.627, -181.802, 0.000, 3.892, 0.000, 0.000, 0.000, 0.000, 0.000
12.400, 0, Ego, -495.056, -180.338, 0.000, 3.892, 0.000, 0.000, 0.622, 0.000, 4.308
12.400, 1, Obstacle, -496.627, -181.802, 0.000, 3.892, 0.000, 0.000, 0.000, 0.000, 0.000
12.450, 0, Ego, -495.078, -180.359, 0.000, 3.892, 0.000, 0.000, 0.622, 0.000, 4.397
12.450, 1, Obstacle, -496.627, -181.802, 0.000, 3.892, 0.000, 0.000, 0.000, 0.000, 0.000
12.500, 0, Ego, -495.101, -180.380, 0.000, 3.892, 0.000, 0.000, 0.622, 0.000, 4.485
12.500, 1, Obstacle, -496.627, -181.802, 0.000, 3.892, 0.000, 0.000, 0.000, 0.000, 0.000
12.550, 0, Ego, -495.124, -180.402, 0.000, 3.892, 0.000, 0.000, 0.622, 0.000, 4.574
12.550, 1, Obstacle, -496.627, -181.802, 0.000, 3.892, 0.000, 0.000, 0.000, 0.000, 0.000
12.600, 0, Ego, -495.147, -180.423, 0.000, 3.892, 0.000, 0.000, 0.622, 0.000, 4.663
12.600, 1, Obstacle, -496.627, -181.802, 0.000, 3.892, 0.000, 0.000, 0.000, 0.000, 0.000
12.650, 0, Ego, -495.169, -180.444, 0.000, 3.892, 0.000, 0.000, 0.622, 0.000, 4.752
12.650, 1, Obstacle, -496.627, -181.802, 0.000, 3.892, 0.000, 0.000, 0.000, 0.000, 0.000
12.700, 0, Ego, -495.192, -180.465, 0.000, 3.892, 0.000, 0.000, 0.622, 0.000, 4.841
12.700, 1, Obstacle, -496.627, -181.802, 0.000, 3.892, 0.000, 0.000, 0.000, 0.000, 0.000
12.750, 0, Ego, -495.215, -180.486, 0.000, 3.892, 0.000, 0.000, 0.622, 0.000, 4.930
12.750, 1, Obstacle, -496.627, -181.802, 0.000, 3.892, 0.000, 0.000, 0.000, 0.000, 0.000
12.800, 0, Ego, -495.238, -180.508, 0.000, 3.892, 0.000, 0.000, 0.622, 0.000, 5.019
12.800, 1, Obstacle, -496.627, -181.802, 0.000, 3.892, 0.000, 0.000, 0.000, 0.000, 0.000
12.850, 0, Ego, -495.260, -180.529, 0.000, 3.892, 0.000, 0.000, 0.622, 0.000, 5.107
12.850, 1, Obstacle, -496.627, -181.802, 0.000, 3.892, 0.000, 0.000, 0.000, 0.000, 0.000
12.900, 0, Ego, -495.283, -180.550, 0.000, 3.892, 0.000, 0.000, 0.622, 0.000, 5.196
12.900, 1, Obstacle, -496.627, -181.802, 0.000, 3.892, 0.000, 0.000, 0.000, 0.000, 0.000
12.950, 0, Ego, -495.306, -180.571, 0.000, 3.892, 0.000, 0.000, 0.622, 0.000, 5.285
12.950, 1, Obstacle, -496.627, -181.802, 0.000, 3.892, 0.000, 0.000, 0.000, 0.000, 0.000
13.000, 0, Ego, -495.329, -180.592, 0.000, 3.892, 0.000, 0.000, 0.622, 0.000, 5.374
13.000, 1, Obstacle, -496.627, -181.802, 0.000, 3.892, 0.000, 0.000, 0.000, 0.000, 0.000
13.050, 0, Ego, -495.351, -180.614, 0.000, 3.892, 0.000, 0.000, 0.622, 0.000, 5.463
13.050, 1, Obstacle, -496.627, -181.802, 0.000, 3.892, 0.000, 0.000, 0.000, 0.000, 0.000
13.100, 0, Ego, -495.374, -180.635, 0.000, 3.892, 0.000, 0.000, 0.622, 0.000, 5.552
13.100, 1, Obstacle, -496.627, -181.802, 0.000, 3.892, 0.000, 0.000, 0.000, 0.000, 0.000
13.150, 0, Ego, -495.397, -180.656, 0.000, 3.892, 0.000, 0.000, 0.622, 0.000, 5.641
13.150, 1, Obstacle, -496.627, -181.802, 0.000, 3.892, 0.000, 0.000, 0.000, 0.000, 0.000
13.200, 0, Ego, -495.420, -180.677, 0.000, 3.892, 0.000, 0.000, 0.622, 0.000, 5.729
13.200, 1, Obstacle, -496.627, -181.802, 0.000, 3.892, 0.000, 0.000, 0.000, 0.000, 0.000
13.250, 0, Ego, -495.442, -180.698, 0.000, 3.892, 0.000, 0.000, 0.622, 0.000, 5.818
13.250, 1, Obstacle, -496.627, -181.802, 0.000, 3.892, 0.000, 0.000, 0.000, 0.000, 0.000
13.300, 0, Ego, -495.465, -180.720, 0.000, 3.892, 0.000, 0.000, 0.622, 0.000, 5.907
13.300, 1, Obstacle, -496.627, -181.802, 0.000, 3.892, 0.000, 0.000, 0.000, 0.000, 0.000
13.350, 0, Ego, -495.488, -180.741, 0.000, 3.892, 0.000, 0.000, 0.622, 0.000, 5.996
13.350, 1, Obstacle, -496.627, -181.802, 0.000, 3.892, 0.000, 0.000, 0.000, 0.000, 0.000
13.400, 0, Ego, -495.511, -180.762, 0.000, 3.892, 0.000, 0.000, 0.622, 0.000, 6.085
13.400, 1, Obstacle, -496.627, -181.802, 0.000, 3.892, 0.000, 0.000, 0.000, 0.000, 0.000
13.450, 0, Ego, -495.534, -180.783, 0.000, 3.892, 0.000, 0.000, 0.622, 0.000, 6.174
13.450, 1, Obstacle, -496.627, -181.802, 0.000, 3.892, 0.000, 0.000, 0.000, 0.000, 0.000
13.500, 0, Ego, -495.556, -180.804, 0.000, 3.892, 0.000, 0.000, 0.622, 0.000, 6.263
13.500, 1, Obstacle, -496.627, -181.802, 0.000, 3.892, 0.000, 0.000, 0.000, 0.000, 0.000
13.550, 0, Ego, -495.579, -180.826, 0.000, 3.892, 0.000, 0.000, 0.622, 0.000, 0.068
13.550, 1, Obstacle, -496.627, -181.802, 0.000, 3.892, 0.000, 0.000, 0.000, 0.000, 0.000
13.600, 0, Ego, -495.602, -180.847, 0.000, 3.892, 0.000, 0.000, 0.622, 0.000, 0.157
13.600, 1, Obstacle, -496.627, -181.802, 0.000, 3.892, 0.000, 0.000, 0.000, 0.000, 0.000
13.650, 0, Ego, -495.625, -180.868, 0.000, 3.892, 0.000, 0.000, 0.622, 0.000, 0.246
13.650, 1, Obstacle, -496.627, -181.802, 0.000, 3.892, 0.000, 0.000, 0.000, 0.000, 0.000
13.700, 0, Ego, -495.647, -180.889, 0.000, 3.892, 0.000, 0.000, 0.622, 0.000, 0.335
13.700, 1, Obstacle, -496.627, -181.802, 0.000, 3.892, 0.000, 0.000, 0.000, 0.000, 0.000
13.750, 0, Ego, -495.670, -180.910, 0.000, 3.892, 0.000, 0.000, 0.622, 0.000, 0.424
13.750, 1, Obstacle, -496.627, -181.802, 0.000, 3.892, 0.000, 0.000, 0.000, 0.000, 0.000
13.800, 0, Ego, -495.693, -180.932, 0.000, 3.892, 0.000, 0.000, 0.622, 0.000, 0.512
13.800, 1, Obstacle, -496.627, -181.802, 0.000, 3.892, 0.000, 0.000, 0.000, 0.000, 0.000
13.850, 0, Ego, -495.716, -180.953, 0.000, 3.892, 0.000, 0.000, 0.622, 0.000, 0.601
13.850, 1, Obstacle, -496.627, -181.802, 0.000, 3.892, 0.000, 0.000, 0.000, 0.000, 0.000
13.900, 0, Ego, -495.738, -180.974, 0.000, 3.892, 0.000, 0.000, 0.622, 0.000, 0.690
13.900, 1, Obstacle, -496.627, -181.802, 0.000, 3.892, 0.000, 0.000, 0.000, 0.000, 0.000
13.950, 0, Ego, -495.761, -180.995, 0.000, 3.892, 0.000, 0.000, 0.622, 0.000, 0.779
13.950, 1, Obstacle, -496.627, -181.802, 0.000, 3.892, 0.000, 0.000, 0.000, 0.000, 0.000
14.000, 0, Ego, -495.784, -181.016, 0.000, 3.892, 0.000, 0.000, 0.622, 0.000, 0.868
14.000, 1, Obstacle, -496.627, -181.802, 0.000, 3.892, 0.000, 0.000, 0.000, 0.000, 0.000
14.050, 0, Ego, -495.807, -181.038, 0.000, 3.892, 0.000, 0.000, 0.622, 0.000, 0.957
14.050, 1, Obstacle, -496.627, -181.802, 0.000, 3.892, 0.000, 0.000, 0.000, 0.000, 0.000
14.100, 0, Ego, -495.829, -181.059, 0.000, 3.892, 0.000, 0.000, 0.622, 0.000, 1.046
14.100, 1, Obstacle, -496.627, -181.802, 0.000, 3.892, 0.000, 0.000, 0.000, 0.000, 0.000
14.150, 0, Ego, -495.852, -181.080, 0.000, 3.892, 0.000, 0.000, 0.622, 0.000, 1.134
14.150, 1, Obstacle, -496.627, -181.802, 0.000, 3.892, 0.000, 0.000, 0.000, 0.000, 0.000
14.200, 0, Ego, -495.875, -181.101, 0.000, 3.892, 0.000, 0.000, 0.622, 0.000, 1.223
14.200, 1, Obstacle, -496.627, -181.802, 0.000, 3.892, 0.000, 0.000, 0.000, 0.000, 0.000
14.250, 0, Ego, -495.898, -181.122, 0.000, 3.892, 0.000, 0.000, 0.622, 0.000, 1.312
14.250, 1, Obstacle, -496.627, -181.802, 0.000, 3.892, 0.000, 0.000, 0.000, 0.000, 0.000
14.300, 0, Ego, -495.920, -181.144, 0.000, 3.892, 0.000, 0.000, 0.622, 0.000, 1.401
14.300, 1, Obstacle, -496.627, -181.802, 0.000, 3.892, 0.000, 0.000, 0.000, 0.000, 0.000
14.350, 0, Ego, -495.943, -181.165, 0.000, 3.892, 0.000, 0.000, 0.622, 0.000, 1.490
14.350, 1, Obstacle, -496.627, -181.802, 0.000, 3.892, 0.000, 0.000, 0.000, 0.000, 0.000
14.400, 0, Ego, -495.966, -181.186, 0.000, 3.892, 0.000, 0.000, 0.622, 0.000, 1.579
14.400, 1, Obstacle, -496.627, -181.802, 0.000, 3.892, 0.000, 0.000, 0.000, 0.000, 0.000
14.450, 0, Ego, -495.989, -181.207, 0.000, 3.892, 0.000, 0.000, 0.622, 0.000, 1.668
14.450, 1, Obstacle, -496.627, -181.802, 0.000, 3.892, 0.000, 0.000, 0.000, 0.000, 0.000
14.500, 0, Ego, -496.011, -181.228, 0.000, 3.892, 0.000, 0.000, 0.622, 0.000, 1.756
14.500, 1, Obstacle, -496.627, -181.802, 0.000, 3.892, 0.000, 0.000, 0.000, 0.000, 0.000
14.550, 0, Ego, -496.034, -181.250, 0.000, 3.892, 0.000, 0.000, 0.622, 0.000, 1.845
14.550, 1, Obstacle, -496.627, -181.802, 0.000, 3.892, 0.000, 0.000, 0.000, 0.000, 0.000
14.600, 0, Ego, -496.057, -181.271, 0.000, 3.892, 0.000, 0.000, 0.622, 0.000, 1.934
14.600, 1, Obstacle, -496.627, -181.802, 0.000, 3.892, 0.000, 0.000, 0.000, 0.000, 0.000
14.650, 0, Ego, -496.080, -181.292, 0.000, 3.892, 0.000, 0.000, 0.622, 0.000, 2.023
14.650, 1, Obstacle, -496.627, -181.802, 0.000, 3.892, 0.000, 0.000, 0.000, 0.000, 0.000
14.700, 0, Ego, -496.102, -181.313, 0.000, 3.892, 0.000, 0.000, 0.622, 0.000, 2.112
14.700, 1, Obstacle, -496.627, -181.802, 0.000, 3.892, 0.000, 0.000, 0.000, 0.000, 0.000
14.750, 0, Ego, -496.125, -181.334, 0.000, 3.892, 0.000, 0.000, 0.622, 0.000, 2.201
14.750, 1, Obstacle, -496.627, -181.802, 0.000, 3.892, 0.000, 0.000, 0.000, 0.000, 0.000
14.800, 0, Ego, -496.148, -181.356, 0.000, 3.892, 0.000, 0.000, 0.622, 0.000, 2.290
14.800, 1, Obstacle, -496.627, -181.802, 0.000, 3.892, 0.000, 0.000, 0.000, 0.000, 0.000
14.850, 0, Ego, -496.171, -181.377, 0.000, 3.892, 0.000, 0.000, 0.622, 0.000, 2.378
14.850, 1, Obstacle, -496.627, -181.802, 0.000, 3.892, 0.000, 0.000, 0.000, 0.000, 0.000
14.900, 0, Ego, -496.193, -181.398, 0.000, 3.892, 0.000, 0.000, 0.622, 0.000, 2.467
14.900, 1, Obstacle, -496.627, -181.802, 0.000, 3.892, 0.000, 0.000, 0.000, 0.000, 0.000
14.950, 0, Ego, -496.216, -181.419, 0.000, 3.892, 0.000, 0.000, 0.622, 0.000, 2.556
14.950, 1, Obstacle, -496.627, -181.802, 0.000, 3.892, 0.000, 0.000, 0.000, 0.000, 0.000
15.000, 0, Ego, -496.239, -181.440, 0.000, 3.892, 0.000, 0.000, 0.622, 0.000, 2.645
15.000, 1, Obstacle, -496.627, -181.802, 0.000, 3.892, 0.000, 0.000, 0.000, 0.000, 0.000
15.050, 0, Ego, -496.262, -181.462, 0.000, 3.892, 0.000, 0.000, 0.622, 0.000, 2.734
15.050, 1, Obstacle, -496.627, -181.802, 0.000, 3.892, 0.000, 0.000, 0.000, 0.000, 0.000
15.100, 0, Ego, -496.284, -181.483, 0.000, 3.892, 0.000, 0.000, 0.622, 0.000, 2.823
15.100, 1, Obstacle, -496.627, -181.802, 0.000, 3.892, 0.000, 0.000, 0.000, 0.000, 0.000
15.150, 0, Ego, -496.307, -181.504, 0.000, 3.892, 0.000, 0.000, 0.622, 0.000, 2.912
15.150, 1, Obstacle, -496.627, -181.802, 0.000, 3.892, 0.000, 0.000, 0.000, 0.000, 0.000
15.200, 0, Ego, -496.330, -181.525, 0.000, 3.892, 0.000, 0.000, 0.622, 0.000, 3.000
15.200, 1, Obstacle, -496.627, -181.802, 0.000, 3.892, 0.000, 0.000, 0.000, 0.000, 0.000
15.250, 0, Ego, -496.353, -181.546, 0.000, 3.892, 0.000, 0.000, 0.622, 0.000, 3.089
15.250, 1, Obstacle, -496.627, -181.802, 0.000, 3.892, 0.000, 0.000, 0.000, 0.000, 0.000
15.300, 0, Ego, -496.375, -181.568, 0.000, 3.892, 0.000, 0.000, 0.622, 0.000, 3.178
15.300, 1, Obstacle, -496.627, -181.802, 0.000, 3.892, 0.000, 0.000, 0.000, 0.000, 0.000
15.350, 0, Ego, -496.398, -181.589, 0.000, 3.892, 0.000, 0.000, 0.622, 0.000, 3.267
15.350, 1, Obstacle, -496.627, -181.802, 0.000, 3.892, 0.000, 0.000, 0.000, 0.000, 0.000
15.400, 0, Ego, -496.421, -181.610, 0.000, 3.892, 0.000, 0.000, 0.622, 0.000, 3.356
15.400, 1, Obstacle, -496.627, -181.802, 0.000, 3.892, 0.000, 0.000, 0.000, 0.000, 0.000
15.450, 0, Ego, -496.444, -181.631, 0.000, 3.892, 0.000, 0.000, 0.622, 0.000, 3.445
15.450, 1, Obstacle, -496.627, -181.802, 0.000, 3.892, 0.000, 0.000, 0.000, 0.000, 0.000
15.500, 0, Ego, -496.466, -181.652, 0.000, 3.892, 0.000, 0.000, 0.622, 0.000, 3.534
15.500, 1, Obstacle, -496.627, -181.802, 0.000, 3.892, 0.000, 0.000, 0.000, 0.000, 0.000
15.550, 0, Ego, -496.489, -181.674, 0.000, 3.892, 0.000, 0.000, 0.622, 0.000, 3.622
15.550, 1, Obstacle, -496.627, -181.802, 0.000, 3.892, 0.000, 0.000, 0.000, 0.000, 0.000
15.600, 0, Ego, -496.512, -181.695, 0.000, 3.892, 0.000, 0.000, 0.622, 0.000, 3.711
15.600, 1, Obstacle, -496.627, -181.802, 0.000, 3.892, 0.000, 0.000, 0.000, 0.000, 0.000
15.650, 0, Ego, -496.535, -181.716, 0.000, 3.892, 0.000, 0.000, 0.622, 0.000, 3.800
15.650, 1, Obstacle, -496.627, -181.802, 0.000, 3.892, 0.000, 0.000, 0.000, 0.000, 0.000
15.700, 0, Ego, -496.557, -181.737, 0.000, 3.892, 0.000, 0.000, 0.622, 0.000, 3.889
15.700, 1, Obstacle, -496.627, -181.802, 0.000, 3.892, 0.000, 0.000, 0.000, 0.000, 0.000
15.750, 0, Ego, -496.580, -181.758, 0.000, 3.892, 0.000, 0.000, 0.622, 0.000, 3.978
15.750, 1, Obstacle, -496.627, -181.802, 0.000, 3.892, 0.000, 0.000, 0.000, 0.000, 0.000
15.800, 0, Ego, -496.603, -181.780, 0.000, 3.892, 0.000, 0.000, 0.622, 0.000, 4.067
15.800, 1, Obstacle, -496.627, -181.802, 0.000, 3.892, 0.000, 0.000, 0.000, 0.000, 0.000
15.850, 0, Ego, -496.626, -181.801, 0.000, 3.892, 0.000, 0.000, 0.622, 0.000, 4.156
15.850, 1, Obstacle, -496.627, -181.802, 0.000, 3.892, 0.000, 0.000, 0.000, 0.000, 0.000
15.900, 0, Ego, -496.649, -181.822, 0.000, 3.892, 0.000, 0.000, 0.622, 0.000, 4.244
15.900, 1, Obstacle, -496.627, -181.802, 0.000, 3.892, 0.000, 0.000, 0.000, 0.000, 0.000
15.950, 0, Ego, -496.675, -181.847, 0.000, 3.892, 0.000, 0.000, 0.722, 0.000, 4.348
15.950, 1, Obstacle, -496.627, -181.802, 0.000, 3.892, 0.000, 0.000, 0.000, 0.000, 0.000
16.000, 0, Ego, -496.705, -181.875, 0.000, 3.892, 0.000, 0.000, 0.822, 0.000, 4.465
16.000, 1, Obstacle, -496.627, -181.802, 0.000, 3.892, 0.000, 0.000, 0.000, 0.000, 0.000
16.050, 0, Ego, -496.739, -181.906, 0.000, 3.892, 0.000, 0.000, 0.922, 0.000, 4.597
16.050, 1, Obstacle, -496.627, -181.802, 0.000, 3.892, 0.000, 0.000, 0.000, 0.000, 0.000
16.100, 0, Ego, -496.776, -181.941, 0.000, 3.892, 0.000, 0.000, 1.022, 0.000, 4.743
16.100, 1, Obstacle, -496.627, -181.802, 0.000, 3.892, 0.000, 0.000, 0.000, 0.000, 0.000
16.150, 0, Ego, -496.817, -181.979, 0.000, 3.892, 0.000, 0.000, 1.122, 0.000, 4.903
16.150, 1, Obstacle, -496.627, -181.802, 0.000, 3.892, 0.000, 0.000, 0.000, 0.000, 0.000
16.200, 0, Ego, -496.862, -182.021, 0.000, 3.892, 0.000, 0.000, 1.222, 0.000, 5.078
16.200, 1, Obstacle, -496.627, -181.802, 0.000, 3.892, 0.000, 0.000, 0.000, 0.000, 0.000
16.250, 0, Ego, -496.910, -182.066, 0.000, 3.892, 0.000, 0.000, 1.322, 0.000, 5.266
16.250, 1, Obstacle, -496.627, -181.802, 0.000, 3.892, 0.000, 0.000, 0.000, 0.000, 0.000
16.300, 0, Ego, -496.962, -182.114, 0.000, 3.892, 0.000, 0.000, 1.422, 0.000, 5.470
16.300, 1, Obstacle, -496.627, -181.802, 0.000, 3.892, 0.000, 0.000, 0.000, 0.000, 0.000
16.350, 0, Ego, -497.018, -182.166, 0.000, 3.892, 0.000, 0.000, 1.522, 0.000, 5.687
16.350, 1, Obstacle, -496.627, -181.802, 0.000, 3.892, 0.000, 0.000, 0.000, 0.000, 0.000
16.400, 0, Ego, -497.077, -182.221, 0.000, 3.892, 0.000, 0.000, 1.622, 0.000, 5.919
16.400, 1, Obstacle, -496.627, -181.802, 0.000, 3.892, 0.000, 0.000, 0.000, 0.000, 0.000
16.450, 0, Ego, -497.140, -182.280, 0.000, 3.892, 0.000, 0.000, 1.722, 0.000, 6.165
16.450, 1, Obstacle, -496.627, -181.802, 0.000, 3.892, 0.000, 0.000, 0.000, 0.000, 0.000
16.500, 0, Ego, -497.207, -182.342, 0.000, 3.892, 0.000, 0.000, 1.822, 0.000, 0.142
16.500, 1, Obstacle, -496.627, -181.802, 0.000, 3.892, 0.000, 0.000, 0.000, 0.000, 0.000
16.550, 0, Ego, -497.277, -182.408, 0.000, 3.892, 0.000, 0.000, 1.922, 0.000, 0.416
16.550, 1, Obstacle, -496.627, -181.802, 0.000, 3.892, 0.000, 0.000, 0.000, 0.000, 0.000
16.600, 0, Ego, -497.351, -182.477, 0.000, 3.892, 0.000, 0.000, 2.022, 0.000, 0.705
16.600, 1, Obstacle, -496.627, -181.802, 0.000, 3.892, 0.000, 0.000, 0.000, 0.000, 0.000
16.650, 0, Ego, -497.429, -182.549, 0.000, 3.892, 0.000, 0.000, 2.122, 0.000, 1.008
16.650, 1, Obstacle, -496.627, -181.802, 0.000, 3.892, 0.000, 0.000, 0.000, 0.000, 0.000
16.700, 0, Ego, -497.510, -182.625, 0.000, 3.892, 0.000, 0.000, 2.222, 0.000, 1.326
16.700, 1, Obstacle, -496.627, -181.802, 0.000, 3.892, 0.000, 0.000, 0.000, 0.000, 0.000
16.750, 0, Ego, -497.595, -182.704, 0.000, 3.892, 0.000, 0.000, 2.322, 0.000, 1.658
16.750, 1, Obstacle, -496.627, -181.802, 0.000, 3.892, 0.000, 0.000, 0.000, 0.000, 0.000
16.800, 0, Ego, -497.684, -182.786, 0.000, 3.892, 0.000, 0.000, 2.422, 0.000, 2.004
16.800, 1, Obstacle, -496.627, -181.802, 0.000, 3.892, 0.000, 0.000, 0.000, 0.000, 0.000
16.850, 0, Ego, -497.776, -182.872, 0.000, 3.892, 0.000, 0.000, 2.522, 0.000, 2.364
16.850, 1, Obstacle, -496.627, -181.802, 0.000, 3.892, 0.000, 0.000, 0.000, 0.000, 0.000
16.900, 0, Ego, -497.872, -182.962, 0.000, 3.892, 0.000, 0.000, 2.622, 0.000, 2.738
16.900, 1, Obstacle, -496.627, -181.802, 0.000, 3.892, 0.000, 0.000, 0.000, 0.000, 0.000
16.950, 0, Ego, -497.971, -183.054, 0.000, 3.892, 0.000, 0.000, 2.722, 0.000, 3.127
16.950, 1, Obstacle, -496.627, -181.802, 0.000, 3.892, 0.000, 0.000, 0.000, 0.000, 0.000
17.000, 0, Ego, -498.075, -183.151, 0.000, 3.892, 0.000, 0.000, 2.822, 0.000, 3.530
17.000, 1, Obstacle, -496.627, -181.802, 0.000, 3.892, 0.000, 0.000, 0.000, 0.000, 0.000
17.050, 0, Ego, -498.182, -183.250, 0.000, 3.892, 0.000, 0.000, 2.922, 0.000, 3.948
17.050, 1, Obstacle, -496.627, -181.802, 0.000, 3.892, 0.000, 0.000, 0.000, 0.000, 0.000
17.100, 0, Ego, -498.292, -183.353, 0.000, 3.892, 0.000, 0.000, 3.022, 0.000, 4.380
17.100, 1, Obstacle, -496.627, -181.802, 0.000, 3.892, 0.000, 0.000, 0.000, 0.000, 0.000
17.150, 0, Ego, -498.406, -183.460, 0.000, 3.892, 0.000, 0.000, 3.122, 0.000, 4.826
17.150, 1, Obstacle, -496.627, -181.802, 0.000, 3.892, 0.000, 0.000, 0.000, 0.000, 0.000
17.200, 0, Ego, -498.524, -183.569, 0.000, 3.892, 0.000, 0.000, 3.222, 0.000, 5.286
17.200, 1, Obstacle, -496.627, -181.802, 0.000, 3.892, 0.000, 0.000, 0.000, 0.000, 0.000
17.250, 0, Ego, -498.646, -183.683, 0.000, 3.892, 0.000, 0.000, 3.322, 0.000, 5.760
17.250, 1, Obstacle, -496.627, -181.802, 0.000, 3.892, 0.000, 0.000, 0.000, 0.000, 0.000
17.300, 0, Ego, -498.771, -183.799, 0.000, 3.892, 0.000, 0.000, 3.422, 0.000, 6.249
17.300, 1, Obstacle, -496.627, -181.802, 0.000, 3.892, 0.000, 0.000, 0.000, 0.000, 0.000
17.350, 0, Ego, -498.900, -183.919, 0.000, 3.892, 0.000, 0.000, 3.522, 0.000, 0.469
17.350, 1, Obstacle, -496.627, -181.802, 0.000, 3.892, 0.000, 0.000, 0.000, 0.000, 0.000
17.400, 0, Ego, -499.032, -184.043, 0.000, 3.892, 0.000, 0.000, 3.622, 0.000, 0.987
17.400, 1, Obstacle, -496.627, -181.802, 0.000, 3.892, 0.000, 0.000, 0.000, 0.000, 0.000
17.450, 0, Ego, -499.169, -184.170, 0.000, 3.892, 0.000, 0.000, 3.722, 0.000, 1.518
17.450, 1, Obstacle, -496.627, -181.802, 0.000, 3.892, 0.000, 0.000, 0.000, 0.000, 0.000
17.500, 0, Ego, -499.308, -184.300, 0.000, 3.892, 0.000, 0.000, 3.822, 0.000, 2.064
17.500, 1, Obstacle, -496.627, -181.802, 0.000, 3.892, 0.000, 0.000, 0.000, 0.000, 0.000
17.550, 0, Ego, -499.452, -184.434, 0.000, 3.892, 0.000, 0.000, 3.922, 0.000, 2.625
17.550, 1, Obstacle, -496.627, -181.802, 0.000, 3.892, 0.000, 0.000, 0.000, 0.000, 0.000
17.600, 0, Ego, -499.599, -184.571, 0.000, 3.892, 0.000, 0.000, 4.022, 0.000, 3.199
17.600, 1, Obstacle, -496.627, -181.802, 0.000, 3.892, 0.000, 0.000, 0.000, 0.000, 0.000
17.650, 0, Ego, -499.750, -184.711, 0.000, 3.892, 0.000, 0.000, 4.122, 0.000, 3.788
17.650, 1, Obstacle, -496.627, -181.802, 0.000, 3.892, 0.000, 0.000, 0.000, 0.000, 0.000
17.700, 0, Ego, -499.904, -184.855, 0.000, 3.892, 0.000, 0.000, 4.222, 0.000, 4.391
17.700, 1, Obstacle, -496.627, -181.802, 0.000, 3.892, 0.000, 0.000, 0.000, 0.000, 0.000
17.750, 0, Ego, -500.062, -185.002, 0.000, 3.892, 0.000, 0.000, 4.322, 0.000, 5.009
17.750, 1, Obstacle, -496.627, -181.802, 0.000, 3.892, 0.000, 0.000, 0.000, 0.000, 0.000
17.800, 0, Ego, -500.224, -185.153, 0.000, 3.892, 0.000, 0.000, 4.422, 0.000, 5.640
17.800, 1, Obstacle, -496.627, -181.802, 0.000, 3.892, 0.000, 0.000, 0.000, 0.000, 0.000
17.850, 0, Ego, -500.390, -185.307, 0.000, 3.892, 0.000, 0.000, 4.522, 0.000, 0.003
17.850, 1, Obstacle, -496.627, -181.802, 0.000, 3.892, 0.000, 0.000, 0.000, 0.000, 0.000
17.900, 0, Ego, -500.559, -185.465, 0.000, 3.892, 0.000, 0.000, 4.622, 0.000, 0.663
17.900, 1, Obstacle, -496.627, -181.802, 0.000, 3.892, 0.000, 0.000, 0.000, 0.000, 0.000
17.950, 0, Ego, -500.731, -185.626, 0.000, 3.892, 0.000, 0.000, 4.722, 0.000, 1.338
17.950, 1, Obstacle, -496.627, -181.802, 0.000, 3.892, 0.000, 0.000, 0.000, 0.000, 0.000
18.000, 0, Ego, -500.908, -185.790, 0.000, 3.892, 0.000, 0.000, 4.822, 0.000, 2.027
18.000, 1, Obstacle, -496.627, -181.802, 0.000, 3.892, 0.000, 0.000, 0.000, 0.000, 0.000
18.050, 0, Ego, -501.088, -185.958, 0.000, 3.892, 0.000, 0.000, 4.922, 0.000, 2.730
18.050, 1, Obstacle, -496.627, -181.802, 0.000, 3.892, 0.000, 0.000, 0.000, 0.000, 0.000
18.100, 0, Ego, -501.272, -186.129, 0.000, 3.892, 0.000, 0.000, 5.022, 0.000, 3.447
18.100, 1, Obstacle, -496.627, -181.802, 0.000, 3.892, 0.000, 0.000, 0.000, 0.000, 0.000
18.150, 0, Ego, -501.459, -186.303, 0.000, 3.892, 0.000, 0.000, 5.122, 0.000, 4.179
18.150, 1, Obstacle, -496.627, -181.802, 0.000, 3.892, 0.000, 0.000, 0.000, 0.000, 0.000
18.200, 0, Ego, -501.650, -186.481, 0.000, 3.892, 0.000, 0.000, 5.222, 0.000, 4.925
18.200, 1, Obstacle, -496.627, -181.802, 0.000, 3.892, 0.000, 0.000, 0.000, 0.000, 0.000
18.250, 0, Ego, -501.845, -186.663, 0.000, 3.892, 0.000, 0.000, 5.322, 0.000, 5.685
18.250, 1, Obstacle, -496.627, -181.802, 0.000, 3.892, 0.000, 0.000, 0.000, 0.000, 0.000
18.300, 0, Ego, -502.043, -186.848, 0.000, 3.892, 0.000, 0.000, 5.422, 0.000, 0.177
18.300, 1, Obstacle, -496.627, -181.802, 0.000, 3.892, 0.000, 0.000, 0.000, 0.000, 0.000
18.350, 0, Ego, -502.245, -187.036, 0.000, 3.892, 0.000, 0.000, 5.522, 0.000, 0.966
18.350, 1, Obstacle, -496.627, -181.802, 0.000, 3.892, 0.000, 0.000, 0.000, 0.000, 0.000
18.400, 0, Ego, -502.451, -187.227, 0.000, 3.892, 0.000, 0.000, 5.622, 0.000, 1.769
18.400, 1, Obstacle, -496.627, -181.802, 0.000, 3.892, 0.000, 0.000, 0.000, 0.000, 0.000
18.450, 0, Ego, -502.660, -187.422, 0.000, 3.892, 0.000, 0.000, 5.722, 0.000, 2.586
18.450, 1, Obstacle, -496.627, -181.802, 0.000, 3.892, 0.000, 0.000, 0.000, 0.000, 0.000
18.500, 0, Ego, -502.873, -187.621, 0.000, 3.892, 0.000, 0.000, 5.822, 0.000, 3.418
18.500, 1, Obstacle, -496.627, -181.802, 0.000, 3.892, 0.000, 0.000, 0.000, 0.000, 0.000
18.550, 0, Ego, -503.090, -187.823, 0.000, 3.892, 0.000, 0.000, 5.922, 0.000, 4.264
18.550, 1, Obstacle, -496.627, -181.802, 0.000, 3.892, 0.000, 0.000, 0.000, 0.000, 0.000
18.600, 0, Ego, -503.310, -188.028, 0.000, 3.892, 0.000, 0.000, 6.022, 0.000, 5.124
18.600, 1, Obstacle, -496.627, -181.802, 0.000, 3.892, 0.000, 0.000, 0.000, 0.000, 0.000
18.650, 0, Ego, -503.534, -188.237, 0.000, 3.892, 0.000, 0.000, 6.122, 0.000, 5.999
18.650, 1, Obstacle, -496.627, -181.802, 0.000, 3.892, 0.000, 0.000, 0.000, 0.000, 0.000
18.700, 0, Ego, -503.762, -188.449, 0.000, 3.892, 0.000, 0.000, 6.222, 0.000, 0.605
18.700, 1, Obstacle, -496.627, -181.802, 0.000, 3.892, 0.000, 0.000, 0.000, 0.000, 0.000
18.750, 0, Ego, -503.993, -188.664, 0.000, 3.892, 0.000, 0.000, 6.322, 0.000, 1.508
18.750, 1, Obstacle, -496.627, -181.802, 0.000, 3.892, 0.000, 0.000, 0.000, 0.000, 0.000
18.800, 0, Ego, -504.228, -188.883, 0.000, 3.892, 0.000, 0.000, 6.422, 0.000, 2.425
18.800, 1, Obstacle, -496.627, -181.802, 0.000, 3.892, 0.000, 0.000, 0.000, 0.000, 0.000
18.850, 0, Ego, -504.467, -189.105, 0.000, 3.892, 0.000, 0.000, 6.522, 0.000, 3.357
18.850, 1, Obstacle, -496.627, -181.802, 0.000, 3.892, 0.000, 0.000, 0.000, 0.000, 0.000
18.900, 0, Ego, -504.709, -189.331, 0.000, 3.892, 0.000, 0.000, 6.622, 0.000, 4.303
18.900, 1, Obstacle, -496.627, -181.802, 0.000, 3.892, 0.000, 0.000, 0.000, 0.000, 0.000
18.950, 0, Ego, -504.955, -189.560, 0.000, 3.892, 0.000, 0.000, 6.722, 0.000, 5.263
18.950, 1, Obstacle, -496.627, -181.802, 0.000, 3.892, 0.000, 0.000, 0.000, 0.000, 0.000
19.000, 0, Ego, -505.204, -189.793, 0.000, 3.892, 0.000, 0.000, 6.822, 0.000, 6.238
19.000, 1, Obstacle, -496.627, -181.802, 0.000, 3.892, 0.000, 0.000, 0.000, 0.000, 0.000
19.050, 0, Ego, -505.458, -190.028, 0.000, 3.892, 0.000, 0.000, 6.922, 0.000, 0.943
19.050, 1, Obstacle, -496.627, -181.802, 0.000, 3.892, 0.000, 0.000, 0.000, 0.000, 0.000
19.100, 0, Ego, -505.714, -190.268, 0.000, 3.892, 0.000, 0.000, 7.022, 0.000, 1.946
19.100, 1, Obstacle, -496.627, -181.802, 0.000, 3.892, 0.000, 0.000, 0.000, 0.000, 0.000
19.150, 0, Ego, -505.975, -190.510, 0.000, 3.892, 0.000, 0.000, 7.122, 0.000, 2.964
19.150, 1, Obstacle, -496.627, -181.802, 0.000, 3.892, 0.000, 0.000, 0.000, 0.000, 0.000
19.200, 0, Ego, -506.239, -190.757, 0.000, 3.892, 0.000, 0.000, 7.222, 0.000, 3.996
19.200, 1, Obstacle, -496.627, -181.802, 0.000, 3.892, 0.000, 0.000, 0.000, 0.000, 0.000
19.250, 0, Ego, -506.507, -191.006, 0.000, 3.892, 0.000, 0.000, 7.322, 0.000, 5.042
19.250, 1, Obstacle, -496.627, -181.802, 0.000, 3.892, 0.000, 0.000, 0.000, 0.000, 0.000
19.300, 0, Ego, -506.779, -191.259, 0.000, 3.892, 0.000, 0.000, 7.422, 0.000, 6.102
19.300, 1, Obstacle, -496.627, -181.802, 0.000, 3.892, 0.000, 0.000, 0.000, 0.000, 0.000
19.350, 0, Ego, -507.054, -191.516, 0.000, 3.892, 0.000, 0.000, 7.522, 0.000, 0.893
19.350, 1, Obstacle, -496.627, -181.802, 0.000, 3.892, 0.000, 0.000, 0.000, 0.000, 0.000
19.400, 0, Ego, -507.333, -191.775, 0.000, 3.892, 0.000, 0.000, 7.622, 0.000, 1.982
19.400, 1, Obstacle, -496.627, -181.802, 0.000, 3.892, 0.000, 0.000, 0.000, 0.000, 0.000
19.450, 0, Ego, -507.615, -192.038, 0.000, 3.892, 0.000, 0.000, 7.722, 0.000, 3.085
19.450, 1, Obstacle, -496.627, -181.802, 0.000, 3.892, 0.000, 0.000, 0.000, 0.000, 0.000
19.500, 0, Ego, -507.901, -192.305, 0.000, 3.892, 0.000, 0.000, 7.822, 0.000, 4.203
19.500, 1, Obstacle, -496.627, -181.802, 0.000, 3.892, 0.000, 0.000, 0.000, 0.000, 0.000
19.550, 0, Ego, -508.191, -192.575, 0.000, 3.892, 0.000, 0.000, 7.922, 0.000, 5.334
19.550, 1, Obstacle, -496.627, -181.802, 0.000, 3.892, 0.000, 0.000, 0.000, 0.000, 0.000
19.600, 0, Ego, -508.485, -192.848, 0.000, 3.892, 0.000, 0.000, 8.022, 0.000, 0.197
19.600, 1, Obstacle, -496.627, -181.802, 0.000, 3.892, 0.000, 0.000, 0.000, 0.000, 0.000
19.650, 0, Ego, -508.782, -193.125, 0.000, 3.892, 0.000, 0.000, 8.122, 0.000, 1.358
19.650, 1, Obstacle, -496.627, -181.802, 0.000, 3.892, 0.000, 0.000, 0.000, 0.000, 0.000
19.700, 0, Ego, -509.083, -193.405, 0.000, 3.892, 0.000, 0.000, 8.222, 0.000, 2.532
19.700, 1, Obstacle, -496.627, -181.802, 0.000, 3.892, 0.000, 0.000, 0.000, 0.000, 0.000
19.750, 0, Ego, -509.387, -193.689, 0.000, 3.892, 0.000, 0.000, 8.322, 0.000, 3.721
19.750, 1, Obstacle, -496.627, -181.802, 0.000, 3.892, 0.000, 0.000, 0.000, 0.000, 0.000
19.800, 0, Ego, -509.695, -193.976, 0.000, 3.892, 0.000, 0.000, 8.422, 0.000, 4.924
19.800, 1, Obstacle, -496.627, -181.802, 0.000, 3.892, 0.000, 0.000, 0.000, 0.000, 0.000
19.850, 0, Ego, -510.007, -194.267, 0.000, 3.892, 0.000, 0.000, 8.522, 0.000, 6.142
19.850, 1, Obstacle, -496.627, -181.802, 0.000, 3.892, 0.000, 0.000, 0.000, 0.000, 0.000
19.900, 0, Ego, -510.322, -194.560, 0.000, 3.892, 0.000, 0.000, 8.622, 0.000, 1.090
19.900, 1, Obstacle, -496.627, -181.802, 0.000, 3.892, 0.000, 0.000, 0.000, 0.000, 0.000
19.950, 0, Ego, -510.641, -194.858, 0.000, 3.892, 0.000, 0.000, 8.722, 0.000, 2.336
19.950, 1, Obstacle, -496.627, -181.802, 0.000, 3.892, 0.000, 0.000, 0.000, 0.000, 0.000
20.000, 0, Ego, -510.964, -195.158, 0.000, 3.892, 0.000, 0.000, 8.822, 0.000, 3.596
20.000, 1, Obstacle, -496.627, -181.802, 0.000, 3.892, 0.000, 0.000, 0.000, 0.000, 0.000
20.050, 0, Ego, -511.291, -195.462, 0.000, 3.892, 0.000, 0.000, 8.922, 0.000, 4.871
20.050, 1, Obstacle, -496.627, -181.802, 0.000, 3.892, 0.000, 0.000, 0.000, 0.000, 0.000
20.100, 0, Ego, -511.621, -195.770, 0.000, 3.892, 0.000, 0.000, 9.022, 0.000, 6.160
20.100, 1, Obstacle, -496.627, -181.802, 0.000, 3.892, 0.000, 0.000, 0.000, 0.000, 0.000
20.150, 0, Ego, -511.954, -196.081, 0.000, 3.892, 0.000, 0.000, 9.122, 0.000, 1.180
20.150, 1, Obstacle, -496.627, -181.802, 0.000, 3.892, 0.000, 0.000, 0.000, 0.000, 0.000
20.200, 0, Ego, -512.292, -196.395, 0.000, 3.892, 0.000, 0.000, 9.222, 0.000, 2.497
20.200, 1, Obstacle, -496.627, -181.802, 0.000, 3.892, 0.000, 0.000, 0.000, 0.000, 0.000
20.250, 0, Ego, -512.633, -196.713, 0.000, 3.892, 0.000, 0.000, 9.322, 0.000, 3.829
20.250, 1, Obstacle, -496.627, -181.802, 0.000, 3.892, 0.000, 0.000, 0.000, 0.000, 0.000
20.300, 0, Ego, -512.977, -197.034, 0.000, 3.892, 0.000, 0.000, 9.422, 0.000, 5.175
20.300, 1, Obstacle, -496.627, -181.802, 0.000, 3.892, 0.000, 0.000, 0.000, 0.000, 0.000
20.350, 0, Ego, -513.326, -197.359, 0.000, 3.892, 0.000, 0.000, 9.522, 0.000, 0.252
20.350, 1, Obstacle, -496.627, -181.802, 0.000, 3.892, 0.000, 0.000, 0.000, 0.000, 0.000
20.400, 0, Ego, -513.678, -197.686, 0.000, 3.892, 0.000, 0.000, 9.622, 0.000, 1.627
20.400, 1, Obstacle, -496.627, -181.802, 0.000, 3.892, 0.000, 0.000, 0.000, 0.000, 0.000
20.450, 0, Ego, -514.034, -198.018, 0.000, 3.892, 0.000, 0.000, 9.722, 0.000, 3.015
20.450, 1, Obstacle, -496.627, -181.802, 0.000, 3.892, 0.000, 0.000, 0.000, 0.000, 0.000
20.500, 0, Ego, -514.393, -198.353, 0.000, 3.892, 0.000, 0.000, 9.822, 0.000, 4.419
20.500, 1, Obstacle, -496.627, -181.802, 0.000, 3.892, 0.000, 0.000, 0.000, 0.000, 0.000
20.550, 0, Ego, -514.756, -198.691, 0.000, 3.892, 0.000, 0.000, 9.922, 0.000, 5.836
20.550, 1, Obstacle, -496.627, -181.802, 0.000, 3.892, 0.000, 0.000, 0.000, 0.000, 0.000
20.600, 0, Ego, -515.122, -199.032, 0.000, 3.892, 0.000, 0.000, 10.022, 0.000, 0.985
20.600, 1, Obstacle, -496.627, -181.802, 0.000, 3.892, 0.000, 0.000, 0.000, 0.000, 0.000
20.650, 0, Ego, -515.493, -199.377, 0.000, 3.892, 0.000, 0.000, 10.122, 0.000, 2.431
20.650, 1, Obstacle, -496.627, -181.802, 0.000, 3.892, 0.000, 0.000, 0.000, 0.000, 0.000
20.700, 0, Ego, -515.867, -199.726, 0.000, 3.892, 0.000, 0.000, 10.222, 0.000, 3.891
20.700, 1, Obstacle, -496.627, -181.802, 0.000, 3.892, 0.000, 0.000, 0.000, 0.000, 0.000
20.750, 0, Ego, -516.244, -200.077, 0.000, 3.892, 0.000, 0.000, 10.322, 0.000, 5.365
20.750, 1, Obstacle, -496.627, -181.802, 0.000, 3.892, 0.000, 0.000, 0.000, 0.000, 0.000
20.800, 0, Ego, -516.626, -200.433, 0.000, 3.892, 0.000, 0.000, 10.422, 0.000, 0.571
20.800, 1, Obstacle, -496.627, -181.802, 0.000, 3.892, 0.000, 0.000, 0.000, 0.000, 0.000
20.850, 0, Ego, -517.011, -200.791, 0.000, 3.892, 0.000, 0.000, 10.522, 0.000, 2.074
20.850, 1, Obstacle, -496.627, -181.802, 0.000, 3.892, 0.000, 0.000, 0.000, 0.000, 0.000
20.900, 0, Ego, -517.399, -201.153, 0.000, 3.892, 0.000, 0.000, 10.622, 0.000, 3.592
20.900, 1, Obstacle, -496.627, -181.802, 0.000, 3.892, 0.000, 0.000, 0.000, 0.000, 0.000
20.950, 0, Ego, -517.791, -201.519, 0.000, 3.892, 0.000, 0.000, 10.722, 0.000, 5.123
20.950, 1, Obstacle, -496.627, -181.802, 0.000, 3.892, 0.000, 0.000, 0.000, 0.000, 0.000
21.000, 0, Ego, -518.187, -201.888, 0.000, 3.892, 0.000, 0.000, 10.822, 0.000, 0.386
21.000, 1, Obstacle, -496.627, -181.802, 0.000, 3.892, 0.000, 0.000, 0.000, 0.000, 0.000
21.050, 0, Ego, -518.587, -202.260, 0.000, 3.892, 0.000, 0.000, 10.922, 0.000, 1.946
21.050, 1, Obstacle, -496.627, -181.802, 0.000, 3.892, 0.000, 0.000, 0.000, 0.000, 0.000
21.100, 0, Ego, -518.990, -202.635, 0.000, 3.892, 0.000, 0.000, 11.022, 0.000, 3.521
21.100, 1, Obstacle, -496.627, -181.802, 0.000, 3.892, 0.000, 0.000, 0.000, 0.000, 0.000
21.150, 0, Ego, -519.397, -203.014, 0.000, 3.892, 0.000, 0.000, 11.122, 0.000, 5.110
21.150, 1, Obstacle, -496.627, -181.802, 0.000, 3.892, 0.000, 0.000, 0.000, 0.000, 0.000
21.200, 0, Ego, -519.808, -203.397, 0.000, 3.892, 0.000, 0.000, 11.222, 0.000, 0.430
21.200, 1, Obstacle, -496.627, -181.802, 0.000, 3.892, 0.000, 0.000, 0.000, 0.000, 0.000
21.250, 0, Ego, -520.222, -203.783, 0.000, 3.892, 0.000, 0.000, 11.322, 0.000, 2.047
21.250, 1, Obstacle, -496.627, -181.802, 0.000, 3.892, 0.000, 0.000, 0.000, 0.000, 0.000
21.300, 0, Ego, -520.640, -204.172, 0.000, 3.892, 0.000, 0.000, 11.422, 0.000, 3.679
21.300, 1, Obstacle, -496.627, -181.802, 0.000, 3.892, 0.000, 0.000, 0.000, 0.000, 0.000
21.350, 0, Ego, -521.061, -204.565, 0.000, 3.892, 0.000, 0.000, 11.522, 0.000, 5.325
21.350, 1, Obstacle, -496.627, -181.802, 0.000, 3.892, 0.000, 0.000, 0.000, 0.000, 0.000
21.400, 0, Ego, -521.486, -204.961, 0.000, 3.892, 0.000, 0.000, 11.622, 0.000, 0.702
21.400, 1, Obstacle, -496.627, -181.802, 0.000, 3.892, 0.000, 0.000, 0.000, 0.000, 0.000
21.450, 0, Ego, -521.915, -205.360, 0.000, 3.892, 0.000, 0.000, 11.722, 0.000, 2.377
21.450, 1, Obstacle, -496.627, -181.802, 0.000, 3.892, 0.000, 0.000, 0.000, 0.000, 0.000
21.500, 0, Ego, -522.348, -205.763, 0.000, 3.892, 0.000, 0.000, 11.822, 0.000, 4.066
21.500, 1, Obstacle, -496.627, -181.802, 0.000, 3.892, 0.000, 0.000, 0.000, 0.000, 0.000
21.550, 0, Ego, -522.784, -206.170, 0.000, 3.892, 0.000, 0.000, 11.922, 0.000, 5.769
21.550, 1, Obstacle, -496.627, -181.802, 0.000, 3.892, 0.000, 0.000, 0.000, 0.000, 0.000
21.600, 0, Ego, -523.224, -206.579, 0.000, 3.892, 0.000, 0.000, 12.022, 0.000, 1.203
21.600, 1, Obstacle, -496.627, -181.802, 0.000, 3.892, 0.000, 0.000, 0.000, 0.000, 0.000
21.650, 0, Ego, -523.667, -206.993, 0.000, 3.892, 0.000, 0.000, 12.122, 0.000, 2.935
21.650, 1, Obstacle, -496.627, -181.802, 0.000, 3.892, 0.000, 0.000, 0.000, 0.000, 0.000
21.700, 0, Ego, -524.114, -207.409, 0.000, 3.892, 0.000, 0.000, 12.222, 0.000, 4.681
21.700, 1, Obstacle, -496.627, -181.802, 0.000, 3.892, 0.000, 0.000, 0.000, 0.000, 0.000
21.750, 0, Ego, -524.565, -207.829, 0.000, 3.892, 0.000, 0.000, 12.322, 0.000, 0.158
21.750, 1, Obstacle, -496.627, -181.802, 0.000, 3.892, 0.000, 0.000, 0.000, 0.000, 0.000
21.800, 0, Ego, -525.020, -208.252, 0.000, 3.892, 0.000, 0.000, 12.422, 0.000, 1.932
21.800, 1, Obstacle, -496.627, -181.802, 0.000, 3.892, 0.000, 0.000, 0.000, 0.000, 0.000
21.850, 0, Ego, -525.478, -208.679, 0.000, 3.892, 0.000, 0.000, 12.522, 0.000, 3.721
21.850, 1, Obstacle, -496.627, -181.802, 0.000, 3.892, 0.000, 0.000, 0.000, 0.000, 0.000
21.900, 0, Ego, -525.939, -209.109, 0.000, 3.892, 0.000, 0.000, 12.622, 0.000, 5.524
21.900, 1, Obstacle, -496.627, -181.802, 0.000, 3.892, 0.000, 0.000, 0.000, 0.000, 0.000
21.950, 0, Ego, -526.405, -209.543, 0.000, 3.892, 0.000, 0.000, 12.722, 0.000, 1.059
21.950, 1, Obstacle, -496.627, -181.802, 0.000, 3.892, 0.000, 0.000, 0.000, 0.000, 0.000
22.000, 0, Ego, -526.874, -209.980, 0.000, 3.892, 0.000, 0.000, 12.822, 0.000, 2.890
22.000, 1, Obstacle, -496.627, -181.802, 0.000, 3.892, 0.000, 0.000, 0.000, 0.000, 0.000
22.050, 0, Ego, -527.347, -210.420, 0.000, 3.892, 0.000, 0.000, 12.922, 0.000, 4.736
22.050, 1, Obstacle, -496.627, -181.802, 0.000, 3.892, 0.000, 0.000, 0.000, 0.000, 0.000
22.100, 0, Ego, -527.823, -210.864, 0.000, 3.892, 0.000, 0.000, 13.022, 0.000, 0.313
22.100, 1, Obstacle, -496.627, -181.802, 0.000, 3.892, 0.000, 0.000, 0.000, 0.000, 0.000
22.150, 0, Ego, -528.303, -211.311, 0.000, 3.892, 0.000, 0.000, 13.122, 0.000, 2.188
22.150, 1, Obstacle, -496.627, -181.802, 0.000, 3.892, 0.000, 0.000, 0.000, 0.000, 0.000
22.200, 0, Ego, -528.787, -211.762, 0.000, 3.892, 0.000, 0.000, 13.222, 0.000, 4.077
22.200, 1, Obstacle, -496.627, -181.802, 0.000, 3.892, 0.000, 0.000, 0.000, 0.000, 0.000
22.250, 0, Ego, -529.274, -212.216, 0.000, 3.892, 0.000, 0.000, 13.322, 0.000, 5.980
22.250, 1, Obstacle, -496.627, -181.802, 0.000, 3.892, 0.000, 0.000, 0.000, 0.000, 0.000
22.300, 0, Ego, -529.765, -212.674, 0.000, 3.892, 0.000, 0.000, 13.422, 0.000, 1.614
22.300, 1, Obstacle, -496.627, -181.802, 0.000, 3.892, 0.000, 0.000, 0.000, 0.000, 0.000
22.350, 0, Ego, -530.260, -213.134, 0.000, 3.892, 0.000, 0.000, 13.522, 0.000, 3.546
22.350, 1, Obstacle, -496.627, -181.802, 0.000, 3.892, 0.000, 0.000, 0.000, 0.000, 0.000
22.400, 0, Ego, -530.758, -213.599, 0.000, 3.892, 0.000, 0.000, 13.622, 0.000, 5.492
22.400, 1, Obstacle, -496.627, -181.802, 0.000, 3.892, 0.000, 0.000, 0.000, 0.000, 0.000
22.450, 0, Ego, -531.260, -214.066, 0.000, 3.892, 0.000, 0.000, 13.722, 0.000, 1.169
22.450, 1, Obstacle, -496.627, -181.802, 0.000, 3.892, 0.000, 0.000, 0.000, 0.000, 0.000
22.500, 0, Ego, -531.766, -214.537, 0.000, 3.892, 0.000, 0.000, 13.822, 0.000, 3.144
22.500, 1, Obstacle, -496.627, -181.802, 0.000, 3.892, 0.000, 0.000, 0.000, 0.000, 0.000
22.550, 0, Ego, -532.275, -215.012, 0.000, 3.892, 0.000, 0.000, 13.922, 0.000, 5.132
22.550, 1, Obstacle, -496.627, -181.802, 0.000, 3.892, 0.000, 0.000, 0.000, 0.000, 0.000
22.600, 0, Ego, -532.788, -215.490, 0.000, 3.892, 0.000, 0.000, 14.022, 0.000, 0.852
22.600, 1, Obstacle, -496.627, -181.802, 0.000, 3.892, 0.000, 0.000, 0.000, 0.000, 0.000
22.650, 0, Ego, -533.305, -215.971, 0.000, 3.892, 0.000, 0.000, 14.122, 0.000, 2.870
22.650, 1, Obstacle, -496.627, -181.802, 0.000, 3.892, 0.000, 0.000, 0.000, 0.000, 0.000
22.700, 0, Ego, -533.825, -216.456, 0.000, 3.892, 0.000, 0.000, 14.222, 0.000, 4.901
22.700, 1, Obstacle, -496.627, -181.802, 0.000, 3.892, 0.000, 0.000, 0.000, 0.000, 0.000
22.750, 0, Ego, -534.349, -216.944, 0.000, 3.892, 0.000, 0.000, 14.322, 0.000, 0.664
22.750, 1, Obstacle, -496.627, -181.802, 0.000, 3.892, 0.000, 0.000, 0.000, 0.000, 0.000
22.800, 0, Ego, -534.877, -217.435, 0.000, 3.892, 0.000, 0.000, 14.422, 0.000, 2.725
22.800, 1, Obstacle, -496.627, -181.802, 0.000, 3.892, 0.000, 0.000, 0.000, 0.000, 0.000
22.850, 0, Ego, -535.408, -217.930, 0.000, 3.892, 0.000, 0.000, 14.522, 0.000, 4.799
22.850, 1, Obstacle, -496.627, -181.802, 0.000, 3.892, 0.000, 0.000, 0.000, 0.000, 0.000
22.900, 0, Ego, -535.943, -218.429, 0.000, 3.892, 0.000, 0.000, 14.622, 0.000, 0.605
22.900, 1, Obstacle, -496.627, -181.802, 0.000, 3.892, 0.000, 0.000, 0.000, 0.000, 0.000
22.950, 0, Ego, -536.482, -218.930, 0.000, 3.892, 0.000, 0.000, 14.722, 0.000, 2.708
22.950, 1, Obstacle, -496.627, -181.802, 0.000, 3.892, 0.000, 0.000, 0.000, 0.000, 0.000
23.000, 0, Ego, -537.024, -219.436, 0.000, 3.892, 0.000, 0.000, 14.822, 0.000, 4.825
23.000, 1, Obstacle, -496.627, -181.802, 0.000, 3.892, 0.000, 0.000, 0.000, 0.000, 0.000
23.050, 0, Ego, -537.570, -219.944, 0.000, 3.892, 0.000, 0.000, 14.922, 0.000, 0.674
23.050, 1, Obstacle, -496.627, -181.802, 0.000, 3.892, 0.000, 0.000, 0.000, 0.000, 0.000
23.100, 0, Ego, -538.119, -220.456, 0.000, 3.892, 0.000, 0.000, 15.022, 0.000, 2.820
23.100, 1, Obstacle, -496.627, -181.802, 0.000, 3.892, 0.000, 0.000, 0.000, 0.000, 0.000
23.150, 0, Ego, -538.673, -220.972, 0.000, 3.892, 0.000, 0.000, 15.122, 0.000, 4.980
23.150, 1, Obstacle, -496.627, -181.802, 0.000, 3.892, 0.000, 0.000, 0.000, 0.000, 0.000
23.200, 0, Ego, -539.230, -221.490, 0.000, 3.892, 0.000, 0.000, 15.222, 0.000, 0.872
23.200, 1, Obstacle, -496.627, -181.802, 0.000, 3.892, 0.000, 0.000, 0.000, 0.000, 0.000
23.250, 0, Ego, -539.790, -222.013, 0.000, 3.892, 0.000, 0.000, 15.322, 0.000, 3.060
23.250, 1, Obstacle, -496.627, -181.802, 0.000, 3.892, 0.000, 0.000, 0.000, 0.000, 0.000
23.300, 0, Ego, -540.354, -222.538, 0.000, 3.892, 0.000, 0.000, 15.422, 0.000, 5.264
23.300, 1, Obstacle, -496.627, -181.802, 0.000, 3.892, 0.000, 0.000, 0.000, 0.000, 0.000
23.350, 0, Ego, -540.922, -223.067, 0.000, 3.892, 0.000, 0.000, 15.522, 0.000, 1.198
23.350, 1, Obstacle, -496.627, -181.802, 0.000, 3.892, 0.000, 0.000, 0.000, 0.000, 0.000
23.400, 0, Ego, -541.494, -223.600, 0.000, 3.892, 0.000, 0.000, 15.622, 0.000, 3.430
23.400, 1, Obstacle, -496.627, -181.802, 0.000, 3.892, 0.000, 0.000, 0.000, 0.000, 0.000
23.450, 0, Ego, -542.069, -224.135, 0.000, 3.892, 0.000, 0.000, 15.722, 0.000, 5.676
23.450, 1, Obstacle, -496.627, -181.802, 0.000, 3.892, 0.000, 0.000, 0.000, 0.000, 0.000
23.500, 0, Ego, -542.648, -224.675, 0.000, 3.892, 0.000, 0.000, 15.822, 0.000, 1.653
23.500, 1, Obstacle, -496.627, -181.802, 0.000, 3.892, 0.000, 0.000, 0.000, 0.000, 0.000
23.550, 0, Ego, -543.230, -225.217, 0.000, 3.892, 0.000, 0.000, 15.922, 0.000, 3.927
23.550, 1, Obstacle, -496.627, -181.802, 0.000, 3.892, 0.000, 0.000, 0.000, 0.000, 0.000
23.600, 0, Ego, -543.816, -225.763, 0.000, 3.892, 0.000, 0.000, 16.022, 0.000, 6.216
23.600, 1, Obstacle, -496.627, -181.802, 0.000, 3.892, 0.000, 0.000, 0.000, 0.000, 0.000
23.650, 0, Ego, -544.406, -226.313, 0.000, 3.892, 0.000, 0.000, 16.122, 0.000, 2.236
23.650, 1, Obstacle, -496.627, -181.802, 0.000, 3.892, 0.000, 0.000, 0.000, 0.000, 0.000
23.700, 0, Ego, -545.000, -226.866, 0.000, 3.892, 0.000, 0.000, 16.222, 0.000, 4.553
23.700, 1, Obstacle, -496.627, -181.802, 0.000, 3.892, 0.000, 0.000, 0.000, 0.000, 0.000
23.750, 0, Ego, -545.597, -227.422, 0.000, 3.892, 0.000, 0.000, 16.322, 0.000, 0.602
23.750, 1, Obstacle, -496.627, -181.802, 0.000, 3.892, 0.000, 0.000, 0.000, 0.000, 0.000
23.800, 0, Ego, -546.198, -227.982, 0.000, 3.892, 0.000, 0.000, 16.422, 0.000, 2.948
23.800, 1, Obstacle, -496.627, -181.802, 0.000, 3.892, 0.000, 0.000, 0.000, 0.000, 0.000
23.850, 0, Ego, -546.802, -228.545, 0.000, 3.892, 0.000, 0.000, 16.522, 0.000, 5.308
23.850, 1, Obstacle, -496.627, -181.802, 0.000, 3.892, 0.000, 0.000, 0.000, 0.000, 0.000
23.900, 0, Ego, -547.410, -229.111, 0.000, 3.892, 0.000, 0.000, 16.622, 0.000, 1.400
23.900, 1, Obstacle, -496.627, -181.802, 0.000, 3.892, 0.000, 0.000, 0.000, 0.000, 0.000
23.950, 0, Ego, -548.022, -229.681, 0.000, 3.892, 0.000, 0.000, 16.722, 0.000, 3.789
23.950, 1, Obstacle, -496.627, -181.802, 0.000, 3.892, 0.000, 0.000, 0.000, 0.000, 0.000
24.000, 0, Ego, -548.637, -230.255, 0.000, 3.892, 0.000, 0.000, 16.822, 0.000, 6.192
24.000, 1, Obstacle, -496.627, -181.802, 0.000, 3.892, 0.000, 0.000, 0.000, 0.000, 0.000
24.050, 0, Ego, -549.256, -230.831, 0.000, 3.892, 0.000, 0.000, 16.922, 0.000, 2.326
24.050, 1, Obstacle, -496.627, -181.802, 0.000, 3.892, 0.000, 0.000, 0.000, 0.000, 0.000
24.100, 0, Ego, -549.879, -231.411, 0.000, 3.892, 0.000, 0.000, 17.022, 0.000, 4.758
24.100, 1, Obstacle, -496.627, -181.802, 0.000, 3.892, 0.000, 0.000, 0.000, 0.000, 0.000
24.150, 0, Ego, -550.506, -231.995, 0.000, 3.892, 0.000, 0.000, 17.122, 0.000, 0.920
24.150, 1, Obstacle, -496.627, -181.802, 0.000, 3.892, 0.000, 0.000, 0.000, 0.000, 0.000
24.200, 0, Ego, -551.136, -232.582, 0.000, 3.892, 0.000, 0.000, 17.222, 0.000, 3.381
24.200, 1, Obstacle, -496.627, -181.802, 0.000, 3.892, 0.000, 0.000, 0.000, 0.000, 0.000
24.250, 0, Ego, -551.769, -233.172, 0.000, 3.892, 0.000, 0.000, 17.322, 0.000, 5.855
24.250, 1, Obstacle, -496.627, -181.802, 0.000, 3.892, 0.000, 0.000, 0.000, 0.000, 0.000
24.300, 0, Ego, -552.407, -233.766, 0.000, 3.892, 0.000, 0.000, 17.422, 0.000, 2.061
24.300, 1, Obstacle, -496.627, -181.802, 0.000, 3.892, 0.000, 0.000, 0.000, 0.000, 0.000
24.350, 0, Ego, -553.048, -234.363, 0.000, 3.892, 0.000, 0.000, 17.522, 0.000, 4.564
24.350, 1, Obstacle, -496.627, -181.802, 0.000, 3.892, 0.000, 0.000, 0.000, 0.000, 0.000
24.400, 0, Ego, -553.692, -234.964, 0.000, 3.892, 0.000, 0.000, 17.622, 0.000, 0.798
24.400, 1, Obstacle, -496.627, -181.802, 0.000, 3.892, 0.000, 0.000, 0.000, 0.000, 0.000
24.450, 0, Ego, -554.341, -235.568, 0.000, 3.892, 0.000, 0.000, 17.722, 0.000, 3.330
24.450, 1, Obstacle, -496.627, -181.802, 0.000, 3.892, 0.000, 0.000, 0.000, 0.000, 0.000
24.500, 0, Ego, -554.993, -236.175, 0.000, 3.892, 0.000, 0.000, 17.822, 0.000, 5.876
24.500, 1, Obstacle, -496.627, -181.802, 0.000, 3.892, 0.000, 0.000, 0.000, 0.000, 0.000
24.550, 0, Ego, -555.648, -236.786, 0.000, 3.892, 0.000, 0.000, 17.922, 0.000, 2.153
24.550, 1, Obstacle, -496.627, -181.802, 0.000, 3.892, 0.000, 0.000, 0.000, 0.000, 0.000
24.600, 0, Ego, -556.308, -237.400, 0.000, 3.892, 0.000, 0.000, 18.022, 0.000, 4.728
24.600, 1, Obstacle, -496.627, -181.802, 0.000, 3.892, 0.000, 0.000, 0.000, 0.000, 0.000
24.650, 0, Ego, -556.971, -238.018, 0.000, 3.892, 0.000, 0.000, 18.122, 0.000, 1.033
24.650, 1, Obstacle, -496.627, -181.802, 0.000, 3.892, 0.000, 0.000, 0.000, 0.000, 0.000
24.700, 0, Ego, -557.637, -238.639, 0.000, 3.892, 0.000, 0.000, 18.222, 0.000, 3.637
24.700, 1, Obstacle, -496.627, -181.802, 0.000, 3.892, 0.000, 0.000, 0.000, 0.000, 0.000
24.750, 0, Ego, -558.308, -239.263, 0.000, 3.892, 0.000, 0.000, 18.322, 0.000, 6.254
24.750, 1, Obstacle, -496.627, -181.802, 0.000, 3.892, 0.000, 0.000, 0.000, 0.000, 0.000
24.800, 0, Ego, -558.982, -239.891, 0.000, 3.892, 0.000, 0.000, 18.422, 0.000, 2.603
24.800, 1, Obstacle, -496.627, -181.802, 0.000, 3.892, 0.000, 0.000, 0.000, 0.000, 0.000
24.850, 0, Ego, -559.659, -240.523, 0.000, 3.892, 0.000, 0.000, 18.522, 0.000, 5.249
24.850, 1, Obstacle, -496.627, -181.802, 0.000, 3.892, 0.000, 0.000, 0.000, 0.000, 0.000
24.900, 0, Ego, -560.341, -241.157, 0.000, 3.892, 0.000, 0.000, 18.622, 0.000, 1.626
24.900, 1, Obstacle, -496.627, -181.802, 0.000, 3.892, 0.000, 0.000, 0.000, 0.000, 0.000
24.950, 0, Ego, -561.026, -241.795, 0.000, 3.892, 0.000, 0.000, 18.722, 0.000, 4.300
24.950, 1, Obstacle, -496.627, -181.802, 0.000, 3.892, 0.000, 0.000, 0.000, 0.000, 0.000
25.000, 0, Ego, -561.714, -242.437, 0.000, 3.892, 0.000, 0.000, 18.822, 0.000, 0.706
25.000, 1, Obstacle, -496.627, -181.802, 0.000, 3.892, 0.000, 0.000, 0.000, 0.000, 0.000
25.050, 0, Ego, -562.406, -243.082, 0.000, 3.892, 0.000, 0.000, 18.922, 0.000, 3.409
25.050, 1, Obstacle, -496.627, -181.802, 0.000, 3.892, 0.000, 0.000, 0.000, 0.000, 0.000
25.100, 0, Ego, -563.102, -243.730, 0.000, 3.892, 0.000, 0.000, 19.022, 0.000, 6.126
25.100, 1, Obstacle, -496.627, -181.802, 0.000, 3.892, 0.000, 0.000, 0.000, 0.000, 0.000
25.150, 0, Ego, -563.802, -244.382, 0.000, 3.892, 0.000, 0.000, 19.122, 0.000, 2.575
25.150, 1, Obstacle, -496.627, -181.802, 0.000, 3.892, 0.000, 0.000, 0.000, 0.000, 0.000
25.200, 0, Ego, -564.505, -245.037, 0.000, 3.892, 0.000, 0.000, 19.222, 0.000, 5.321
25.200, 1, Obstacle, -496.627, -181.802, 0.000, 3.892, 0.000, 0.000, 0.000, 0.000, 0.000
25.250, 0, Ego, -565.212, -245.695, 0.000, 3.892, 0.000, 0.000, 19.322, 0.000, 1.798
25.250, 1, Obstacle, -496.627, -181.802, 0.000, 3.892, 0.000, 0.000, 0.000, 0.000, 0.000
25.300, 0, Ego, -565.922, -246.357, 0.000, 3.892, 0.000, 0.000, 19.422, 0.000, 4.573
25.300, 1, Obstacle, -496.627, -181.802, 0.000, 3.892, 0.000, 0.000, 0.000, 0.000, 0.000
25.350, 0, Ego, -566.637, -247.023, 0.000, 3.892, 0.000, 0.000, 19.522, 0.000, 1.078
25.350, 1, Obstacle, -496.627, -181.802, 0.000, 3.892, 0.000, 0.000, 0.000, 0.000, 0.000
25.400, 0, Ego, -567.355, -247.691, 0.000, 3.892, 0.000, 0.000, 19.622, 0.000, 3.881
25.400, 1, Obstacle, -496.627, -181.802, 0.000, 3.892, 0.000, 0.000, 0.000, 0.000, 0.000
25.450, 0, Ego, -568.076, -248.364, 0.000, 3.892, 0.000, 0.000, 19.722, 0.000, 0.416
25.450, 1, Obstacle, -496.627, -181.802, 0.000, 3.892, 0.000, 0.000, 0.000, 0.000, 0.000
25.500, 0, Ego, -568.801, -249.039, 0.000, 3.892, 0.000, 0.000, 19.822, 0.000, 3.247
25.500, 1, Obstacle, -496.627, -181.802, 0.000, 3.892, 0.000, 0.000, 0.000, 0.000, 0.000
25.550, 0, Ego, -569.530, -249.718, 0.000, 3.892, 0.000, 0.000, 19.922, 0.000, 6.093
25.550, 1, Obstacle, -496.627, -181.802, 0.000, 3.892, 0.000, 0.000, 0.000, 0.000, 0.000
25.600, 0, Ego, -570.263, -250.401, 0.000, 3.892, 0.000, 0.000, 20.022, 0.000, 2.671
25.600, 1, Obstacle, -496.627, -181.802, 0.000, 3.892, 0.000, 0.000, 0.000, 0.000, 0.000
25.650, 0, Ego, -570.999, -251.086, 0.000, 3.892, 0.000, 0.000, 20.122, 0.000, 5.545
25.650, 1, Obstacle, -496.627, -181.802, 0.000, 3.892, 0.000, 0.000, 0.000, 0.000, 0.000
25.700, 0, Ego, -571.739, -251.776, 0.000, 3.892, 0.000, 0.000, 20.222, 0.000, 2.151
25.700, 1, Obstacle, -496.627, -181.802, 0.000, 3.892, 0.000, 0.000, 0.000, 0.000, 0.000
25.750, 0, Ego, -572.482, -252.468, 0.000, 3.892, 0.000, 0.000, 20.322, 0.000, 5.054
25.750, 1, Obstacle, -496.627, -181.802, 0.000, 3.892, 0.000, 0.000, 0.000, 0.000, 0.000
25.800, 0, Ego, -573.229, -253.164, 0.000, 3.892, 0.000, 0.000, 20.422, 0.000, 1.688
25.800, 1, Obstacle, -496.627, -181.802, 0.000, 3.892, 0.000, 0.000, 0.000, 0.000, 0.000
25.850, 0, Ego, -573.980, -253.864, 0.000, 3.892, 0.000, 0.000, 20.522, 0.000, 4.620
25.850, 1, Obstacle, -496.627, -181.802, 0.000, 3.892, 0.000, 0.000, 0.000, 0.000, 0.000
25.900, 0, Ego, -574.734, -254.566, 0.000, 3.892, 0.000, 0.000, 20.622, 0.000, 1.283
25.900, 1, Obstacle, -496.627, -181.802, 0.000, 3.892, 0.000, 0.000, 0.000, 0.000, 0.000
25.950, 0, Ego, -575.492, -255.273, 0.000, 3.892, 0.000, 0.000, 20.722, 0.000, 4.243
25.950, 1, Obstacle, -496.627, -181.802, 0.000, 3.892, 0.000, 0.000, 0.000, 0.000, 0.000
26.000, 0, Ego, -576.254, -255.982, 0.000, 3.892, 0.000, 0.000, 20.822, 0.000, 0.934
26.000, 1, Obstacle, -496.627, -181.802, 0.000, 3.892, 0.000, 0.000, 0.000, 0.000, 0.000
26.050, 0, Ego, -577.020, -256.695, 0.000, 3.892, 0.000, 0.000, 20.922, 0.000, 3.923
26.050, 1, Obstacle, -496.627, -181.802, 0.000, 3.892, 0.000, 0.000, 0.000, 0.000, 0.000
26.100, 0, Ego, -577.789, -257.412, 0.000, 3.892, 0.000, 0.000, 21.022, 0.000, 0.643
26.100, 1, Obstacle, -496.627, -181.802, 0.000, 3.892, 0.000, 0.000, 0.000, 0.000, 0.000
26.150, 0, Ego, -578.561, -258.132, 0.000, 3.892, 0.000, 0.000, 21.122, 0.000, 3.661
26.150, 1, Obstacle, -496.627, -181.802, 0.000, 3.892, 0.000, 0.000, 0.000, 0.000, 0.000
26.200, 0, Ego, -579.338, -258.855, 0.000, 3.892, 0.000, 0.000, 21.222, 0.000, 0.409
26.200, 1, Obstacle, -496.627, -181.802, 0.000, 3.892, 0.000, 0.000, 0.000, 0.000, 0.000
26.250, 0, Ego, -580.118, -259.582, 0.000, 3.892, 0.000, 0.000, 21.322, 0.000, 3.455
26.250, 1, Obstacle, -496.627, -181.802, 0.000, 3.892, 0.000, 0.000, 0.000, 0.000, 0.000
26.300, 0, Ego, -580.902, -260.312, 0.000, 3.892, 0.000, 0.000, 21.422, 0.000, 0.232
26.300, 1, Obstacle, -496.627, -181.802, 0.000, 3.892, 0.000, 0.000, 0.000, 0.000, 0.000
26.350, 0, Ego, -581.689, -261.045, 0.000, 3.892, 0.000, 0.000, 21.522, 0.000, 3.307
26.350, 1, Obstacle, -496.627, -181.802, 0.000, 3.892, 0.000, 0.000, 0.000, 0.000, 0.000
26.400, 0, Ego, -582.480, -261.782, 0.000, 3.892, 0.000, 0.000, 21.622, 0.000, 0.112
26.400, 1, Obstacle, -496.627, -181.802, 0.000, 3.892, 0.000, 0.000, 0.000, 0.000, 0.000
26.450, 0, Ego, -583.275, -262.523, 0.000, 3.892, 0.000, 0.000, 21.722, 0.000, 3.216
26.450, 1, Obstacle, -496.627, -181.802, 0.000, 3.892, 0.000, 0.000, 0.000, 0.000, 0.000
26.500, 0, Ego, -584.073, -263.266, 0.000, 3.892, 0.000, 0.000, 21.822, 0.000, 0.050
26.500, 1, Obstacle, -496.627, -181.802, 0.000, 3.892, 0.000, 0.000, 0.000, 0.000, 0.000
26.550, 0, Ego, -584.875, -264.014, 0.000, 3.892, 0.000, 0.000, 21.922, 0.000, 3.182
26.550, 1, Obstacle, -496.627, -181.802, 0.000, 3.892, 0.000, 0.000, 0.000, 0.000, 0.000
26.600, 0, Ego, -585.681, -264.764, 0.000, 3.892, 0.000, 0.000, 22.022, 0.000, 0.044
26.600, 1, Obstacle, -496.627, -181.802, 0.000, 3.892, 0.000, 0.000, 0.000, 0.000, 0.000
26.650, 0, Ego, -586.490, -265.518, 0.000, 3.892, 0.000, 0.000, 22.122, 0.000, 3.205
26.650, 1, Obstacle, -496.627, -181.802, 0.000, 3.892, 0.000, 0.000, 0.000, 0.000, 0.000
26.700, 0, Ego, -587.303, -266.275, 0.000, 3.892, 0.000, 0.000, 22.222, 0.000, 0.096
26.700, 1, Obstacle, -496.627, -181.802, 0.000, 3.892, 0.000, 0.000, 0.000, 0.000, 0.000
26.750, 0, Ego, -588.116, -267.033, 0.000, 3.892, 0.000, 0.000, 22.222, 0.000, 3.271
26.750, 1, Obstacle, -496.627, -181.802, 0.000, 3.892, 0.000, 0.000, 0.000, 0.000, 0.000
26.800, 0, Ego, -588.929, -267.790, 0.000, 3.892, 0.000, 0.000, 22.222, 0.000, 0.162
26.800, 1, Obstacle, -496.627, -181.802, 0.000, 3.892, 0.000, 0.000, 0.000, 0.000, 0.000
26.850, 0, Ego, -589.742, -268.547, 0.000, 3.892, 0.000, 0.000, 22.222, 0.000, 3.337
26.850, 1, Obstacle, -496.627, -181.802, 0.000, 3.892, 0.000, 0.000, 0.000, 0.000, 0.000
26.900, 0, Ego, -590.555, -269.305, 0.000, 3.892, 0.000, 0.000, 22.222, 0.000, 0.228
26.900, 1, Obstacle, -496.627, -181.802, 0.000, 3.892, 0.000, 0.000, 0.000, 0.000, 0.000
26.950, 0, Ego, -591.368, -270.062, 0.000, 3.892, 0.000, 0.000, 22.222, 0.000, 3.403
26.950, 1, Obstacle, -496.627, -181.802, 0.000, 3.892, 0.000, 0.000, 0.000, 0.000, 0.000
27.000, 0, Ego, -592.181, -270.820, 0.000, 3.892, 0.000, 0.000, 22.222, 0.000, 0.294
27.000, 1, Obstacle, -496.627, -181.802, 0.000, 3.892, 0.000, 0.000, 0.000, 0.000, 0.000
27.050, 0, Ego, -592.994, -271.577, 0.000, 3.892, 0.000, 0.000, 22.222, 0.000, 3.468
27.050, 1, Obstacle, -496.627, -181.802, 0.000, 3.892, 0.000, 0.000, 0.000, 0.000, 0.000
27.100, 0, Ego, -593.807, -272.334, 0.000, 3.892, 0.000, 0.000, 22.222, 0.000, 0.360
27.100, 1, Obstacle, -496.627, -181.802, 0.000, 3.892, 0.000, 0.000, 0.000, 0.000, 0.000
27.150, 0, Ego, -594.620, -273.092, 0.000, 3.892, 0.000, 0.000, 22.222, 0.000, 3.534
27.150, 1, Obstacle, -496.627, -181.802, 0.000, 3.892, 0.000, 0.000, 0.000, 0.000, 0.000
27.200, 0, Ego, -595.433, -273.849, 0.000, 3.892, 0.000, 0.000, 22.222, 0.000, 0.426
27.200, 1, Obstacle, -496.627, -181.802, 0.000, 3.892, 0.000, 0.000, 0.000, 0.000, 0.000
27.250, 0, Ego, -596.246, -274.606, 0.000, 3.892, 0.000, 0.000, 22.222, 0.000, 3.600
27.250, 1, Obstacle, -496.627, -181.802, 0.000, 3.892, 0.000, 0.000, 0.000, 0.000, 0.000
27.300, 0, Ego, -597.059, -275.364, 0.000, 3.892, 0.000, 0.000, 22.222, 0.000, 0.492
27.300, 1, Obstacle, -496.627, -181.802, 0.000, 3.892, 0.000, 0.000, 0.000, 0.000, 0.000
27.350, 0, Ego, -597.872, -276.121, 0.000, 3.892, 0.000, 0.000, 22.222, 0.000, 3.666
27.350, 1, Obstacle, -496.627, -181.802, 0.000, 3.892, 0.000, 0.000, 0.000, 0.000, 0.000
27.400, 0, Ego, -598.685, -276.879, 0.000, 3.892, 0.000, 0.000, 22.222, 0.000, 0.558
27.400, 1, Obstacle, -496.627, -181.802, 0.000, 3.892, 0.000, 0.000, 0.000, 0.000, 0.000
27.450, 0, Ego, -599.498, -277.636, 0.000, 3.892, 0.000, 0.000, 22.222, 0.000, 3.732
27.450, 1, Obstacle, -496.627, -181.802, 0.000, 3.892, 0.000, 0.000, 0.000, 0.000, 0.000
27.500, 0, Ego, -600.311, -278.393, 0.000, 3.892, 0.000, 0.000, 22.222, 0.000, 0.624
27.500, 1, Obstacle, -496.627, -181.802, 0.000, 3.892, 0.000, 0.000, 0.000, 0.000, 0.000
27.550, 0, Ego, -601.124, -279.151, 0.000, 3.892, 0.000, 0.000, 22.222, 0.000, 3.798
27.550, 1, Obstacle, -496.627, -181.802, 0.000, 3.892, 0.000, 0.000, 0.000, 0.000, 0.000
27.600, 0, Ego, -601.937, -279.908, 0.000, 3.892, 0.000, 0.000, 22.222, 0.000, 0.690
27.600, 1, Obstacle, -496.627, -181.802, 0.000, 3.892, 0.000, 0.000, 0.000, 0.000, 0.000
27.650, 0, Ego, -602.750, -280.665, 0.000, 3.892, 0.000, 0.000, 22.222, 0.000, 3.864
27.650, 1, Obstacle, -496.627, -181.802, 0.000, 3.892, 0.000, 0.000, 0.000, 0.000, 0.000
27.700, 0, Ego, -603.563, -281.423, 0.000, 3.892, 0.000, 0.000, 22.222, 0.000, 0.756
27.700, 1, Obstacle, -496.627, -181.802, 0.000, 3.892, 0.000, 0.000, 0.000, 0.000, 0.000
27.750, 0, Ego, -604.376, -282.180, 0.000, 3.892, 0.000, 0.000, 22.222, 0.000, 3.930
27.750, 1, Obstacle, -496.627, -181.802, 0.000, 3.892, 0.000, 0.000, 0.000, 0.000, 0.000
27.800, 0, Ego, -605.189, -282.938, 0.000, 3.892, 0.000, 0.000, 22.222, 0.000, 0.822
27.800, 1, Obstacle, -496.627, -181.802, 0.000, 3.892, 0.000, 0.000, 0.000, 0.000, 0.000
27.850, 0, Ego, -606.002, -283.695, 0.000, 3.892, 0.000, 0.000, 22.222, 0.000, 3.996
27.850, 1, Obstacle, -496.627, -181.802, 0.000, 3.892, 0.000, 0.000, 0.000, 0.000, 0.000
27.900, 0, Ego, -606.815, -284.452, 0.000, 3.892, 0.000, 0.000, 22.222, 0.000, 0.888
27.900, 1, Obstacle, -496.627, -181.802, 0.000, 3.892, 0.000, 0.000, 0.000, 0.000, 0.000
27.950, 0, Ego, -607.628, -285.210, 0.000, 3.892, 0.000, 0.000, 22.222, 0.000, 4.062
27.950, 1, Obstacle, -496.627, -181.802, 0.000, 3.892, 0.000, 0.000, 0.000, 0.000, 0.000
28.000, 0, Ego, -608.440, -285.967, 0.000, 3.892, 0.000, 0.000, 22.222, 0.000, 0.953
28.000, 1, Obstacle, -496.627, -181.802, 0.000, 3.892, 0.000, 0.000, 0.000, 0.000, 0.000
28.050, 0, Ego, -609.253, -286.724, 0.000, 3.892, 0.000, 0.000, 22.222, 0.000, 4.128
28.050, 1, Obstacle, -496.627, -181.802, 0.000, 3.892, 0.000, 0.000, 0.000, 0.000, 0.000
28.100, 0, Ego, -610.066, -287.482, 0.000, 3.892, 0.000, 0.000, 22.222, 0.000, 1.019
28.100, 1, Obstacle, -496.627, -181.802, 0.000, 3.892, 0.000, 0.000, 0.000, 0.000, 0.000
28.150, 0, Ego, -610.879, -288.239, 0.000, 3.892, 0.000, 0.000, 22.222, 0.000, 4.194
28.150, 1, Obstacle, -496.627, -181.802, 0.000, 3.892, 0.000, 0.000, 0.000, 0.000, 0.000
28.200, 0, Ego, -611.692, -288.996, 0.000, 3.892, 0.000, 0.000, 22.222, 0.000, 1.085
28.200, 1, Obstacle, -496.627, -181.802, 0.000, 3.892, 0.000, 0.000, 0.000, 0.000, 0.000
28.250, 0, Ego, -612.505, -289.754, 0.000, 3.892, 0.000, 0.000, 22.222, 0.000, 4.260
28.250, 1, Obstacle, -496.627, -181.802, 0.000, 3.892, 0.000, 0.000, 0.000, 0.000, 0.000
28.300, 0, Ego, -613.318, -290.511, 0.000, 3.892, 0.000, 0.000, 22.222, 0.000, 1.151
28.300, 1, Obstacle, -496.627, -181.802, 0.000, 3.892, 0.000, 0.000, 0.000, 0.000, 0.000
28.350, 0, Ego, -614.131, -291.269, 0.000, 3.892, 0.000, 0.000, 22.222, 0.000, 4.326
28.350, 1, Obstacle, -496.627, -181.802, 0.000, 3.892, 0.000, 0.000, 0.000, 0.000, 0.000
28.400, 0, Ego, -614.944, -292.026, 0.000, 3.892, 0.000, 0.000, 22.222, 0.000, 1.217
28.400, 1, Obstacle, -496.627, -181.802, 0.000, 3.892, 0.000, 0.000, 0.000, 0.000, 0.000
28.450, 0, Ego, -615.757, -292.783, 0.000, 3.892, 0.000, 0.000, 22.222, 0.000, 4.392
28.450, 1, Obstacle, -496.627, -181.802, 0.000, 3.892, 0.000, 0.000, 0.000, 0.000, 0.000
28.500, 0, Ego, -616.570, -293.541, 0.000, 3.892, 0.000, 0.000, 22.222, 0.000, 1.283
28.500, 1, Obstacle, -496.627, -181.802, 0.000, 3.892, 0.000, 0.000, 0.000, 0.000, 0.000
28.550, 0, Ego, -617.383, -294.298, 0.000, 3.892, 0.000, 0.000, 22.222, 0.000, 4.458
28.550, 1, Obstacle, -496.627, -181.802, 0.000, 3.892, 0.000, 0.000, 0.000, 0.000, 0.000
28.600, 0, Ego, -618.196, -295.055, 0.000, 3.892, 0.000, 0.000, 22.222, 0.000, 1.349
28.600, 1, Obstacle, -496.627, -181.802, 0.000, 3.892, 0.000, 0.000, 0.000, 0.000, 0.000
28.650, 0, Ego, -619.009, -295.813, 0.000, 3.892, 0.000, 0.000, 22.222, 0.000, 4.524
28.650, 1, Obstacle, -496.627, -181.802, 0.000, 3.892, 0.000, 0.000, 0.000, 0.000, 0.000
28.700, 0, Ego, -619.822, -296.570, 0.000, 3.892, 0.000, 0.000, 22.222, 0.000, 1.415
28.700, 1, Obstacle, -496.627, -181.802, 0.000, 3.892, 0.000, 0.000, 0.000, 0.000, 0.000
28.750, 0, Ego, -620.635, -297.328, 0.000, 3.892, 0.000, 0.000, 22.222, 0.000, 4.590
28.750, 1, Obstacle, -496.627, -181.802, 0.000, 3.892, 0.000, 0.000, 0.000, 0.000, 0.000
28.800, 0, Ego, -621.448, -298.085, 0.000, 3.892, 0.000, 0.000, 22.222, 0.000, 1.481
28.800, 1, Obstacle, -496.627, -181.802, 0.000, 3.892, 0.000, 0.000, 0.000, 0.000, 0.000
28.850, 0, Ego, -622.261, -298.842, 0.000, 3.892, 0.000, 0.000, 22.222, 0.000, 4.656
28.850, 1, Obstacle, -496.627, -181.802, 0.000, 3.892, 0.000, 0.000, 0.000, 0.000, 0.000
28.900, 0, Ego, -623.074, -299.600, 0.000, 3.892, 0.000, 0.000, 22.222, 0.000, 1.547
28.900, 1, Obstacle, -496.627, -181.802, 0.000, 3.892, 0.000, 0.000, 0.000, 0.000, 0.000
28.950, 0, Ego, -623.887, -300.357, 0.000, 3.892, 0.000, 0.000, 22.222, 0.000, 4.722
28.950, 1, Obstacle, -496.627, -181.802, 0.000, 3.892, 0.000, 0.000, 0.000, 0.000, 0.000
29.000, 0, Ego, -624.700, -301.114, 0.000, 3.892, 0.000, 0.000, 22.222, 0.000, 1.613
29.000, 1, Obstacle, -496.627, -181.802, 0.000, 3.892, 0.000, 0.000, 0.000, 0.000, 0.000
29.050, 0, Ego, -625.513, -301.872, 0.000, 3.892, 0.000, 0.000, 22.222, 0.000, 4.788
29.050, 1, Obstacle, -496.627, -181.802, 0.000, 3.892, 0.000, 0.000, 0.000, 0.000, 0.000
29.100, 0, Ego, -626.326, -302.629, 0.000, 3.892, 0.000, 0.000, 22.222, 0.000, 1.679
29.100, 1, Obstacle, -496.627, -181.802, 0.000, 3.892, 0.000, 0.000, 0.000, 0.000, 0.000
29.150, 0, Ego, -627.139, -303.386, 0.000, 3.892, 0.000, 0.000, 22.222, 0.000, 4.854
29.150, 1, Obstacle, -496.627, -181.802, 0.000, 3.892, 0.000, 0.000, 0.000, 0.000, 0.000
29.200, 0, Ego, -627.952, -304.144, 0.000, 3.892, 0.000, 0.000, 22.222, 0.000, 1.745
29.200, 1, Obstacle, -496.627, -181.802, 0.000, 3.892, 0.000, 0.000, 0.000, 0.000, 0.000
29.250, 0, Ego, -628.765, -304.901, 0.000, 3.892, 0.000, 0.000, 22.222, 0.000, 4.920
29.250, 1, Obstacle, -496.627, -181.802, 0.000, 3.892, 0.000, 0.000, 0.000, 0.000, 0.000
29.300, 0, Ego, -629.578, -305.659, 0.000, 3.892, 0.000, 0.000, 22.222, 0.000, 1.811
29.300, 1, Obstacle, -496.627, -181.802, 0.000, 3.892, 0.000, 0.000, 0.000, 0.000, 0.000
29.350, 0, Ego, -630.391, -306.416, 0.000, 3.892, 0.000, 0.000, 22.222, 0.000, 4.986
29.350, 1, Obstacle, -496.627, -181.802, 0.000, 3.892, 0.000, 0.000, 0.000, 0.000, 0.000
29.400, 0, Ego, -631.204, -307.173, 0.000, 3.892, 0.000, 0.000, 22.222, 0.000, 1.877
29.400, 1, Obstacle, -496.627, -181.802, 0.000, 3.892, 0.000, 0.000, 0.000, 0.000, 0.000
29.450, 0, Ego, -632.017, -307.931, 0.000, 3.892, 0.000, 0.000, 22.222, 0.000, 5.051
29.450, 1, Obstacle, -496.627, -181.802, 0.000, 3.892, 0.000, 0.000, 0.000, 0.000, 0.000
29.500, 0, Ego, -632.830, -308.688, 0.000, 3.892, 0.000, 0.000, 22.222, 0.000, 1.943
29.500, 1, Obstacle, -496.627, -181.802, 0.000, 3.892, 0.000, 0.000, 0.000, 0.000, 0.000
29.550, 0, Ego, -633.643, -309.445, 0.000, 3.892, 0.000, 0.000, 22.222, 0.000, 5.117
29.550, 1, Obstacle, -496.627, -181.802, 0.000, 3.892, 0.000, 0.000, 0.000, 0.000, 0.000
29.600, 0, Ego, -634.456, -310.203, 0.000, 3.892, 0.000, 0.000, 22.222, 0.000, 2.009
29.600, 1, Obstacle, -496.627, -181.802, 0.000, 3.892, 0.000, 0.000, 0.000, 0.000, 0.000
29.650, 0, Ego, -635.269, -310.960, 0.000, 3.892, 0.000, 0.000, 22.222, 0.000, 5.183
29.650, 1, Obstacle, -496.627, -181.802, 0.000, 3.892, 0.000, 0.000, 0.000, 0.000, 0.000
29.700, 0, Ego, -636.082, -311.718, 0.000, 3.892, 0.000, 0.000, 22.222, 0.000, 2.075
29.700, 1, Obstacle, -496.627, -181.802, 0.000, 3.892, 0.000, 0.000, 0.000, 0.000, 0.000
29.750, 0, Ego, -636.895, -312.475, 0.000, 3.892, 0.000, 0.000, 22.222, 0.000, 5.249
29.750, 1, Obstacle, -496.627, -181.802, 0.000, 3.892, 0.000, 0.000, 0.000, 0.000, 0.000
29.800, 0, Ego, -637.708, -313.232, 0.000, 3.892, 0.000, 0.000, 22.222, 0.000, 2.141
29.800, 1, Obstacle, -496.627, -181.802, 0.000, 3.892, 0.000, 0.000, 0.000, 0.000, 0.000
29.850, 0, Ego, -638.521, -313.990, 0.000, 3.892, 0.000, 0.000, 22.222, 0.000, 5.315
29.850, 1, Obstacle, -496.627, -181.802, 0.000, 3.892, 0.000, 0.000, 0.000, 0.000, 0.000
29.900, 0, Ego, -639.334, -314.747, 0.000, 3.892, 0.000, 0.000, 22.222, 0.000, 2.207
29.900, 1, Obstacle, -496.627, -181.802, 0.000, 3.892, 0.000, 0.000, 0.000, 0.000, 0.000
29.950, 0, Ego, -640.147, -315.504, 0.000, 3.892, 0.000, 0.000, 22.222, 0.000, 5.381
29.950, 1, Obstacle, -496.627, -181.802, 0.000, 3.892, 0.000, 0.000, 0.000, 0.000, 0.000
30.000, 0, Ego, -640.960, -316.262, 0.000, 3.892, 0.000, 0.000, 22.222, 0.000, 2.273
30.000, 1, Obstacle, -496.627, -181.802, 0.000, 3.892, 0.000, 0.000, 0.000, 0.000, 0.000
30.050, 0, Ego, -641.773, -317.019, 0.000, 3.892, 0.000, 0.000, 22.222, 0.000, 5.447
30.050, 1, Obstacle, -496.627, -181.802, 0.000, 3.892, 0.000, 0.000, 0.000, 0.000, 0.000
30.100, 0, Ego, -642.586, -317.776, 0.000, 3.892, 0.000, 0.000, 22.222, 0.000, 2.339
30.100, 1, Obstacle, -496.627, -181.802, 0.000, 3.892, 0.000, 0.000, 0.000, 0.000, 0.000
30.150, 0, Ego, -643.399, -318.534, 0.000, 3.892, 0.000, 0.000, 22.222, 0.000, 5.513
30.150, 1, Obstacle, -496.627, -181.802, 0.000, 3.892, 0.000, 0.000, 0.000, 0.000, 0.000
30.200, 0, Ego, -644.212, -319.291, 0.000, 3.892, 0.000, 0.000, 22.222, 0.000, 2.405
30.200, 1, Obstacle, -496.627, -181.802, 0.000, 3.892, 0.000, 0.000, 0.000, 0.000, 0.000
30.250, 0, Ego, -645.025, -320.049, 0.000, 3.892, 0.000, 0.000, 22.222, 0.000, 5.579
30.250, 1, Obstacle, -496.627, -181.802, 0.000, 3.892, 0.000, 0.000, 0.000, 0.000, 0.000
30.300, 0, Ego, -645.838, -320.806, 0.000, 3.892, 0.000, 0.000, 22.222, 0.000, 2.471
30.300, 1, Obstacle, -496.627, -181.802, 0.000, 3.892, 0.000, 0.000, 0.000, 0.000, 0.000
30.350, 0, Ego, -646.651, -321.563, 0.000, 3.892, 0.000, 0.000, 22.222, 0.000, 5.645
30.350, 1, Obstacle, -496.627, -181.802, 0.000, 3.892, 0.000, 0.000, 0.000, 0.000, 0.000
30.400, 0, Ego, -647.464, -322.321, 0.000, 3.892, 0.000, 0.000, 22.222, 0.000, 2.536
30.400, 1, Obstacle, -496.627, -181.802, 0.000, 3.892, 0.000, 0.000, 0.000, 0.000, 0.000
30.450, 0, Ego, -648.276, -323.078, 0.000, 3.892, 0.000, 0.000, 22.222, 0.000, 5.711
30.450, 1, Obstacle, -496.627, -181.802, 0.000, 3.892, 0.000, 0.000, 0.000, 0.000, 0.000
30.500, 0, Ego, -649.089, -323.835, 0.000, 3.892, 0.000, 0.000, 22.222, 0.000, 2.602
30.500, 1, Obstacle, -496.627, -181.802, 0.000, 3.892, 0.000, 0.000, 0.000, 0.000, 0.000
30.550, 0, Ego, -649.902, -324.593, 0.000, 3.892, 0.000, 0.000, 22.222, 0.000, 5.777
30.550, 1, Obstacle, -496.627, -181.802, 0.000, 3.892, 0.000, 0.000, 0.000, 0.000, 0.000
30.600, 0, Ego, -650.715, -325.350, 0.000, 3.892, 0.000, 0.000, 22.222, 0.000, 2.668
30.600, 1, Obstacle, -496.627, -181.802, 0.000, 3.892, 0.000, 0.000, 0.000, 0.000, 0.000
30.650, 0, Ego, -651.528, -326.108, 0.000, 3.892, 0.000, 0.000, 22.222, 0.000, 5.843
30.650, 1, Obstacle, -496.627, -181.802, 0.000, 3.892, 0.000, 0.000, 0.000, 0.000, 0.000
30.700, 0, Ego, -652.341, -326.865, 0.000, 3.892, 0.000, 0.000, 22.222, 0.000, 2.734
30.700, 1, Obstacle, -496.627, -181.802, 0.000, 3.892, 0.000, 0.000, 0.000, 0.000, 0.000
30.750, 0, Ego, -653.154, -327.622, 0.000, 3.892, 0.000, 0.000, 22.222, 0.000, 5.909
30.750, 1, Obstacle, -496.627, -181.802, 0.000, 3.892, 0.000, 0.000, 0.000, 0.000, 0.000
30.800, 0, Ego, -653.967, -328.380, 0.000, 3.892, 0.000, 0.000, 22.222, 0.000, 2.800
30.800, 1, Obstacle, -496.627, -181.802, 0.000, 3.892, 0.000, 0.000, 0.000, 0.000, 0.000
30.850, 0, Ego, -654.780, -329.137, 0.000, 3.892, 0.000, 0.000, 22.222, 0.000, 5.975
30.850, 1, Obstacle, -496.627, -181.802, 0.000, 3.892, 0.000, 0.000, 0.000, 0.000, 0.000
30.900, 0, Ego, -655.593, -329.894, 0.000, 3.892, 0.000, 0.000, 22.222, 0.000, 2.866
30.900, 1, Obstacle, -496.627, -181.802, 0.000, 3.892, 0.000, 0.000, 0.000, 0.000, 0.000
30.950, 0, Ego, -656.406, -330.652, 0.000, 3.892, 0.000, 0.000, 22.222, 0.000, 6.041
30.950, 1, Obstacle, -496.627, -181.802, 0.000, 3.892, 0.000, 0.000, 0.000, 0.000, 0.000
31.000, 0, Ego, -657.219, -331.409, 0.000, 3.892, 0.000, 0.000, 22.222, 0.000, 2.932
31.000, 1, Obstacle, -496.627, -181.802, 0.000, 3.892, 0.000, 0.000, 0.000, 0.000, 0.000
31.050, 0, Ego, -658.032, -332.166, 0.000, 3.892, 0.000, 0.000, 22.222, 0.000, 6.107
31.050, 1, Obstacle, -496.627, -181.802, 0.000, 3.892, 0.000, 0.000, 0.000, 0.000, 0.000
31.100, 0, Ego, -658.845, -332.924, 0.000, 3.892, 0.000, 0.000, 22.222, 0.000, 2.998
31.100, 1, Obstacle, -496.627, -181.802, 0.000, 3.892, 0.000, 0.000, 0.000, 0.000, 0.000
31.150, 0, Ego, -659.658, -333.681, 0.000, 3.892, 0.000, 0.000, 22.222, 0.000, 6.173
31.150, 1, Obstacle, -496.627, -181.802, 0.000, 3.892, 0.000, 0.000, 0.000, 0.000, 0.000
31.200, 0, Ego, -660.471, -334.439, 0.000, 3.892, 0.000, 0.000, 22.222, 0.000, 3.064
31.200, 1, Obstacle, -496.627, -181.802, 0.000, 3.892, 0.000, 0.000, 0.000, 0.000, 0.000
31.250, 0, Ego, -661.284, -335.196, 0.000, 3.892, 0.000, 0.000, 22.222, 0.000, 6.239
31.250, 1, Obstacle, -496.627, -181.802, 0.000, 3.892, 0.000, 0.000, 0.000, 0.000, 0.000
31.300, 0, Ego, -662.097, -335.953, 0.000, 3.892, 0.000, 0.000, 22.222, 0.000, 3.130
31.300, 1, Obstacle, -496.627, -181.802, 0.000, 3.892, 0.000, 0.000, 0.000, 0.000, 0.000
31.350, 0, Ego, -662.910, -336.711, 0.000, 3.892, 0.000, 0.000, 22.222, 0.000, 0.021
31.350, 1, Obstacle, -496.627, -181.802, 0.000, 3.892, 0.000, 0.000, 0.000, 0.000, 0.000
31.400, 0, Ego, -663.723, -337.468, 0.000, 3.892, 0.000, 0.000, 22.222, 0.000, 3.196
31.400, 1, Obstacle, -496.627, -181.802, 0.000, 3.892, 0.000, 0.000, 0.000, 0.000, 0.000
31.450, 0, Ego, -664.536, -338.225, 0.000, 3.892, 0.000, 0.000, 22.222, 0.000, 0.087
31.450, 1, Obstacle, -496.627, -181.802, 0.000, 3.892, 0.000, 0.000, 0.000, 0.000, 0.000
31.500, 0, Ego, -665.349, -338.983, 0.000, 3.892, 0.000, 0.000, 22.222, 0.000, 3.262
31.500, 1, Obstacle, -496.627, -181.802, 0.000, 3.892, 0.000, 0.000, 0.000, 0.000, 0.000
31.550, 0, Ego, -666.162, -339.740, 0.000, 3.892, 0.000, 0.000, 22.222, 0.000, 0.153
31.550, 1, Obstacle, -496.627, -181.802, 0.000, 3.892, 0.000, 0.000, 0.000, 0.000, 0.000
31.600, 0, Ego, -666.975, -340.498, 0.000, 3.892, 0.000, 0.000, 22.222, 0.000, 3.328
31.600, 1, Obstacle, -496.627, -181.802, 0.000, 3.892, 0.000, 0.000, 0.000, 0.000, 0.000
31.650, 0, Ego, -667.788, -341.255, 0.000, 3.892, 0.000, 0.000, 22.222, 0.000, 0.219
31.650, 1, Obstacle, -496.627, -181.802, 0.000, 3.892, 0.000, 0.000, 0.000, 0.000, 0.000
31.700, 0, Ego, -668.601, -342.012, 0.000, 3.892, 0.000, 0.000, 22.222, 0.000, 3.394
31.700, 1, Obstacle, -496.627, -181.802, 0.000, 3.892, 0.000, 0.000, 0.000, 0.000, 0.000
31.750, 0, Ego, -669.414, -342.770, 0.000, 3.892, 0.000, 0.000, 22.222, 0.000, 0.285
31.750, 1, Obstacle, -496.627, -181.802, 0.000, 3.892, 0.000, 0.000, 0.000, 0.000, 0.000
31.800, 0, Ego, -670.227, -343.527, 0.000, 3.892, 0.000, 0.000, 22.222, 0.000, 3.460
31.800, 1, Obstacle, -496.627, -181.802, 0.000, 3.892, 0.000, 0.000, 0.000, 0.000, 0.000
31.850, 0, Ego, -671.040, -344.284, 0.000, 3.892, 0.000, 0.000, 22.222, 0.000, 0.351
31.850, 1, Obstacle, -496.627, -181.802, 0.000, 3.892, 0.000, 0.000, 0.000, 0.000, 0.000
31.900, 0, Ego, -671.853, -345.042, 0.000, 3.892, 0.000, 0.000, 22.222, 0.000, 3.526
31.900, 1, Obstacle, -496.627, -181.802, 0.000, 3.892, 0.000, 0.000, 0.000, 0.000, 0.000
31.950, 0, Ego, -672.666, -345.799, 0.000, 3.892, 0.000, 0.000, 22.222, 0.000, 0.417
31.950, 1, Obstacle, -496.627, -181.802, 0.000, 3.892, 0.000, 0.000, 0.000, 0.000, 0.000
32.000, 0, Ego, -673.479, -346.556, 0.000, 3.892, 0.000, 0.000, 22.222, 0.000, 3.592
32.000, 1, Obstacle, -496.627, -181.802, 0.000, 3.892, 0.000, 0.000, 0.000, 0.000, 0.000
32.050, 0, Ego, -674.292, -347.314, 0.000, 3.892, 0.000, 0.000, 22.222, 0.000, 0.483
32.050, 1, Obstacle, -496.627, -181.802, 0.000, 3.892, 0.000, 0.000, 0.000, 0.000, 0.000
32.100, 0, Ego, -675.105, -348.071, 0.000, 3.892, 0.000, 0.000, 22.222, 0.000, 3.658
32.100, 1, Obstacle, -496.627, -181.802, 0.000, 3.892, 0.000, 0.000, 0.000, 0.000, 0.000
32.150, 0, Ego, -675.918, -348.829, 0.000, 3.892, 0.000, 0.000, 22.222, 0.000, 0.549
32.150, 1, Obstacle, -496.627, -181.802, 0.000, 3.892, 0.000, 0.000, 0.000, 0.000, 0.000
32.200, 0, Ego, -676.731, -349.586, 0.000, 3.892, 0.000, 0.000, 22.222, 0.000, 3.724
32.200, 1, Obstacle, -496.627, -181.802, 0.000, 3.892, 0.000, 0.000, 0.000, 0.000, 0.000
32.250, 0, Ego, -677.544, -350.343, 0.000, 3.892, 0.000, 0.000, 22.222, 0.000, 0.615
32.250, 1, Obstacle, -496.627, -181.802, 0.000, 3.892, 0.000, 0.000, 0.000, 0.000, 0.000
32.300, 0, Ego, -678.357, -351.101, 0.000, 3.892, 0.000, 0.000, 22.222, 0.000, 3.790
32.300, 1, Obstacle, -496.627, -181.802, 0.000, 3.892, 0.000, 0.000, 0.000, 0.000, 0.000
32.350, 0, Ego, -679.170, -351.858, 0.000, 3.892, 0.000, 0.000, 22.222, 0.000, 0.681
32.350, 1, Obstacle, -496.627, -181.802, 0.000, 3.892, 0.000, 0.000, 0.000, 0.000, 0.000
32.400, 0, Ego, -679.983, -352.615, 0.000, 3.892, 0.000, 0.000, 22.222, 0.000, 3.856
32.400, 1, Obstacle, -496.627, -181.802, 0.000, 3.892, 0.000, 0.000, 0.000, 0.000, 0.000
32.450, 0, Ego, -680.796, -353.373, 0.000, 3.892, 0.000, 0.000, 22.222, 0.000, 0.747
32.450, 1, Obstacle, -496.627, -181.802, 0.000, 3.892, 0.000, 0.000, 0.000, 0.000, 0.000
32.500, 0, Ego, -681.609, -354.130, 0.000, 3.892, 0.000, 0.000, 22.222, 0.000, 3.922
32.500, 1, Obstacle, -496.627, -181.802, 0.000, 3.892, 0.000, 0.000, 0.000, 0.000, 0.000
32.550, 0, Ego, -682.422, -354.888, 0.000, 3.892, 0.000, 0.000, 22.222, 0.000, 0.813
32.550, 1, Obstacle, -496.627, -181.802, 0.000, 3.892, 0.000, 0.000, 0.000, 0.000, 0.000
32.600, 0, Ego, -683.235, -355.645, 0.000, 3.892, 0.000, 0.000, 22.222, 0.000, 3.988
32.600, 1, Obstacle, -496.627, -181.802, 0.000, 3.892, 0.000, 0.000, 0.000, 0.000, 0.000
32.650, 0, Ego, -684.048, -356.402, 0.000, 3.892, 0.000, 0.000, 22.222, 0.000, 0.879
32.650, 1, Obstacle, -496.627, -181.802, 0.000, 3.892, 0.000, 0.000, 0.000, 0.000, 0.000
32.700, 0, Ego, -684.861, -357.160, 0.000, 3.892, 0.000, 0.000, 22.222, 0.000, 4.054
32.700, 1, Obstacle, -496.627, -181.802, 0.000, 3.892, 0.000, 0.000, 0.000, 0.000, 0.000
32.750, 0, Ego, -685.674, -357.917, 0.000, 3.892, 0.000, 0.000, 22.222, 0.000, 0.945
32.750, 1, Obstacle, -496.627, -181.802, 0.000, 3.892, 0.000, 0.000, 0.000, 0.000, 0.000
32.800, 0, Ego, -686.487, -358.674, 0.000, 3.892, 0.000, 0.000, 22.222, 0.000, 4.119
32.800, 1, Obstacle, -496.627, -181.802, 0.000, 3.892, 0.000, 0.000, 0.000, 0.000, 0.000
32.850, 0, Ego, -687.299, -359.432, 0.000, 3.892, 0.000, 0.000, 22.222, 0.000, 1.011
32.850, 1, Obstacle, -496.627, -181.802, 0.000, 3.892, 0.000, 0.000, 0.000, 0.000, 0.000
32.900, 0, Ego, -688.112, -360.189, 0.000, 3.892, 0.000, 0.000, 22.222, 0.000, 4.185
32.900, 1, Obstacle, -496.627, -181.802, 0.000, 3.892, 0.000, 0.000, 0.000, 0.000, 0.000
32.950, 0, Ego, -688.925, -360.947, 0.000, 3.892, 0.000, 0.000, 22.222, 0.000, 1.077
32.950, 1, Obstacle, -496.627, -181.802, 0.000, 3.892, 0.000, 0.000, 0.000, 0.000, 0.000
33.000, 0, Ego, -689.738, -361.704, 0.000, 3.892, 0.000, 0.000, 22.222, 0.000, 4.251
33.000, 1, Obstacle, -496.627, -181.802, 0.000, 3.892, 0.000, 0.000, 0.000, 0.000, 0.000
33.050, 0, Ego, -690.551, -362.461, 0.000, 3.892, 0.000, 0.000, 22.222, 0.000, 1.143
33.050, 1, Obstacle, -496.627, -181.802, 0.000, 3.892, 0.000, 0.000, 0.000, 0.000, 0.000
33.100, 0, Ego, -691.364, -363.219, 0.000, 3.892, 0.000, 0.000, 22.222, 0.000, 4.317
33.100, 1, Obstacle, -496.627, -181.802, 0.000, 3.892, 0.000, 0.000, 0.000, 0.000, 0.000
33.150, 0, Ego, -692.177, -363.976, 0.000, 3.892, 0.000, 0.000, 22.222, 0.000, 1.209
33.150, 1, Obstacle, -496.627, -181.802, 0.000, 3.892, 0.000, 0.000, 0.000, 0.000, 0.000
33.200, 0, Ego, -692.990, -364.733, 0.000, 3.892, 0.000, 0.000, 22.222, 0.000, 4.383
33.200, 1, Obstacle, -496.627, -181.802, 0.000, 3.892, 0.000, 0.000, 0.000, 0.000, 0.000
33.250, 0, Ego, -693.803, -365.491, 0.000, 3.892, 0.000, 0.000, 22.222, 0.000, 1.275
33.250, 1, Obstacle, -496.627, -181.802, 0.000, 3.892, 0.000, 0.000, 0.000, 0.000, 0.000
33.300, 0, Ego, -694.616, -366.248, 0.000, 3.892, 0.000, 0.000, 22.222, 0.000, 4.449
33.300, 1, Obstacle, -496.627, -181.802, 0.000, 3.892, 0.000, 0.000, 0.000, 0.000, 0.000
33.350, 0, Ego, -695.429, -367.005, 0.000, 3.892, 0.000, 0.000, 22.222, 0.000, 1.341
33.350, 1, Obstacle, -496.627, -181.802, 0.000, 3.892, 0.000, 0.000, 0.000, 0.000, 0.000
33.400, 0, Ego, -696.242, -367.763, 0.000, 3.892, 0.000, 0.000, 22.222, 0.000, 4.515
33.400, 1, Obstacle, -496.627, -181.802, 0.000, 3.892, 0.000, 0.000, 0.000, 0.000, 0.000
33.450, 0, Ego, -697.055, -368.520, 0.000, 3.892, 0.000, 0.000, 22.222, 0.000, 1.407
33.450, 1, Obstacle, -496.627, -181.802, 0.000, 3.892, 0.000, 0.000, 0.000, 0.000, 0.000
33.500, 0, Ego, -697.868, -369.278, 0.000, 3.892, 0.000, 0.000, 22.222, 0.000, 4.581
33.500, 1, Obstacle, -496.627, -181.802, 0.000, 3.892, 0.000, 0.000, 0.000, 0.000, 0.000
33.550, 0, Ego, -698.681, -370.035, 0.000, 3.892, 0.000, 0.000, 22.222, 0.000, 1.473
33.550, 1, Obstacle, -496.627, -181.802, 0.000, 3.892, 0.000, 0.000, 0.000, 0.000, 0.000
33.600, 0, Ego, -699.494, -370.792, 0.000, 3.892, 0.000, 0.000, 22.222, 0.000, 4.647
33.600, 1, Obstacle, -496.627, -181.802, 0.000, 3.892, 0.000, 0.000, 0.000, 0.000, 0.000
33.650, 0, Ego, -700.307, -371.550, 0.000, 3.892, 0.000, 0.000, 22.222, 0.000, 1.539
33.650, 1, Obstacle, -496.627, -181.802, 0.000, 3.892, 0.000, 0.000, 0.000, 0.000, 0.000
33.700, 0, Ego, -701.120, -372.307, 0.000, 3.892, 0.000, 0.000, 22.222, 0.000, 4.713
33.700, 1, Obstacle, -496.627, -181.802, 0.000, 3.892, 0.000, 0.000, 0.000, 0.000, 0.000
33.750, 0, Ego, -701.933, -373.064, 0.000, 3.892, 0.000, 0.000, 22.222, 0.000, 1.604
33.750, 1, Obstacle, -496.627, -181.802, 0.000, 3.892, 0.000, 0.000, 0.000, 0.000, 0.000
33.800, 0, Ego, -702.746, -373.822, 0.000, 3.892, 0.000, 0.000, 22.222, 0.000, 4.779
33.800, 1, Obstacle, -496.627, -181.802, 0.000, 3.892, 0.000, 0.000, 0.000, 0.000, 0.000
33.850, 0, Ego, -703.559, -374.579, 0.000, 3.892, 0.000, 0.000, 22.222, 0.000, 1.670
33.850, 1, Obstacle, -496.627, -181.802, 0.000, 3.892, 0.000, 0.000, 0.000, 0.000, 0.000
33.900, 0, Ego, -704.372, -375.337, 0.000, 3.892, 0.000, 0.000, 22.222, 0.000, 4.845
33.900, 1, Obstacle, -496.627, -181.802, 0.000, 3.892, 0.000, 0.000, 0.000, 0.000, 0.000
33.950, 0, Ego, -705.185, -376.094, 0.000, 3.892, 0.000, 0.000, 22.222, 0.000, 1.736
33.950, 1, Obstacle, -496.627, -181.802, 0.000, 3.892, 0.000, 0.000, 0.000, 0.000, 0.000
34.000, 0, Ego, -705.998, -376.851, 0.000, 3.892, 0.000, 0.000, 22.222, 0.000, 4.911
34.000, 1, Obstacle, -496.627, -181.802, 0.000, 3.892, 0.000, 0.000, 0.000, 0.000, 0.000
34.050, 0, Ego, -706.811, -377.609, 0.000, 3.892, 0.000, 0.000, 22.222, 0.000, 1.802
34.050, 1, Obstacle, -496.627, -181.802, 0.000, 3.892, 0.000, 0.000, 0.000, 0.000, 0.000
34.100, 0, Ego, -707.624, -378.366, 0.000, 3.892, 0.000, 0.000, 22.222, 0.000, 4.977
34.100, 1, Obstacle, -496.627, -181.802, 0.000, 3.892, 0.000, 0.000, 0.000, 0.000, 0.000
34.150, 0, Ego, -708.437, -379.123, 0.000, 3.892, 0.000, 0.000, 22.222, 0.000, 1.868
34.150, 1, Obstacle, -496.627, -181.802, 0.000, 3.892, 0.000, 0.000, 0.000, 0.000, 0.000
34.200, 0, Ego, -709.250, -379.881, 0.000, 3.892, 0.000, 0.000, 22.222, 0.000, 5.043
34.200, 1, Obstacle, -496.627, -181.802, 0.000, 3.892, 0.000, 0.000, 0.000, 0.000, 0.000
34.250, 0, Ego, -710.063, -380.638, 0.000, 3.892, 0.000, 0.000, 22.222, 0.000, 1.934
34.250, 1, Obstacle, -496.627, -181.802, 0.000, 3.892, 0.000, 0.000, 0.000, 0.000, 0.000
34.300, 0, Ego, -710.876, -381.395, 0.000, 3.892, 0.000, 0.000, 22.222, 0.000, 5.109
34.300, 1, Obstacle, -496.627, -181.802, 0.000, 3.892, 0.000, 0.000, 0.000, 0.000, 0.000
34.350, 0, Ego, -711.689, -382.153, 0.000, 3.892, 0.000, 0.000, 22.222, 0.000, 2.000
34.350, 1, Obstacle, -496.627, -181.802, 0.000, 3.892, 0.000, 0.000, 0.000, 0.000, 0.000
34.400, 0, Ego, -712.502, -382.910, 0.000, 3.892, 0.000, 0.000, 22.222, 0.000, 5.175
34.400, 1, Obstacle, -496.627, -181.802, 0.000, 3.892, 0.000, 0.000, 0.000, 0.000, 0.000
34.450, 0, Ego, -713.315, -383.668, 0.000, 3.892, 0.000, 0.000, 22.222, 0.000, 2.066
34.450, 1, Obstacle, -496.627, -181.802, 0.000, 3.892, 0.000, 0.000, 0.000, 0.000, 0.000
34.500, 0, Ego, -714.128, -384.425, 0.000, 3.892, 0.000, 0.000, 22.222, 0.000, 5.241
34.500, 1, Obstacle, -496.627, -181.802, 0.000, 3.892, 0.000, 0.000, 0.000, 0.000, 0.000
34.550, 0, Ego, -714.941, -385.182, 0.000, 3.892, 0.000, 0.000, 22.222, 0.000, 2.132
34.550, 1, Obstacle, -496.627, -181.802, 0.000, 3.892, 0.000, 0.000, 0.000, 0.000, 0.000
34.600, 0, Ego, -715.754, -385.940, 0.000, 3.892, 0.000, 0.000, 22.222, 0.000, 5.307
34.600, 1, Obstacle, -496.627, -181.802, 0.000, 3.892, 0.000, 0.000, 0.000, 0.000, 0.000
34.650, 0, Ego, -716.567, -386.697, 0.000, 3.892, 0.000, 0.000, 22.222, 0.000, 2.198
34.650, 1, Obstacle, -496.627, -181.802, 0.000, 3.892, 0.000, 0.000, 0.000, 0.000, 0.000
34.700, 0, Ego, -717.380, -387.454, 0.000, 3.892, 0.000, 0.000, 22.222, 0.000, 5.373
34.700, 1, Obstacle, -496.627, -181.802, 0.000, 3.892, 0.000, 0.000, 0.000, 0.000, 0.000
34.750, 0, Ego, -718.193, -388.212, 0.000, 3.892, 0.000, 0.000, 22.222, 0.000, 2.264
34.750, 1, Obstacle, -496.627, -181.802, 0.000, 3.892, 0.000, 0.000, 0.000, 0.000, 0.000
34.800, 0, Ego, -719.006, -388.969, 0.000, 3.892, 0.000, 0.000, 22.222, 0.000, 5.439
34.800, 1, Obstacle, -496.627, -181.802, 0.000, 3.892, 0.000, 0.000, 0.000, 0.000, 0.000
34.850, 0, Ego, -719.819, -389.727, 0.000, 3.892, 0.000, 0.000, 22.222, 0.000, 2.330
34.850, 1, Obstacle, -496.627, -181.802, 0.000, 3.892, 0.000, 0.000, 0.000, 0.000, 0.000
34.900, 0, Ego, -720.632, -390.484, 0.000, 3.892, 0.000, 0.000, 22.222, 0.000, 5.505
34.900, 1, Obstacle, -496.627, -181.802, 0.000, 3.892, 0.000, 0.000, 0.000, 0.000, 0.000
34.950, 0, Ego, -721.445, -391.241, 0.000, 3.892, 0.000, 0.000, 22.222, 0.000, 2.396
34.950, 1, Obstacle, -496.627, -181.802, 0.000, 3.892, 0.000, 0.000, 0.000, 0.000, 0.000
35.000, 0, Ego, -722.258, -391.999, 0.000, 3.892, 0.000, 0.000, 22.222, 0.000, 5.571
35.000, 1, Obstacle, -496.627, -181.802, 0.000, 3.892, 0.000, 0.000, 0.000, 0.000, 0.000
35.050, 0, Ego, -723.071, -392.756, 0.000, 3.892, 0.000, 0.000, 22.222, 0.000, 2.462
35.050, 1, Obstacle, -496.627, -181.802, 0.000, 3.892, 0.000, 0.000, 0.000, 0.000, 0.000
