time, id, name, x, y, z, h, p, r, speed, wheel_angle, wheel_rot
0.000, 0, Ego, -394.190, -86.372, 0.000, 3.892, 0.000, 0.000, 13.889, 0.000, 0.000
0.000, 1, Obstacle, -460.042, -147.720, 0.000, 3.892, 0.000, 0.000, 0.000, 0.000, 0.000
0.050, 0, Ego, -394.698, -86.846, 0.000, 3.892, 0.000, 0.000, 13.889, 0.000, 1.984
0.050, 1, Obstacle, -460.042, -147.720, 0.000, 3.892, 0.000, 0.000, 0.000, 0.000, 0.000
0.100, 0, Ego, -395.207, -87.319, 0.000, 3.892, 0.000, 0.000, 13.889, 0.000, 3.968
0.100, 1, Obstacle, -460.042, -147.720, 0.000, 3.892, 0.000, 0.000, 0.000, 0.000, 0.000
0.150, 0, Ego, -395.715, -87.792, 0.000, 3.892, 0.000, 0.000, 13.889, 0.000, 5.952
0.150, 1, Obstacle, -460.042, -147.720, 0.000, 3.892, 0.000, 0.000, 0.000, 0.000, 0.000
0.200, 0, Ego, -396.223, -88.266, 0.000, 3.892, 0.000, 0.000, 13.889, 0.000, 1.653
0.200, 1, Obstacle, -460.042, -147.720, 0.000, 3.892, 0.000, 0.000, 0.000, 0.000, 0.000
0.250, 0, Ego, -396.731, -88.739, 0.000, 3.892, 0.000, 0.000, 13.889, 0.000, 3.638
0.250, 1, Obstacle, -460.042, -147.720, 0.000, 3.892, 0.000, 0.000, 0.000, 0.000, 0.000
0.300, 0, Ego, -397.239, -89.212, 0.000, 3.892, 0.000, 0.000, 13.889, 0.000, 5.622
0.300, 1, Obstacle, -460.042, -147.720, 0.000, 3.892, 0.000, 0.000, 0.000, 0.000, 0.000
0.350, 0, Ego, -397.747, -89.686, 0.000, 3.892, 0.000, 0.000, 13.889, 0.000, 1.323
0.350, 1, Obstacle, -460.042, -147.720, 0.000, 3.892, 0.000, 0.000, 0.000, 0.000, 0.000
0.400, 0, Ego, -398.255, -90.159, 0.000, 3.892, 0.000, 0.000, 13.889, 0.000, 3.307
0.400, 1, Obstacle, -460.042, -147.720, 0.000, 3.892, 0.000, 0.000, 0.000, 0.000, 0.000
0.450, 0, Ego, -398.763, -90.633, 0.000, 3.892, 0.000, 0.000, 13.889, 0.000, 5.291
0.450, 1, Obstacle, -460.042, -147.720, 0.000, 3.892, 0.000, 0.000, 0.000, 0.000, 0.000
0.500, 0, Ego, -399.271, -91.106, 0.000, 3.892, 0.000, 0.000, 13.889, 0.000, 0.992
0.500, 1, Obstacle, -460.042, -147.720, 0.000, 3.892, 0.000, 0.000, 0.000, 0.000, 0.000
0.550, 0, Ego, -399.780, -91.579, 0.000, 3.892, 0.000, 0.000, 13.889, 0.000, 2.976
0.550, 1, Obstacle, -460.042, -147.720, 0.000, 3.892, 0.000, 0.000, 0.000, 0.000, 0.000
0.600, 0, Ego, -400.288, -92.053, 0.000, 3.892, 0.000, 0.000, 13.889, 0.000, 4.960
0.600, 1, Obstacle, -460.042, -147.720, 0.000, 3.892, 0.000, 0.000, 0.000, 0.000, 0.000
0.650, 0, Ego, -400.796, -92.526, 0.000, 3.892, 0.000, 0.000, 13.889, 0.000, 0.661
0.650, 1, Obstacle, -460.042, -147.720, 0.000, 3.892, 0.000, 0.000, 0.000, 0.000, 0.000
0.700, 0, Ego, -401.304, -92.999, 0.000, 3.892, 0.000, 0.000, 13.889, 0.000, 2.645
0.700, 1, Obstacle, -460.042, -147.720, 0.000, 3.892, 0.000, 0.000, 0.000, 0.000, 0.000
0.750, 0, Ego, -401.812, -93.473, 0.000, 3.892, 0.000, 0.000, 13.889, 0.000, 4.629
0.750, 1, Obstacle, -460.042, -147.720, 0.000, 3.892, 0.000, 0.000, 0.000, 0.000, 0.000
0.800, 0, Ego, -402.320, -93.946, 0.000, 3.892, 0.000, 0.000, 13.889, 0.000, 0.330
0.800, 1, Obstacle, -460.042, -147.720, 0.000, 3.892, 0.000, 0.000, 0.000, 0.000, 0.000
0.850, 0, Ego, -402.828, -94.419, 0.000, 3.892, 0.000, 0.000, 13.889, 0.000, 2.315
0.850, 1, Obstacle, -460.042, -147.720, 0.000, 3.892, 0.000, 0.000, 0.000, 0.000, 0.000
0.900, 0, Ego, -403.336, -94.893, 0.000, 3.892, 0.000, 0.000, 13.889, 0.000, 4.299
0.900, 1, Obstacle, -460.042, -147.720, 0.000, 3.892, 0.000, 0.000, 0.000, 0.000, 0.000
0.950, 0, Ego, -403.845, -95.366, 0.000, 3.892, 0.000, 0.000, 13.889, 0.000, 6.283
0.950, 1, Obstacle, -460.042, -147.720, 0.000, 3.892, 0.000, 0.000, 0.000, 0.000, 0.000
1.000, 0, Ego, -404.353, -95.840, 0.000, 3.892, 0.000, 0.000, 13.889, 0.000, 1.984
1.000, 1, Obstacle, -460.042, -147.720, 0.000, 3.892, 0.000, 0.000, 0.000, 0.000, 0.000
1.050, 0, Ego, -404.861, -96.313, 0.000, 3.892, 0.000, 0.000, 13.889, 0.000, 3.968
1.050, 1, Obstacle, -460.042, -147.720, 0.000, 3.892, 0.000, 0.000, 0.000, 0.000, 0.000
1.100, 0, Ego, -405.369, -96.786, 0.000, 3.892, 0.000, 0.000, 13.889, 0.000, 5.952
1.100, 1, Obstacle, -460.042, -147.720, 0.000, 3.892, 0.000, 0.000, 0.000, 0.000, 0.000
1.150, 0, Ego, -405.877, -97.260, 0.000, 3.892, 0.000, 0.000, 13.889, 0.000, 1.653
1.150, 1, Obstacle, -460.042, -147.720, 0.000, 3.892, 0.000, 0.000, 0.000, 0.000, 0.000
1.200, 0, Ego, -406.385, -97.733, 0.000, 3.892, 0.000, 0.000, 13.889, 0.000, 3.637
1.200, 1, Obstacle, -460.042, -147.720, 0.000, 3.892, 0.000, 0.000, 0.000, 0.000, 0.000
1.250, 0, Ego, -406.893, -98.206, 0.000, 3.892, 0.000, 0.000, 13.889, 0.000, 5.621
1.250, 1, Obstacle, -460.042, -147.720, 0.000, 3.892, 0.000, 0.000, 0.000, 0.000, 0.000
1.300, 0, Ego, -407.401, -98.680, 0.000, 3.892, 0.000, 0.000, 13.889, 0.000, 1.322
1.300, 1, Obstacle, -460.042, -147.720, 0.000, 3.892, 0.000, 0.000, 0.000, 0.000, 0.000
1.350, 0, Ego, -407.910, -99.153, 0.000, 3.892, 0.000, 0.000, 13.889, 0.000, 3.306
1.350, 1, Obstacle, -460.042, -147.720, 0.000, 3.892, 0.000, 0.000, 0.000, 0.000, 0.000
1.400, 0, Ego, -408.418, -99.626, 0.000, 3.892, 0.000, 0.000, 13.889, 0.000, 5.291
1.400, 1, Obstacle, -460.042, -147.720, 0.000, 3.892, 0.000, 0.000, 0.000, 0.000, 0.000
1.450, 0, Ego, -408.926, -100.100, 0.000, 3.892, 0.000, 0.000, 13.889, 0.000, 0.991
1.450, 1, Obstacle, -460.042, -147.720, 0.000, 3.892, 0.000, 0.000, 0.000, 0.000, 0.000
1.500, 0, Ego, -409.434, -100.573, 0.000, 3.892, 0.000, 0.000, 13.889, 0.000, 2.976
1.500, 1, Obstacle, -460.042, -147.720, 0.000, 3.892, 0.000, 0.000, 0.000, 0.000, 0.000
1.550, 0, Ego, -409.942, -101.047, 0.000, 3.892, 0.000, 0.000, 13.889, 0.000, 4.960
1.550, 1, Obstacle, -460.042, -147.720, 0.000, 3.892, 0.000, 0.000, 0.000, 0.000, 0.000
1.600, 0, Ego, -410.450, -101.520, 0.000, 3.892, 0.000, 0.000, 13.889, 0.000, 0.661
1.600, 1, Obstacle, -460.042, -147.720, 0.000, 3.892, 0.000, 0.000, 0.000, 0.000, 0.000
1.650, 0, Ego, -410.958, -101.993, 0.000, 3.892, 0.000, 0.000, 13.889, 0.000, 2.645
1.650, 1, Obstacle, -460.042, -147.720, 0.000, 3.892, 0.000, 0.000, 0.000, 0.000, 0.000
1.700, 0, Ego, -411.466, -102.467, 0.000, 3.892, 0.000, 0.000, 13.889, 0.000, 4.629
1.700, 1, Obstacle, -460.042, -147.720, 0.000, 3.892, 0.000, 0.000, 0.000, 0.000, 0.000
1.750, 0, Ego, -411.975, -102.940, 0.000, 3.892, 0.000, 0.000, 13.889, 0.000, 0.330
1.750, 1, Obstacle, -460.042, -147.720, 0.000, 3.892, 0.000, 0.000, 0.000, 0.000, 0.000
1.800, 0, Ego, -412.483, -103.413, 0.000, 3.892, 0.000, 0.000, 13.889, 0.000, 2.314
1.800, 1, Obstacle, -460.042, -147.720, 0.000, 3.892, 0.000, 0.000, 0.000, 0.000, 0.000
1.850, 0, Ego, -412.991, -103.887, 0.000, 3.892, 0.000, 0.000, 13.889, 0.000, 4.298
1.850, 1, Obstacle, -460.042, -147.720, 0.000, 3.892, 0.000, 0.000, 0.000, 0.000, 0.000
1.900, 0, Ego, -413.499, -104.360, 0.000, 3.892, 0.000, 0.000, 13.889, 0.000, 6.282
1.900, 1, Obstacle, -460.042, -147.720, 0.000, 3.892, 0.000, 0.000, 0.000, 0.000, 0.000
1.950, 0, Ego, -414.007, -104.833, 0.000, 3.892, 0.000, 0.000, 13.889, 0.000, 1.983
1.950, 1, Obstacle, -460.042, -147.720, 0.000, 3.892, 0.000, 0.000, 0.000, 0.000, 0.000
2.000, 0, Ego, -414.515, -105.307, 0.000, 3.892, 0.000, 0.000, 13.889, 0.000, 3.967
2.000, 1, Obstacle, -460.042, -147.720, 0.000, 3.892, 0.000, 0.000, 0.000, 0.000, 0.000
2.050, 0, Ego, -415.023, -105.780, 0.000, 3.892, 0.000, 0.000, 13.889, 0.000, 5.952
2.050, 1, Obstacle, -460.042, -147.720, 0.000, 3.892, 0.000, 0.000, 0.000, 0.000, 0.000
2.100, 0, Ego, -415.531, -106.254, 0.000, 3.892, 0.000, 0.000, 13.889, 0.000, 1.653
2.100, 1, Obstacle, -460.042, -147.720, 0.000, 3.892, 0.000, 0.000, 0.000, 0.000, 0.000
2.150, 0, Ego, -416.039, -106.727, 0.000, 3.892, 0.000, 0.000, 13.889, 0.000, 3.637
2.150, 1, Obstacle, -460.042, -147.720, 0.000, 3.892, 0.000, 0.000, 0.000, 0.000, 0.000
2.200, 0, Ego, -416.548, -107.200, 0.000, 3.892, 0.000, 0.000, 13.889, 0.000, 5.621
2.200, 1, Obstacle, -460.042, -147.720, 0.000, 3.892, 0.000, 0.000, 0.000, 0.000, 0.000
2.250, 0, Ego, -417.056, -107.674, 0.000, 3.892, 0.000, 0.000, 13.889, 0.000, 1.322
2.250, 1, Obstacle, -460.042, -147.720, 0.000, 3.892, 0.000, 0.000, 0.000, 0.000, 0.000
2.300, 0, Ego, -417.564, -108.147, 0.000, 3.892, 0.000, 0.000, 13.889, 0.000, 3.306
2.300, 1, Obstacle, -460.042, -147.720, 0.000, 3.892, 0.000, 0.000, 0.000, 0.000, 0.000
2.350, 0, Ego, -418.072, -108.620, 0.000, 3.892, 0.000, 0.000, 13.889, 0.000, 5.290
2.350, 1, Obstacle, -460.042, -147.720, 0.000, 3.892, 0.000, 0.000, 0.000, 0.000, 0.000
2.400, 0, Ego, -418.580, -109.094, 0.000, 3.892, 0.000, 0.000, 13.889, 0.000, 0.991
2.400, 1, Obstacle, -460.042, -147.720, 0.000, 3.892, 0.000, 0.000, 0.000, 0.000, 0.000
2.450, 0, Ego, -419.088, -109.567, 0.000, 3.892, 0.000, 0.000, 13.889, 0.000, 2.975
2.450, 1, Obstacle, -460.042, -147.720, 0.000, 3.892, 0.000, 0.000, 0.000, 0.000, 0.000
2.500, 0, Ego, -419.596, -110.040, 0.000, 3.892, 0.000, 0.000, 13.889, 0.000, 4.959
2.500, 1, Obstacle, -460.042, -147.720, 0.000, 3.892, 0.000, 0.000, 0.000, 0.000, 0.000
2.550, 0, Ego, -420.104, -110.514, 0.000, 3.892, 0.000, 0.000, 13.889, 0.000, 0.660
2.550, 1, Obstacle, -460.042, -147.720, 0.000, 3.892, 0.000, 0.000, 0.000, 0.000, 0.000
2.600, 0, Ego, -420.613, -110.987, 0.000, 3.892, 0.000, 0.000, 13.889, 0.000, 2.644
2.600, 1, Obstacle, -460.042, -147.720, 0.000, 3.892, 0.000, 0.000, 0.000, 0.000, 0.000
2.650, 0, Ego, -421.121, -111.461, 0.000, 3.892, 0.000, 0.000, 13.889, 0.000, 4.629
2.650, 1, Obstacle, -460.042, -147.720, 0.000, 3.892, 0.000, 0.000, 0.000, 0.000, 0.000
2.700, 0, Ego, -421.629, -111.934, 0.000, 3.892, 0.000, 0.000, 13.889, 0.000, 0.330
2.700, 1, Obstacle, -460.042, -147.720, 0.000, 3.892, 0.000, 0.000, 0.000, 0.000, 0.000
2.750, 0, Ego, -422.137, -112.407, 0.000, 3.892, 0.000, 0.000, 13.889, 0.000, 2.314
2.750, 1, Obstacle, -460.042, -147.720, 0.000, 3.892, 0.000, 0.000, 0.000, 0.000, 0.000
2.800, 0, Ego, -422.645, -112.881, 0.000, 3.892, 0.000, 0.000, 13.889, 0.000, 4.298
2.800, 1, Obstacle, -460.042, -147.720, 0.000, 3.892, 0.000, 0.000, 0.000, 0.000, 0.000
2.850, 0, Ego, -423.153, -113.354, 0.000, 3.892, 0.000, 0.000, 13.889, 0.000, 6.282
2.850, 1, Obstacle, -460.042, -147.720, 0.000, 3.892, 0.000, 0.000, 0.000, 0.000, 0.000
2.900, 0, Ego, -423.661, -113.827, 0.000, 3.892, 0.000, 0.000, 13.889, 0.000, 1.983
2.900, 1, Obstacle, -460.042, -147.720, 0.000, 3.892, 0.000, 0.000, 0.000, 0.000, 0.000
2.950, 0, Ego, -424.169, -114.301, 0.000, 3.892, 0.000, 0.000, 13.889, 0.000, 3.967
2.950, 1, Obstacle, -460.042, -147.720, 0.000, 3.892, 0.000, 0.000, 0.000, 0.000, 0.000
3.000, 0, Ego, -424.678, -114.774, 0.000, 3.892, 0.000, 0.000, 13.889, 0.000, 5.951
3.000, 1, Obstacle, -460.042, -147.720, 0.000, 3.892, 0.000, 0.000, 0.000, 0.000, 0.000
3.050, 0, Ego, -425.186, -115.247, 0.000, 3.892, 0.000, 0.000, 13.889, 0.000, 1.652
3.050, 1, Obstacle, -460.042, -147.720, 0.000, 3.892, 0.000, 0.000, 0.000, 0.000, 0.000
3.100, 0, Ego, -425.694, -115.721, 0.000, 3.892, 0.000, 0.000, 13.889, 0.000, 3.636
3.100, 1, Obstacle, -460.042, -147.720, 0.000, 3.892, 0.000, 0.000, 0.000, 0.000, 0.000
3.150, 0, Ego, -426.202, -116.194, 0.000, 3.892, 0.000, 0.000, 13.889, 0.000, 5.620
3.150, 1, Obstacle, -460.042, -147.720, 0.000, 3.892, 0.000, 0.000, 0.000, 0.000, 0.000
3.200, 0, Ego, -426.710, -116.668, 0.000, 3.892, 0.000, 0.000, 13.889, 0.000, 1.321
3.200, 1, Obstacle, -460.042, -147.720, 0.000, 3.892, 0.000, 0.000, 0.000, 0.000, 0.000
3.250, 0, Ego, -427.211, -117.134, 0.000, 3.892, 0.000, 0.000, 13.689, 0.000, 3.277
3.250, 1, Obstacle, -460.042, -147.720, 0.000, 3.892, 0.000, 0.000, 0.000, 0.000, 0.000
3.300, 0, Ego, -427.704, -117.594, 0.000, 3.892, 0.000, 0.000, 13.489, 0.000, 5.204
3.300, 1, Obstacle, -460.042, -147.720, 0.000, 3.892, 0.000, 0.000, 0.000, 0.000, 0.000
3.350, 0, Ego, -428.190, -118.047, 0.000, 3.892, 0.000, 0.000, 13.289, 0.000, 0.819
3.350, 1, Obstacle, -460.042, -147.720, 0.000, 3.892, 0.000, 0.000, 0.000, 0.000, 0.000
3.400, 0, Ego, -428.669, -118.493, 0.000, 3.892, 0.000, 0.000, 13.089, 0.000, 2.689
3.400, 1, Obstacle, -460.042, -147.720, 0.000, 3.892, 0.000, 0.000, 0.000, 0.000, 0.000
3.450, 0, Ego, -429.141, -118.932, 0.000, 3.892, 0.000, 0.000, 12.889, 0.000, 4.530
3.450, 1, Obstacle, -460.042, -147.720, 0.000, 3.892, 0.000, 0.000, 0.000, 0.000, 0.000
3.500, 0, Ego, -429.605, -119.365, 0.000, 3.892, 0.000, 0.000, 12.689, 0.000, 0.060
3.500, 1, Obstacle, -460.042, -147.720, 0.000, 3.892, 0.000, 0.000, 0.000, 0.000, 0.000
3.550, 0, Ego, -430.062, -119.790, 0.000, 3.892, 0.000, 0.000, 12.489, 0.000, 1.844
3.550, 1, Obstacle, -460.042, -147.720, 0.000, 3.892, 0.000, 0.000, 0.000, 0.000, 0.000
3.600, 0, Ego, -430.512, -120.209, 0.000, 3.892, 0.000, 0.000, 12.289, 0.000, 3.600
3.600, 1, Obstacle, -460.042, -147.720, 0.000, 3.892, 0.000, 0.000, 0.000, 0.000, 0.000
3.650, 0, Ego, -430.954, -120.621, 0.000, 3.892, 0.000, 0.000, 12.089, 0.000, 5.327
3.650, 1, Obstacle, -460.042, -147.720, 0.000, 3.892, 0.000, 0.000, 0.000, 0.000, 0.000
3.700, 0, Ego, -431.389, -121.026, 0.000, 3.892, 0.000, 0.000, 11.889, 0.000, 0.742
3.700, 1, Obstacle, -460.042, -147.720, 0.000, 3.892, 0.000, 0.000, 0.000, 0.000, 0.000
3.750, 0, Ego, -431.816, -121.425, 0.000, 3.892, 0.000, 0.000, 11.689, 0.000, 2.412
3.750, 1, Obstacle, -460.042, -147.720, 0.000, 3.892, 0.000, 0.000, 0.000, 0.000, 0.000
3.800, 0, Ego, -432.237, -121.816, 0.000, 3.892, 0.000, 0.000, 11.489, 0.000, 4.053
3.800, 1, Obstacle, -460.042, -147.720, 0.000, 3.892, 0.000, 0.000, 0.000, 0.000, 0.000
3.850, 0, Ego, -432.650, -122.201, 0.000, 3.892, 0.000, 0.000, 11.289, 0.000, 5.666
3.850, 1, Obstacle, -460.042, -147.720, 0.000, 3.892, 0.000, 0.000, 0.000, 0.000, 0.000
3.900, 0, Ego, -433.055, -122.579, 0.000, 3.892, 0.000, 0.000, 11.089, 0.000, 0.967
3.900, 1, Obstacle, -460.042, -147.720, 0.000, 3.892, 0.000, 0.000, 0.000, 0.000, 0.000
3.950, 0, Ego, -433.454, -122.950, 0.000, 3.892, 0.000, 0.000, 10.889, 0.000, 2.522
3.950, 1, Obstacle, -460.042, -147.720, 0.000, 3.892, 0.000, 0.000, 0.000, 0.000, 0.000
4.000, 0, Ego, -433.845, -123.314, 0.000, 3.892, 0.000, 0.000, 10.689, 0.000, 4.049
4.000, 1, Obstacle, -460.042, -147.720, 0.000, 3.892, 0.000, 0.000, 0.000, 0.000, 0.000
4.050, 0, Ego, -434.229, -123.672, 0.000, 3.892, 0.000, 0.000, 10.489, 0.000, 5.548
4.050, 1, Obstacle, -460.042, -147.720, 0.000, 3.892, 0.000, 0.000, 0.000, 0.000, 0.000
4.100, 0, Ego, -434.605, -124.022, 0.000, 3.892, 0.000, 0.000, 10.289, 0.000, 0.734
4.100, 1, Obstacle, -460.042, -147.720, 0.000, 3.892, 0.000, 0.000, 0.000, 0.000, 0.000
4.150, 0, Ego, -434.974, -124.366, 0.000, 3.892, 0.000, 0.000, 10.089, 0.000, 2.176
4.150, 1, Obstacle, -460.042, -147.720, 0.000, 3.892, 0.000, 0.000, 0.000, 0.000, 0.000
4.200, 0, Ego, -435.336, -124.703, 0.000, 3.892, 0.000, 0.000, 9.889, 0.000, 3.588
4.200, 1, Obstacle, -460.042, -147.720, 0.000, 3.892, 0.000, 0.000, 0.000, 0.000, 0.000
4.250, 0, Ego, -435.690, -125.034, 0.000, 3.892, 0.000, 0.000, 9.689, 0.000, 4.973
4.250, 1, Obstacle, -460.042, -147.720, 0.000, 3.892, 0.000, 0.000, 0.000, 0.000, 0.000
4.300, 0, Ego, -436.038, -125.357, 0.000, 3.892, 0.000, 0.000, 9.489, 0.000, 0.045
4.300, 1, Obstacle, -460.042, -147.720, 0.000, 3.892, 0.000, 0.000, 0.000, 0.000, 0.000
4.350, 0, Ego, -436.378, -125.674, 0.000, 3.892, 0.000, 0.000, 9.294, 0.000, 1.373
4.350, 1, Obstacle, -460.042, -147.720, 0.000, 3.892, 0.000, 0.000, 0.000, 0.000, 0.000
4.400, 0, Ego, -436.711, -125.984, 0.000, 3.892, 0.000, 0.000, 9.112, 0.000, 2.674
4.400, 1, Obstacle, -460.042, -147.720, 0.000, 3.892, 0.000, 0.000, 0.000, 0.000, 0.000
4.450, 0, Ego, -437.038, -126.289, 0.000, 3.892, 0.000, 0.000, 8.941, 0.000, 3.952
4.450, 1, Obstacle, -460.042, -147.720, 0.000, 3.892, 0.000, 0.000, 0.000, 0.000, 0.000
4.500, 0, Ego, -437.359, -126.588, 0.000, 3.892, 0.000, 0.000, 8.778, 0.000, 5.206
4.500, 1, Obstacle, -460.042, -147.720, 0.000, 3.892, 0.000, 0.000, 0.000, 0.000, 0.000
4.550, 0, Ego, -437.675, -126.882, 0.000, 3.892, 0.000, 0.000, 8.623, 0.000, 0.155
4.550, 1, Obstacle, -460.042, -147.720, 0.000, 3.892, 0.000, 0.000, 0.000, 0.000, 0.000
4.600, 0, Ego, -437.985, -127.171, 0.000, 3.892, 0.000, 0.000, 8.475, 0.000, 1.365
4.600, 1, Obstacle, -460.042, -147.720, 0.000, 3.892, 0.000, 0.000, 0.000, 0.000, 0.000
4.650, 0, Ego, -438.290, -127.455, 0.000, 3.892, 0.000, 0.000, 8.332, 0.000, 2.556
4.650, 1, Obstacle, -460.042, -147.720, 0.000, 3.892, 0.000, 0.000, 0.000, 0.000, 0.000
4.700, 0, Ego, -438.589, -127.734, 0.000, 3.892, 0.000, 0.000, 8.194, 0.000, 3.726
4.700, 1, Obstacle, -460.042, -147.720, 0.000, 3.892, 0.000, 0.000, 0.000, 0.000, 0.000
4.750, 0, Ego, -438.884, -128.009, 0.000, 3.892, 0.000, 0.000, 8.061, 0.000, 4.878
4.750, 1, Obstacle, -460.042, -147.720, 0.000, 3.892, 0.000, 0.000, 0.000, 0.000, 0.000
4.800, 0, Ego, -439.174, -128.279, 0.000, 3.892, 0.000, 0.000, 7.931, 0.000, 6.011
4.800, 1, Obstacle, -460.042, -147.720, 0.000, 3.892, 0.000, 0.000, 0.000, 0.000, 0.000
4.850, 0, Ego, -439.460, -128.545, 0.000, 3.892, 0.000, 0.000, 7.805, 0.000, 0.843
4.850, 1, Obstacle, -460.042, -147.720, 0.000, 3.892, 0.000, 0.000, 0.000, 0.000, 0.000
4.900, 0, Ego, -439.741, -128.807, 0.000, 3.892, 0.000, 0.000, 7.681, 0.000, 1.940
4.900, 1, Obstacle, -460.042, -147.720, 0.000, 3.892, 0.000, 0.000, 0.000, 0.000, 0.000
4.950, 0, Ego, -440.018, -129.065, 0.000, 3.892, 0.000, 0.000, 7.561, 0.000, 3.020
4.950, 1, Obstacle, -460.042, -147.720, 0.000, 3.892, 0.000, 0.000, 0.000, 0.000, 0.000
5.000, 0, Ego, -440.290, -129.318, 0.000, 3.892, 0.000, 0.000, 7.443, 0.000, 4.083
5.000, 1, Obstacle, -460.042, -147.720, 0.000, 3.892, 0.000, 0.000, 0.000, 0.000, 0.000
5.050, 0, Ego, -440.558, -129.568, 0.000, 3.892, 0.000, 0.000, 7.327, 0.000, 5.130
5.050, 1, Obstacle, -460.042, -147.720, 0.000, 3.892, 0.000, 0.000, 0.000, 0.000, 0.000
5.100, 0, Ego, -440.822, -129.814, 0.000, 3.892, 0.000, 0.000, 7.213, 0.000, 6.160
5.100, 1, Obstacle, -460.042, -147.720, 0.000, 3.892, 0.000, 0.000, 0.000, 0.000, 0.000
5.150, 0, Ego, -441.082, -130.056, 0.000, 3.892, 0.000, 0.000, 7.101, 0.000, 0.892
5.150, 1, Obstacle, -460.042, -147.720, 0.000, 3.892, 0.000, 0.000, 0.000, 0.000, 0.000
5.200, 0, Ego, -441.337, -130.294, 0.000, 3.892, 0.000, 0.000, 6.992, 0.000, 1.891
5.200, 1, Obstacle, -460.042, -147.720, 0.000, 3.892, 0.000, 0.000, 0.000, 0.000, 0.000
5.250, 0, Ego, -441.589, -130.529, 0.000, 3.892, 0.000, 0.000, 6.884, 0.000, 2.874
5.250, 1, Obstacle, -460.042, -147.720, 0.000, 3.892, 0.000, 0.000, 0.000, 0.000, 0.000
5.300, 0, Ego, -441.837, -130.760, 0.000, 3.892, 0.000, 0.000, 6.777, 0.000, 3.842
5.300, 1, Obstacle, -460.042, -147.720, 0.000, 3.892, 0.000, 0.000, 0.000, 0.000, 0.000
5.350, 0, Ego, -442.081, -130.987, 0.000, 3.892, 0.000, 0.000, 6.673, 0.000, 4.795
5.350, 1, Obstacle, -460.042, -147.720, 0.000, 3.892, 0.000, 0.000, 0.000, 0.000, 0.000
5.400, 0, Ego, -442.322, -131.211, 0.000, 3.892, 0.000, 0.000, 6.569, 0.000, 5.734
5.400, 1, Obstacle, -460.042, -147.720, 0.000, 3.892, 0.000, 0.000, 0.000, 0.000, 0.000
5.450, 0, Ego, -442.558, -131.432, 0.000, 3.892, 0.000, 0.000, 6.468, 0.000, 0.375
5.450, 1, Obstacle, -460.042, -147.720, 0.000, 3.892, 0.000, 0.000, 0.000, 0.000, 0.000
5.500, 0, Ego, -442.791, -131.649, 0.000, 3.892, 0.000, 0.000, 6.368, 0.000, 1.284
5.500, 1, Obstacle, -460.042, -147.720, 0.000, 3.892, 0.000, 0.000, 0.000, 0.000, 0.000
5.550, 0, Ego, -443.021, -131.862, 0.000, 3.892, 0.000, 0.000, 6.269, 0.000, 2.180
5.550, 1, Obstacle, -460.042, -147.720, 0.000, 3.892, 0.000, 0.000, 0.000, 0.000, 0.000
5.600, 0, Ego, -443.246, -132.073, 0.000, 3.892, 0.000, 0.000, 6.171, 0.000, 3.061
5.600, 1, Obstacle, -460.042, -147.720, 0.000, 3.892, 0.000, 0.000, 0.000, 0.000, 0.000
5.650, 0, Ego, -443.469, -132.280, 0.000, 3.892, 0.000, 0.000, 6.075, 0.000, 3.929
5.650, 1, Obstacle, -460.042, -147.720, 0.000, 3.892, 0.000, 0.000, 0.000, 0.000, 0.000
5.700, 0, Ego, -443.687, -132.484, 0.000, 3.892, 0.000, 0.000, 5.981, 0.000, 4.784
5.700, 1, Obstacle, -460.042, -147.720, 0.000, 3.892, 0.000, 0.000, 0.000, 0.000, 0.000
5.750, 0, Ego, -443.903, -132.684, 0.000, 3.892, 0.000, 0.000, 5.887, 0.000, 5.625
5.750, 1, Obstacle, -460.042, -147.720, 0.000, 3.892, 0.000, 0.000, 0.000, 0.000, 0.000
5.800, 0, Ego, -444.115, -132.882, 0.000, 3.892, 0.000, 0.000, 5.795, 0.000, 0.169
5.800, 1, Obstacle, -460.042, -147.720, 0.000, 3.892, 0.000, 0.000, 0.000, 0.000, 0.000
5.850, 0, Ego, -444.323, -133.076, 0.000, 3.892, 0.000, 0.000, 5.704, 0.000, 0.984
5.850, 1, Obstacle, -460.042, -147.720, 0.000, 3.892, 0.000, 0.000, 0.000, 0.000, 0.000
5.900, 0, Ego, -444.529, -133.268, 0.000, 3.892, 0.000, 0.000, 5.615, 0.000, 1.786
5.900, 1, Obstacle, -460.042, -147.720, 0.000, 3.892, 0.000, 0.000, 0.000, 0.000, 0.000
5.950, 0, Ego, -444.731, -133.456, 0.000, 3.892, 0.000, 0.000, 5.526, 0.000, 2.576
5.950, 1, Obstacle, -460.042, -147.720, 0.000, 3.892, 0.000, 0.000, 0.000, 0.000, 0.000
6.000, 0, Ego, -444.930, -133.641, 0.000, 3.892, 0.000, 0.000, 5.439, 0.000, 3.353
6.000, 1, Obstacle, -460.042, -147.720, 0.000, 3.892, 0.000, 0.000, 0.000, 0.000, 0.000
6.050, 0, Ego, -445.126, -133.824, 0.000, 3.892, 0.000, 0.000, 5.353, 0.000, 4.118
6.050, 1, Obstacle, -460.042, -147.720, 0.000, 3.892, 0.000, 0.000, 0.000, 0.000, 0.000
6.100, 0, Ego, -445.319, -134.003, 0.000, 3.892, 0.000, 0.000, 5.269, 0.000, 4.870
6.100, 1, Obstacle, -460.042, -147.720, 0.000, 3.892, 0.000, 0.000, 0.000, 0.000, 0.000
6.150, 0, Ego, -445.508, -134.180, 0.000, 3.892, 0.000, 0.000, 5.185, 0.000, 5.611
6.150, 1, Obstacle, -460.042, -147.720, 0.000, 3.892, 0.000, 0.000, 0.000, 0.000, 0.000
6.200, 0, Ego, -445.695, -134.354, 0.000, 3.892, 0.000, 0.000, 5.103, 0.000, 0.057
6.200, 1, Obstacle, -460.042, -147.720, 0.000, 3.892, 0.000, 0.000, 0.000, 0.000, 0.000
6.250, 0, Ego, -445.879, -134.525, 0.000, 3.892, 0.000, 0.000, 5.021, 0.000, 0.774
6.250, 1, Obstacle, -460.042, -147.720, 0.000, 3.892, 0.000, 0.000, 0.000, 0.000, 0.000
6.300, 0, Ego, -446.059, -134.693, 0.000, 3.892, 0.000, 0.000, 4.941, 0.000, 1.480
6.300, 1, Obstacle, -460.042, -147.720, 0.000, 3.892, 0.000, 0.000, 0.000, 0.000, 0.000
6.350, 0, Ego, -446.237, -134.859, 0.000, 3.892, 0.000, 0.000, 4.862, 0.000, 2.175
6.350, 1, Obstacle, -460.042, -147.720, 0.000, 3.892, 0.000, 0.000, 0.000, 0.000, 0.000
6.400, 0, Ego, -446.412, -135.022, 0.000, 3.892, 0.000, 0.000, 4.784, 0.000, 2.858
6.400, 1, Obstacle, -460.042, -147.720, 0.000, 3.892, 0.000, 0.000, 0.000, 0.000, 0.000
6.450, 0, Ego, -446.585, -135.183, 0.000, 3.892, 0.000, 0.000, 4.707, 0.000, 3.530
6.450, 1, Obstacle, -460.042, -147.720, 0.000, 3.892, 0.000, 0.000, 0.000, 0.000, 0.000
6.500, 0, Ego, -446.754, -135.340, 0.000, 3.892, 0.000, 0.000, 4.631, 0.000, 4.192
6.500, 1, Obstacle, -460.042, -147.720, 0.000, 3.892, 0.000, 0.000, 0.000, 0.000, 0.000
6.550, 0, Ego, -446.921, -135.496, 0.000, 3.892, 0.000, 0.000, 4.557, 0.000, 4.843
6.550, 1, Obstacle, -460.042, -147.720, 0.000, 3.892, 0.000, 0.000, 0.000, 0.000, 0.000
6.600, 0, Ego, -447.085, -135.648, 0.000, 3.892, 0.000, 0.000, 4.483, 0.000, 5.483
6.600, 1, Obstacle, -460.042, -147.720, 0.000, 3.892, 0.000, 0.000, 0.000, 0.000, 0.000
6.650, 0, Ego, -447.246, -135.799, 0.000, 3.892, 0.000, 0.000, 4.410, 0.000, 6.113
6.650, 1, Obstacle, -460.042, -147.720, 0.000, 3.892, 0.000, 0.000, 0.000, 0.000, 0.000
6.700, 0, Ego, -447.405, -135.947, 0.000, 3.892, 0.000, 0.000, 4.339, 0.000, 0.450
6.700, 1, Obstacle, -460.042, -147.720, 0.000, 3.892, 0.000, 0.000, 0.000, 0.000, 0.000
6.750, 0, Ego, -447.561, -136.092, 0.000, 3.892, 0.000, 0.000, 4.268, 0.000, 1.060
6.750, 1, Obstacle, -460.042, -147.720, 0.000, 3.892, 0.000, 0.000, 0.000, 0.000, 0.000
6.800, 0, Ego, -447.715, -136.235, 0.000, 3.892, 0.000, 0.000, 4.198, 0.000, 1.660
6.800, 1, Obstacle, -460.042, -147.720, 0.000, 3.892, 0.000, 0.000, 0.000, 0.000, 0.000
6.850, 0, Ego, -447.866, -136.376, 0.000, 3.892, 0.000, 0.000, 4.130, 0.000, 2.250
6.850, 1, Obstacle, -460.042, -147.720, 0.000, 3.892, 0.000, 0.000, 0.000, 0.000, 0.000
6.900, 0, Ego, -448.014, -136.514, 0.000, 3.892, 0.000, 0.000, 4.062, 0.000, 2.830
6.900, 1, Obstacle, -460.042, -147.720, 0.000, 3.892, 0.000, 0.000, 0.000, 0.000, 0.000
6.950, 0, Ego, -448.160, -136.651, 0.000, 3.892, 0.000, 0.000, 3.996, 0.000, 3.401
6.950, 1, Obstacle, -460.042, -147.720, 0.000, 3.892, 0.000, 0.000, 0.000, 0.000, 0.000
7.000, 0, Ego, -448.304, -136.785, 0.000, 3.892, 0.000, 0.000, 3.930, 0.000, 3.962
7.000, 1, Obstacle, -460.042, -147.720, 0.000, 3.892, 0.000, 0.000, 0.000, 0.000, 0.000
7.050, 0, Ego, -448.446, -136.916, 0.000, 3.892, 0.000, 0.000, 3.865, 0.000, 4.514
7.050, 1, Obstacle, -460.042, -147.720, 0.000, 3.892, 0.000, 0.000, 0.000, 0.000, 0.000
7.100, 0, Ego, -448.585, -137.046, 0.000, 3.892, 0.000, 0.000, 3.802, 0.000, 5.057
7.100, 1, Obstacle, -460.042, -147.720, 0.000, 3.892, 0.000, 0.000, 0.000, 0.000, 0.000
7.150, 0, Ego, -448.721, -137.173, 0.000, 3.892, 0.000, 0.000, 3.739, 0.000, 5.591
7.150, 1, Obstacle, -460.042, -147.720, 0.000, 3.892, 0.000, 0.000, 0.000, 0.000, 0.000
7.200, 0, Ego, -448.856, -137.299, 0.000, 3.892, 0.000, 0.000, 3.677, 0.000, 6.117
7.200, 1, Obstacle, -460.042, -147.720, 0.000, 3.892, 0.000, 0.000, 0.000, 0.000, 0.000
7.250, 0, Ego, -448.988, -137.422, 0.000, 3.892, 0.000, 0.000, 3.616, 0.000, 0.350
7.250, 1, Obstacle, -460.042, -147.720, 0.000, 3.892, 0.000, 0.000, 0.000, 0.000, 0.000
7.300, 0, Ego, -449.118, -137.543, 0.000, 3.892, 0.000, 0.000, 3.556, 0.000, 0.858
7.300, 1, Obstacle, -460.042, -147.720, 0.000, 3.892, 0.000, 0.000, 0.000, 0.000, 0.000
7.350, 0, Ego, -449.246, -137.662, 0.000, 3.892, 0.000, 0.000, 3.497, 0.000, 1.358
7.350, 1, Obstacle, -460.042, -147.720, 0.000, 3.892, 0.000, 0.000, 0.000, 0.000, 0.000
7.400, 0, Ego, -449.372, -137.779, 0.000, 3.892, 0.000, 0.000, 3.438, 0.000, 1.849
7.400, 1, Obstacle, -460.042, -147.720, 0.000, 3.892, 0.000, 0.000, 0.000, 0.000, 0.000
7.450, 0, Ego, -449.496, -137.895, 0.000, 3.892, 0.000, 0.000, 3.381, 0.000, 2.332
7.450, 1, Obstacle, -460.042, -147.720, 0.000, 3.892, 0.000, 0.000, 0.000, 0.000, 0.000
7.500, 0, Ego, -449.617, -138.008, 0.000, 3.892, 0.000, 0.000, 3.325, 0.000, 2.807
7.500, 1, Obstacle, -460.042, -147.720, 0.000, 3.892, 0.000, 0.000, 0.000, 0.000, 0.000
7.550, 0, Ego, -449.737, -138.119, 0.000, 3.892, 0.000, 0.000, 3.269, 0.000, 3.274
7.550, 1, Obstacle, -460.042, -147.720, 0.000, 3.892, 0.000, 0.000, 0.000, 0.000, 0.000
7.600, 0, Ego, -449.855, -138.229, 0.000, 3.892, 0.000, 0.000, 3.214, 0.000, 3.733
7.600, 1, Obstacle, -460.042, -147.720, 0.000, 3.892, 0.000, 0.000, 0.000, 0.000, 0.000
7.650, 0, Ego, -449.970, -138.337, 0.000, 3.892, 0.000, 0.000, 3.160, 0.000, 4.184
7.650, 1, Obstacle, -460.042, -147.720, 0.000, 3.892, 0.000, 0.000, 0.000, 0.000, 0.000
7.700, 0, Ego, -450.084, -138.442, 0.000, 3.892, 0.000, 0.000, 3.107, 0.000, 4.628
7.700, 1, Obstacle, -460.042, -147.720, 0.000, 3.892, 0.000, 0.000, 0.000, 0.000, 0.000
7.750, 0, Ego, -450.196, -138.547, 0.000, 3.892, 0.000, 0.000, 3.054, 0.000, 5.065
7.750, 1, Obstacle, -460.042, -147.720, 0.000, 3.892, 0.000, 0.000, 0.000, 0.000, 0.000
7.800, 0, Ego, -450.305, -138.649, 0.000, 3.892, 0.000, 0.000, 3.003, 0.000, 5.494
7.800, 1, Obstacle, -460.042, -147.720, 0.000, 3.892, 0.000, 0.000, 0.000, 0.000, 0.000
7.850, 0, Ego, -450.413, -138.750, 0.000, 3.892, 0.000, 0.000, 2.952, 0.000, 5.915
7.850, 1, Obstacle, -460.042, -147.720, 0.000, 3.892, 0.000, 0.000, 0.000, 0.000, 0.000
7.900, 0, Ego, -450.520, -138.848, 0.000, 3.892, 0.000, 0.000, 2.902, 0.000, 0.047
7.900, 1, Obstacle, -460.042, -147.720, 0.000, 3.892, 0.000, 0.000, 0.000, 0.000, 0.000
7.950, 0, Ego, -450.624, -138.946, 0.000, 3.892, 0.000, 0.000, 2.853, 0.000, 0.454
7.950, 1, Obstacle, -460.042, -147.720, 0.000, 3.892, 0.000, 0.000, 0.000, 0.000, 0.000
8.000, 0, Ego, -450.727, -139.041, 0.000, 3.892, 0.000, 0.000, 2.804, 0.000, 0.855
8.000, 1, Obstacle, -460.042, -147.720, 0.000, 3.892, 0.000, 0.000, 0.000, 0.000, 0.000
8.050, 0, Ego, -450.827, -139.135, 0.000, 3.892, 0.000, 0.000, 2.757, 0.000, 1.249
8.050, 1, Obstacle, -460.042, -147.720, 0.000, 3.892, 0.000, 0.000, 0.000, 0.000, 0.000
8.100, 0, Ego, -450.927, -139.228, 0.000, 3.892, 0.000, 0.000, 2.710, 0.000, 1.636
8.100, 1, Obstacle, -460.042, -147.720, 0.000, 3.892, 0.000, 0.000, 0.000, 0.000, 0.000
8.150, 0, Ego, -451.024, -139.318, 0.000, 3.892, 0.000, 0.000, 2.665, 0.000, 2.016
8.150, 1, Obstacle, -460.042, -147.720, 0.000, 3.892, 0.000, 0.000, 0.000, 0.000, 0.000
8.200, 0, Ego, -451.120, -139.408, 0.000, 3.892, 0.000, 0.000, 2.620, 0.000, 2.391
8.200, 1, Obstacle, -460.042, -147.720, 0.000, 3.892, 0.000, 0.000, 0.000, 0.000, 0.000
8.250, 0, Ego, -451.214, -139.495, 0.000, 3.892, 0.000, 0.000, 2.577, 0.000, 2.759
8.250, 1, Obstacle, -460.042, -147.720, 0.000, 3.892, 0.000, 0.000, 0.000, 0.000, 0.000
8.300, 0, Ego, -451.307, -139.582, 0.000, 3.892, 0.000, 0.000, 2.535, 0.000, 3.121
8.300, 1, Obstacle, -460.042, -147.720, 0.000, 3.892, 0.000, 0.000, 0.000, 0.000, 0.000
8.350, 0, Ego, -451.398, -139.667, 0.000, 3.892, 0.000, 0.000, 2.493, 0.000, 3.477
8.350, 1, Obstacle, -460.042, -147.720, 0.000, 3.892, 0.000, 0.000, 0.000, 0.000, 0.000
8.400, 0, Ego, -451.488, -139.750, 0.000, 3.892, 0.000, 0.000, 2.453, 0.000, 3.828
8.400, 1, Obstacle, -460.042, -147.720, 0.000, 3.892, 0.000, 0.000, 0.000, 0.000, 0.000
8.450, 0, Ego, -451.576, -139.833, 0.000, 3.892, 0.000, 0.000, 2.413, 0.000, 4.172
8.450, 1, Obstacle, -460.042, -147.720, 0.000, 3.892, 0.000, 0.000, 0.000, 0.000, 0.000
8.500, 0, Ego, -451.663, -139.914, 0.000, 3.892, 0.000, 0.000, 2.373, 0.000, 4.511
8.500, 1, Obstacle, -460.042, -147.720, 0.000, 3.892, 0.000, 0.000, 0.000, 0.000, 0.000
8.550, 0, Ego, -451.748, -139.993, 0.000, 3.892, 0.000, 0.000, 2.335, 0.000, 4.845
8.550, 1, Obstacle, -460.042, -147.720, 0.000, 3.892, 0.000, 0.000, 0.000, 0.000, 0.000
8.600, 0, Ego, -451.832, -140.071, 0.000, 3.892, 0.000, 0.000, 2.297, 0.000, 5.173
8.600, 1, Obstacle, -460.042, -147.720, 0.000, 3.892, 0.000, 0.000, 0.000, 0.000, 0.000
8.650, 0, Ego, -451.915, -140.148, 0.000, 3.892, 0.000, 0.000, 2.259, 0.000, 5.496
8.650, 1, Obstacle, -460.042, -147.720, 0.000, 3.892, 0.000, 0.000, 0.000, 0.000, 0.000
8.700, 0, Ego, -451.996, -140.224, 0.000, 3.892, 0.000, 0.000, 2.223, 0.000, 5.813
8.700, 1, Obstacle, -460.042, -147.720, 0.000, 3.892, 0.000, 0.000, 0.000, 0.000, 0.000
8.750, 0, Ego, -452.076, -140.299, 0.000, 3.892, 0.000, 0.000, 2.186, 0.000, 6.126
8.750, 1, Obstacle, -460.042, -147.720, 0.000, 3.892, 0.000, 0.000, 0.000, 0.000, 0.000
8.800, 0, Ego, -452.155, -140.372, 0.000, 3.892, 0.000, 0.000, 2.151, 0.000, 0.150
8.800, 1, Obstacle, -460.042, -147.720, 0.000, 3.892, 0.000, 0.000, 0.000, 0.000, 0.000
8.850, 0, Ego, -452.232, -140.444, 0.000, 3.892, 0.000, 0.000, 2.115, 0.000, 0.452
8.850, 1, Obstacle, -460.042, -147.720, 0.000, 3.892, 0.000, 0.000, 0.000, 0.000, 0.000
8.900, 0, Ego, -452.309, -140.515, 0.000, 3.892, 0.000, 0.000, 2.081, 0.000, 0.749
8.900, 1, Obstacle, -460.042, -147.720, 0.000, 3.892, 0.000, 0.000, 0.000, 0.000, 0.000
8.950, 0, Ego, -452.383, -140.585, 0.000, 3.892, 0.000, 0.000, 2.047, 0.000, 1.041
8.950, 1, Obstacle, -460.042, -147.720, 0.000, 3.892, 0.000, 0.000, 0.000, 0.000, 0.000
9.000, 0, Ego, -452.457, -140.653, 0.000, 3.892, 0.000, 0.000, 2.013, 0.000, 1.329
9.000, 1, Obstacle, -460.042, -147.720, 0.000, 3.892, 0.000, 0.000, 0.000, 0.000, 0.000
9.050, 0, Ego, -452.529, -140.721, 0.000, 3.892, 0.000, 0.000, 1.980, 0.000, 1.612
9.050, 1, Obstacle, -460.042, -147.720, 0.000, 3.892, 0.000, 0.000, 0.000, 0.000, 0.000
9.100, 0, Ego, -452.601, -140.787, 0.000, 3.892, 0.000, 0.000, 1.946, 0.000, 1.890
9.100, 1, Obstacle, -460.042, -147.720, 0.000, 3.892, 0.000, 0.000, 0.000, 0.000, 0.000
9.150, 0, Ego, -452.671, -140.852, 0.000, 3.892, 0.000, 0.000, 1.910, 0.000, 2.163
9.150, 1, Obstacle, -460.042, -147.720, 0.000, 3.892, 0.000, 0.000, 0.000, 0.000, 0.000
9.200, 0, Ego, -452.739, -140.916, 0.000, 3.892, 0.000, 0.000, 1.873, 0.000, 2.430
9.200, 1, Obstacle, -460.042, -147.720, 0.000, 3.892, 0.000, 0.000, 0.000, 0.000, 0.000
9.250, 0, Ego, -452.806, -140.979, 0.000, 3.892, 0.000, 0.000, 1.835, 0.000, 2.692
9.250, 1, Obstacle, -460.042, -147.720, 0.000, 3.892, 0.000, 0.000, 0.000, 0.000, 0.000
9.300, 0, Ego, -452.872, -141.040, 0.000, 3.892, 0.000, 0.000, 1.797, 0.000, 2.949
9.300, 1, Obstacle, -460.042, -147.720, 0.000, 3.892, 0.000, 0.000, 0.000, 0.000, 0.000
9.350, 0, Ego, -452.936, -141.100, 0.000, 3.892, 0.000, 0.000, 1.758, 0.000, 3.200
9.350, 1, Obstacle, -460.042, -147.720, 0.000, 3.892, 0.000, 0.000, 0.000, 0.000, 0.000
9.400, 0, Ego, -452.999, -141.158, 0.000, 3.892, 0.000, 0.000, 1.718, 0.000, 3.446
9.400, 1, Obstacle, -460.042, -147.720, 0.000, 3.892, 0.000, 0.000, 0.000, 0.000, 0.000
9.450, 0, Ego, -453.060, -141.216, 0.000, 3.892, 0.000, 0.000, 1.678, 0.000, 3.685
9.450, 1, Obstacle, -460.042, -147.720, 0.000, 3.892, 0.000, 0.000, 0.000, 0.000, 0.000
9.500, 0, Ego, -453.120, -141.271, 0.000, 3.892, 0.000, 0.000, 1.638, 0.000, 3.919
9.500, 1, Obstacle, -460.042, -147.720, 0.000, 3.892, 0.000, 0.000, 0.000, 0.000, 0.000
9.550, 0, Ego, -453.179, -141.326, 0.000, 3.892, 0.000, 0.000, 1.598, 0.000, 4.148
9.550, 1, Obstacle, -460.042, -147.720, 0.000, 3.892, 0.000, 0.000, 0.000, 0.000, 0.000
9.600, 0, Ego, -453.236, -141.379, 0.000, 3.892, 0.000, 0.000, 1.557, 0.000, 4.370
9.600, 1, Obstacle, -460.042, -147.720, 0.000, 3.892, 0.000, 0.000, 0.000, 0.000, 0.000
9.650, 0, Ego, -453.291, -141.431, 0.000, 3.892, 0.000, 0.000, 1.517, 0.000, 4.587
9.650, 1, Obstacle, -460.042, -147.720, 0.000, 3.892, 0.000, 0.000, 0.000, 0.000, 0.000
9.700, 0, Ego, -453.345, -141.481, 0.000, 3.892, 0.000, 0.000, 1.477, 0.000, 4.798
9.700, 1, Obstacle, -460.042, -147.720, 0.000, 3.892, 0.000, 0.000, 0.000, 0.000, 0.000
9.750, 0, Ego, -453.398, -141.530, 0.000, 3.892, 0.000, 0.000, 1.438, 0.000, 5.003
9.750, 1, Obstacle, -460.042, -147.720, 0.000, 3.892, 0.000, 0.000, 0.000, 0.000, 0.000
9.800, 0, Ego, -453.449, -141.578, 0.000, 3.892, 0.000, 0.000, 1.398, 0.000, 5.203
9.800, 1, Obstacle, -460.042, -147.720, 0.000, 3.892, 0.000, 0.000, 0.000, 0.000, 0.000
9.850, 0, Ego, -453.499, -141.624, 0.000, 3.892, 0.000, 0.000, 1.360, 0.000, 5.397
9.850, 1, Obstacle, -460.042, -147.720, 0.000, 3.892, 0.000, 0.000, 0.000, 0.000, 0.000
9.900, 0, Ego, -453.547, -141.669, 0.000, 3.892, 0.000, 0.000, 1.321, 0.000, 5.586
9.900, 1, Obstacle, -460.042, -147.720, 0.000, 3.892, 0.000, 0.000, 0.000, 0.000, 0.000
9.950, 0, Ego, -453.594, -141.713, 0.000, 3.892, 0.000, 0.000, 1.284, 0.000, 5.769
9.950, 1, Obstacle, -460.042, -147.720, 0.000, 3.892, 0.000, 0.000, 0.000, 0.000, 0.000
10.000, 0, Ego, -453.640, -141.755, 0.000, 3.892, 0.000, 0.000, 1.246, 0.000, 5.947
10.000, 1, Obstacle, -460.042, -147.720, 0.000, 3.892, 0.000, 0.000, 0.000, 0.000, 0.000
10.050, 0, Ego, -453.684, -141.796, 0.000, 3.892, 0.000, 0.000, 1.210, 0.000, 6.120
10.050, 1, Obstacle, -460.042, -147.720, 0.000, 3.892, 0.000, 0.000, 0.000, 0.000, 0.000
10.100, 0, Ego, -453.727, -141.836, 0.000, 3.892, 0.000, 0.000, 1.174, 0.000, 0.005
10.100, 1, Obstacle, -460.042, -147.720, 0.000, 3.892, 0.000, 0.000, 0.000, 0.000, 0.000
10.150, 0, Ego, -453.769, -141.875, 0.000, 3.892, 0.000, 0.000, 1.138, 0.000, 0.167
10.150, 1, Obstacle, -460.042, -147.720, 0.000, 3.892, 0.000, 0.000, 0.000, 0.000, 0.000
10.200, 0, Ego, -453.809, -141.913, 0.000, 3.892, 0.000, 0.000, 1.104, 0.000, 0.325
10.200, 1, Obstacle, -460.042, -147.720, 0.000, 3.892, 0.000, 0.000, 0.000, 0.000, 0.000
10.250, 0, Ego, -453.848, -141.949, 0.000, 3.892, 0.000, 0.000, 1.070, 0.000, 0.478
10.250, 1, Obstacle, -460.042, -147.720, 0.000, 3.892, 0.000, 0.000, 0.000, 0.000, 0.000
10.300, 0, Ego, -453.886, -141.985, 0.000, 3.892, 0.000, 0.000, 1.037, 0.000, 0.626
10.300, 1, Obstacle, -460.042, -147.720, 0.000, 3.892, 0.000, 0.000, 0.000, 0.000, 0.000
10.350, 0, Ego, -453.923, -142.019, 0.000, 3.892, 0.000, 0.000, 1.004, 0.000, 0.769
10.350, 1, Obstacle, -460.042, -147.720, 0.000, 3.892, 0.000, 0.000, 0.000, 0.000, 0.000
10.400, 0, Ego, -453.958, -142.052, 0.000, 3.892, 0.000, 0.000, 0.972, 0.000, 0.908
10.400, 1, Obstacle, -460.042, -147.720, 0.000, 3.892, 0.000, 0.000, 0.000, 0.000, 0.000
10.450, 0, Ego, -453.993, -142.084, 0.000, 3.892, 0.000, 0.000, 0.941, 0.000, 1.043
10.450, 1, Obstacle, -460.042, -147.720, 0.000, 3.892, 0.000, 0.000, 0.000, 0.000, 0.000
10.500, 0, Ego, -454.026, -142.115, 0.000, 3.892, 0.000, 0.000, 0.911, 0.000, 1.173
10.500, 1, Obstacle, -460.042, -147.720, 0.000, 3.892, 0.000, 0.000, 0.000, 0.000, 0.000
10.550, 0, Ego, -454.058, -142.145, 0.000, 3.892, 0.000, 0.000, 0.882, 0.000, 1.299
10.550, 1, Obstacle, -460.042, -147.720, 0.000, 3.892, 0.000, 0.000, 0.000, 0.000, 0.000
10.600, 0, Ego, -454.090, -142.174, 0.000, 3.892, 0.000, 0.000, 0.853, 0.000, 1.421
10.600, 1, Obstacle, -460.042, -147.720, 0.000, 3.892, 0.000, 0.000, 0.000, 0.000, 0.000
10.650, 0, Ego, -454.120, -142.202, 0.000, 3.892, 0.000, 0.000, 0.825, 0.000, 1.539
10.650, 1, Obstacle, -460.042, -147.720, 0.000, 3.892, 0.000, 0.000, 0.000, 0.000, 0.000
10.700, 0, Ego, -454.149, -142.230, 0.000, 3.892, 0.000, 0.000, 0.798, 0.000, 1.652
10.700, 1, Obstacle, -460.042, -147.720, 0.000, 3.892, 0.000, 0.000, 0.000, 0.000, 0.000
10.750, 0, Ego, -454.177, -142.256, 0.000, 3.892, 0.000, 0.000, 0.771, 0.000, 1.763
10.750, 1, Obstacle, -460.042, -147.720, 0.000, 3.892, 0.000, 0.000, 0.000, 0.000, 0.000
10.800, 0, Ego, -454.204, -142.281, 0.000, 3.892, 0.000, 0.000, 0.745, 0.000, 1.869
10.800, 1, Obstacle, -460.042, -147.720, 0.000, 3.892, 0.000, 0.000, 0.000, 0.000, 0.000
10.850, 0, Ego, -454.231, -142.306, 0.000, 3.892, 0.000, 0.000, 0.720, 0.000, 1.972
10.850, 1, Obstacle, -460.042, -147.720, 0.000, 3.892, 0.000, 0.000, 0.000, 0.000, 0.000
10.900, 0, Ego, -454.256, -142.329, 0.000, 3.892, 0.000, 0.000, 0.696, 0.000, 2.071
10.900, 1, Obstacle, -460.042, -147.720, 0.000, 3.892, 0.000, 0.000, 0.000, 0.000, 0.000
10.950, 0, Ego, -454.281, -142.352, 0.000, 3.892, 0.000, 0.000, 0.672, 0.000, 2.167
10.950, 1, Obstacle, -460.042, -147.720, 0.000, 3.892, 0.000, 0.000, 0.000, 0.000, 0.000
11.000, 0, Ego, -454.305, -142.375, 0.000, 3.892, 0.000, 0.000, 0.649, 0.000, 2.260
11.000, 1, Obstacle, -460.042, -147.720, 0.000, 3.892, 0.000, 0.000, 0.000, 0.000, 0.000
11.050, 0, Ego, -454.328, -142.396, 0.000, 3.892, 0.000, 0.000, 0.627, 0.000, 2.350
11.050, 1, Obstacle, -460.042, -147.720, 0.000, 3.892, 0.000, 0.000, 0.000, 0.000, 0.000
11.100, 0, Ego, -454.350, -142.417, 0.000, 3.892, 0.000, 0.000, 0.605, 0.000, 2.436
11.100, 1, Obstacle, -460.042, -147.720, 0.000, 3.892, 0.000, 0.000, 0.000, 0.000, 0.000
11.150, 0, Ego, -454.371, -142.436, 0.000, 3.892, 0.000, 0.000, 0.584, 0.000, 2.520
11.150, 1, Obstacle, -460.042, -147.720, 0.000, 3.892, 0.000, 0.000, 0.000, 0.000, 0.000
11.200, 0, Ego, -454.392, -142.456, 0.000, 3.892, 0.000, 0.000, 0.564, 0.000, 2.600
11.200, 1, Obstacle, -460.042, -147.720, 0.000, 3.892, 0.000, 0.000, 0.000, 0.000, 0.000
11.250, 0, Ego, -454.412, -142.474, 0.000, 3.892, 0.000, 0.000, 0.544, 0.000, 2.678
11.250, 1, Obstacle, -460.042, -147.720, 0.000, 3.892, 0.000, 0.000, 0.000, 0.000, 0.000
11.300, 0, Ego, -454.431, -142.492, 0.000, 3.892, 0.000, 0.000, 0.525, 0.000, 2.753
11.300, 1, Obstacle, -460.042, -147.720, 0.000, 3.892, 0.000, 0.000, 0.000, 0.000, 0.000
11.350, 0, Ego, -454.449, -142.509, 0.000, 3.892, 0.000, 0.000, 0.506, 0.000, 2.825
11.350, 1, Obstacle, -460.042, -147.720, 0.000, 3.892, 0.000, 0.000, 0.000, 0.000, 0.000
11.400, 0, Ego, -454.467, -142.526, 0.000, 3.892, 0.000, 0.000, 0.488, 0.000, 2.895
11.400, 1, Obstacle, -460.042, -147.720, 0.000, 3.892, 0.000, 0.000, 0.000, 0.000, 0.000
11.450, 0, Ego, -454.484, -142.542, 0.000, 3.892, 0.000, 0.000, 0.471, 0.000, 2.962
11.450, 1, Obstacle, -460.042, -147.720, 0.000, 3.892, 0.000, 0.000, 0.000, 0.000, 0.000
11.500, 0, Ego, -454.501, -142.557, 0.000, 3.892, 0.000, 0.000, 0.454, 0.000, 3.027
11.500, 1, Obstacle, -460.042, -147.720, 0.000, 3.892, 0.000, 0.000, 0.000, 0.000, 0.000
11.550, 0, Ego, -454.517, -142.572, 0.000, 3.892, 0.000, 0.000, 0.438, 0.000, 3.090
11.550, 1, Obstacle, -460.042, -147.720, 0.000, 3.892, 0.000, 0.000, 0.000, 0.000, 0.000
11.600, 0, Ego, -454.532, -142.587, 0.000, 3.892, 0.000, 0.000, 0.422, 0.000, 3.150
11.600, 1, Obstacle, -460.042, -147.720, 0.000, 3.892, 0.000, 0.000, 0.000, 0.000, 0.000
11.650, 0, Ego, -454.547, -142.601, 0.000, 3.892, 0.000, 0.000, 0.407, 0.000, 3.208
11.650, 1, Obstacle, -460.042, -147.720, 0.000, 3.892, 0.000, 0.000, 0.000, 0.000, 0.000
11.700, 0, Ego, -454.562, -142.614, 0.000, 3.892, 0.000, 0.000, 0.392, 0.000, 3.264
11.700, 1, Obstacle, -460.042, -147.720, 0.000, 3.892, 0.000, 0.000, 0.000, 0.000, 0.000
11.750, 0, Ego, -454.576, -142.627, 0.000, 3.892, 0.000, 0.000, 0.378, 0.000, 3.318
11.750, 1, Obstacle, -460.042, -147.720, 0.000, 3.892, 0.000, 0.000, 0.000, 0.000, 0.000
11.800, 0, Ego, -454.589, -142.639, 0.000, 3.892, 0.000, 0.000, 0.364, 0.000, 3.370
11.800, 1, Obstacle, -460.042, -147.720, 0.000, 3.892, 0.000, 0.000, 0.000, 0.000, 0.000
11.850, 0, Ego, -454.602, -142.651, 0.000, 3.892, 0.000, 0.000, 0.351, 0.000, 3.420
11.850, 1, Obstacle, -460.042, -147.720, 0.000, 3.892, 0.000, 0.000, 0.000, 0.000, 0.000
11.900, 0, Ego, -454.614, -142.663, 0.000, 3.892, 0.000, 0.000, 0.338, 0.000, 3.469
11.900, 1, Obstacle, -460.042, -147.720, 0.000, 3.892, 0.000, 0.000, 0.000, 0.000, 0.000
11.950, 0, Ego, -454.626, -142.674, 0.000, 3.892, 0.000, 0.000, 0.326, 0.000, 3.515
11.950, 1, Obstacle, -460.042, -147.720, 0.000, 3.892, 0.000, 0.000, 0.000, 0.000, 0.000
12.000, 0, Ego, -454.637, -142.685, 0.000, 3.892, 0.000, 0.000, 0.314, 0.000, 3.560
12.000, 1, Obstacle, -460.042, -147.720, 0.000, 3.892, 0.000, 0.000, 0.000, 0.000, 0.000
12.050, 0, Ego, -454.649, -142.695, 0.000, 3.892, 0.000, 0.000, 0.302, 0.000, 3.603
12.050, 1, Obstacle, -460.042, -147.720, 0.000, 3.892, 0.000, 0.000, 0.000, 0.000, 0.000
12.100, 0, Ego, -454.659, -142.705, 0.000, 3.892, 0.000, 0.000, 0.291, 0.000, 3.645
12.100, 1, Obstacle, -460.042, -147.720, 0.000, 3.892, 0.000, 0.000, 0.000, 0.000, 0.000
12.150, 0, Ego, -454.669, -142.714, 0.000, 3.892, 0.000, 0.000, 0.280, 0.000, 3.685
12.150, 1, Obstacle, -460.042, -147.720, 0.000, 3.892, 0.000, 0.000, 0.000, 0.000, 0.000
12.200, 0, Ego, -454.679, -142.724, 0.000, 3.892, 0.000, 0.000, 0.270, 0.000, 3.724
12.200, 1, Obstacle, -460.042, -147.720, 0.000, 3.892, 0.000, 0.000, 0.000, 0.000, 0.000
12.250, 0, Ego, -454.689, -142.733, 0.000, 3.892, 0.000, 0.000, 0.260, 0.000, 3.761
12.250, 1, Obstacle, -460.042, -147.720, 0.000, 3.892, 0.000, 0.000, 0.000, 0.000, 0.000
12.300, 0, Ego, -454.698, -142.741, 0.000, 3.892, 0.000, 0.000, 0.250, 0.000, 3.796
12.300, 1, Obstacle, -460.042, -147.720, 0.000, 3.892, 0.000, 0.000, 0.000, 0.000, 0.000
12.350, 0, Ego, -454.707, -142.749, 0.000, 3.892, 0.000, 0.000, 0.241, 0.000, 3.831
12.350, 1, Obstacle, -460.042, -147.720, 0.000, 3.892, 0.000, 0.000, 0.000, 0.000, 0.000
12.400, 0, Ego, -454.715, -142.757, 0.000, 3.892, 0.000, 0.000, 0.232, 0.000, 3.864
12.400, 1, Obstacle, -460.042, -147.720, 0.000, 3.892, 0.000, 0.000, 0.000, 0.000, 0.000
12.450, 0, Ego, -454.723, -142.765, 0.000, 3.892, 0.000, 0.000, 0.223, 0.000, 3.896
12.450, 1, Obstacle, -460.042, -147.720, 0.000, 3.892, 0.000, 0.000, 0.000, 0.000, 0.000
12.500, 0, Ego, -454.731, -142.772, 0.000, 3.892, 0.000, 0.000, 0.215, 0.000, 3.927
12.500, 1, Obstacle, -460.042, -147.720, 0.000, 3.892, 0.000, 0.000, 0.000, 0.000, 0.000
12.550, 0, Ego, -454.739, -142.779, 0.000, 3.892, 0.000, 0.000, 0.207, 0.000, 3.956
12.550, 1, Obstacle, -460.042, -147.720, 0.000, 3.892, 0.000, 0.000, 0.000, 0.000, 0.000
12.600, 0, Ego, -454.746, -142.786, 0.000, 3.892, 0.000, 0.000, 0.199, 0.000, 3.985
12.600, 1, Obstacle, -460.042, -147.720, 0.000, 3.892, 0.000, 0.000, 0.000, 0.000, 0.000
12.650, 0, Ego, -454.753, -142.792, 0.000, 3.892, 0.000, 0.000, 0.192, 0.000, 4.012
12.650, 1, Obstacle, -460.042, -147.720, 0.000, 3.892, 0.000, 0.000, 0.000, 0.000, 0.000
12.700, 0, Ego, -454.760, -142.799, 0.000, 3.892, 0.000, 0.000, 0.184, 0.000, 4.038
12.700, 1, Obstacle, -460.042, -147.720, 0.000, 3.892, 0.000, 0.000, 0.000, 0.000, 0.000
12.750, 0, Ego, -454.766, -142.805, 0.000, 3.892, 0.000, 0.000, 0.177, 0.000, 4.064
12.750, 1, Obstacle, -460.042, -147.720, 0.000, 3.892, 0.000, 0.000, 0.000, 0.000, 0.000
12.800, 0, Ego, -454.773, -142.811, 0.000, 3.892, 0.000, 0.000, 0.171, 0.000, 4.088
12.800, 1, Obstacle, -460.042, -147.720, 0.000, 3.892, 0.000, 0.000, 0.000, 0.000, 0.000
12.850, 0, Ego, -454.779, -142.816, 0.000, 3.892, 0.000, 0.000, 0.164, 0.000, 4.111
12.850, 1, Obstacle, -460.042, -147.720, 0.000, 3.892, 0.000, 0.000, 0.000, 0.000, 0.000
12.900, 0, Ego, -454.784, -142.822, 0.000, 3.892, 0.000, 0.000, 0.158, 0.000, 4.134
12.900, 1, Obstacle, -460.042, -147.720, 0.000, 3.892, 0.000, 0.000, 0.000, 0.000, 0.000
12.950, 0, Ego, -454.790, -142.827, 0.000, 3.892, 0.000, 0.000, 0.152, 0.000, 4.156
12.950, 1, Obstacle, -460.042, -147.720, 0.000, 3.892, 0.000, 0.000, 0.000, 0.000, 0.000
13.000, 0, Ego, -454.795, -142.832, 0.000, 3.892, 0.000, 0.000, 0.146, 0.000, 4.177
13.000, 1, Obstacle, -460.042, -147.720, 0.000, 3.892, 0.000, 0.000, 0.000, 0.000, 0.000
13.050, 0, Ego, -454.801, -142.837, 0.000, 3.892, 0.000, 0.000, 0.141, 0.000, 4.197
13.050, 1, Obstacle, -460.042, -147.720, 0.000, 3.892, 0.000, 0.000, 0.000, 0.000, 0.000
13.100, 0, Ego, -454.805, -142.841, 0.000, 3.892, 0.000, 0.000, 0.135, 0.000, 4.216
13.100, 1, Obstacle, -460.042, -147.720, 0.000, 3.892, 0.000, 0.000, 0.000, 0.000, 0.000
13.150, 0, Ego, -454.810, -142.846, 0.000, 3.892, 0.000, 0.000, 0.130, 0.000, 4.235
13.150, 1, Obstacle, -460.042, -147.720, 0.000, 3.892, 0.000, 0.000, 0.000, 0.000, 0.000
13.200, 0, Ego, -454.815, -142.850, 0.000, 3.892, 0.000, 0.000, 0.125, 0.000, 4.253
13.200, 1, Obstacle, -460.042, -147.720, 0.000, 3.892, 0.000, 0.000, 0.000, 0.000, 0.000
13.250, 0, Ego, -454.819, -142.854, 0.000, 3.892, 0.000, 0.000, 0.120, 0.000, 4.270
13.250, 1, Obstacle, -460.042, -147.720, 0.000, 3.892, 0.000, 0.000, 0.000, 0.000, 0.000
13.300, 0, Ego, -454.823, -142.858, 0.000, 3.892, 0.000, 0.000, 0.116, 0.000, 4.286
13.300, 1, Obstacle, -460.042, -147.720, 0.000, 3.892, 0.000, 0.000, 0.000, 0.000, 0.000
13.350, 0, Ego, -454.828, -142.862, 0.000, 3.892, 0.000, 0.000, 0.111, 0.000, 4.302
13.350, 1, Obstacle, -460.042, -147.720, 0.000, 3.892, 0.000, 0.000, 0.000, 0.000, 0.000
13.400, 0, Ego, -454.831, -142.865, 0.000, 3.892, 0.000, 0.000, 0.107, 0.000, 4.317
13.400, 1, Obstacle, -460.042, -147.720, 0.000, 3.892, 0.000, 0.000, 0.000, 0.000, 0.000
13.450, 0, Ego, -454.835, -142.869, 0.000, 3.892, 0.000, 0.000, 0.103, 0.000, 4.332
13.450, 1, Obstacle, -460.042, -147.720, 0.000, 3.892, 0.000, 0.000, 0.000, 0.000, 0.000
13.500, 0, Ego, -454.839, -142.872, 0.000, 3.892, 0.000, 0.000, 0.099, 0.000, 4.346
13.500, 1, Obstacle, -460.042, -147.720, 0.000, 3.892, 0.000, 0.000, 0.000, 0.000, 0.000
13.550, 0, Ego, -454.842, -142.875, 0.000, 3.892, 0.000, 0.000, 0.095, 0.000, 4.360
13.550, 1, Obstacle, -460.042, -147.720, 0.000, 3.892, 0.000, 0.000, 0.000, 0.000, 0.000
13.600, 0, Ego, -454.846, -142.879, 0.000, 3.892, 0.000, 0.000, 0.091, 0.000, 4.373
13.600, 1, Obstacle, -460.042, -147.720, 0.000, 3.892, 0.000, 0.000, 0.000, 0.000, 0.000
13.650, 0, Ego, -454.849, -142.882, 0.000, 3.892, 0.000, 0.000, 0.088, 0.000, 4.385
13.650, 1, Obstacle, -460.042, -147.720, 0.000, 3.892, 0.000, 0.000, 0.000, 0.000, 0.000
13.700, 0, Ego, -454.852, -142.884, 0.000, 3.892, 0.000, 0.000, 0.084, 0.000, 4.397
13.700, 1, Obstacle, -460.042, -147.720, 0.000, 3.892, 0.000, 0.000, 0.000, 0.000, 0.000
13.750, 0, Ego, -454.855, -142.887, 0.000, 3.892, 0.000, 0.000, 0.081, 0.000, 4.409
13.750, 1, Obstacle, -460.042, -147.720, 0.000, 3.892, 0.000, 0.000, 0.000, 0.000, 0.000
13.800, 0, Ego, -454.858, -142.890, 0.000, 3.892, 0.000, 0.000, 0.078, 0.000, 4.420
13.800, 1, Obstacle, -460.042, -147.720, 0.000, 3.892, 0.000, 0.000, 0.000, 0.000, 0.000
13.850, 0, Ego, -454.861, -142.892, 0.000, 3.892, 0.000, 0.000, 0.075, 0.000, 4.431
13.850, 1, Obstacle, -460.042, -147.720, 0.000, 3.892, 0.000, 0.000, 0.000, 0.000, 0.000
13.900, 0, Ego, -454.863, -142.895, 0.000, 3.892, 0.000, 0.000, 0.072, 0.000, 4.441
13.900, 1, Obstacle, -460.042, -147.720, 0.000, 3.892, 0.000, 0.000, 0.000, 0.000, 0.000
13.950, 0, Ego, -454.866, -142.897, 0.000, 3.892, 0.000, 0.000, 0.069, 0.000, 4.451
13.950, 1, Obstacle, -460.042, -147.720, 0.000, 3.892, 0.000, 0.000, 0.000, 0.000, 0.000
14.000, 0, Ego, -454.868, -142.900, 0.000, 3.892, 0.000, 0.000, 0.067, 0.000, 4.461
14.000, 1, Obstacle, -460.042, -147.720, 0.000, 3.892, 0.000, 0.000, 0.000, 0.000, 0.000
14.050, 0, Ego, -454.870, -142.902, 0.000, 3.892, 0.000, 0.000, 0.064, 0.000, 4.470
14.050, 1, Obstacle, -460.042, -147.720, 0.000, 3.892, 0.000, 0.000, 0.000, 0.000, 0.000
14.100, 0, Ego, -454.873, -142.904, 0.000, 3.892, 0.000, 0.000, 0.062, 0.000, 4.479
14.100, 1, Obstacle, -460.042, -147.720, 0.000, 3.892, 0.000, 0.000, 0.000, 0.000, 0.000
14.150, 0, Ego, -454.875, -142.906, 0.000, 3.892, 0.000, 0.000, 0.059, 0.000, 4.487
14.150, 1, Obstacle, -460.042, -147.720, 0.000, 3.892, 0.000, 0.000, 0.000, 0.000, 0.000
14.200, 0, Ego, -454.877, -142.908, 0.000, 3.892, 0.000, 0.000, 0.057, 0.000, 4.495
14.200, 1, Obstacle, -460.042, -147.720, 0.000, 3.892, 0.000, 0.000, 0.000, 0.000, 0.000
14.250, 0, Ego, -454.879, -142.910, 0.000, 3.892, 0.000, 0.000, 0.055, 0.000, 4.503
14.250, 1, Obstacle, -460.042, -147.720, 0.000, 3.892, 0.000, 0.000, 0.000, 0.000, 0.000
14.300, 0, Ego, -454.881, -142.911, 0.000, 3.892, 0.000, 0.000, 0.053, 0.000, 4.511
14.300, 1, Obstacle, -460.042, -147.720, 0.000, 3.892, 0.000, 0.000, 0.000, 0.000, 0.000
14.350, 0, Ego, -454.883, -142.913, 0.000, 3.892, 0.000, 0.000, 0.050, 0.000, 4.518
14.350, 1, Obstacle, -460.042, -147.720, 0.000, 3.892, 0.000, 0.000, 0.000, 0.000, 0.000
14.400, 0, Ego, -454.885, -142.915, 0.000, 3.892, 0.000, 0.000, 0.049, 0.000, 4.525
14.400, 1, Obstacle, -460.042, -147.720, 0.000, 3.892, 0.000, 0.000, 0.000, 0.000, 0.000
14.450, 0, Ego, -454.886, -142.916, 0.000, 3.892, 0.000, 0.000, 0.047, 0.000, 4.531
14.450, 1, Obstacle, -460.042, -147.720, 0.000, 3.892, 0.000, 0.000, 0.000, 0.000, 0.000
14.500, 0, Ego, -454.888, -142.918, 0.000, 3.892, 0.000, 0.000, 0.045, 0.000, 4.538
14.500, 1, Obstacle, -460.042, -147.720, 0.000, 3.892, 0.000, 0.000, 0.000, 0.000, 0.000
14.550, 0, Ego, -454.889, -142.919, 0.000, 3.892, 0.000, 0.000, 0.043, 0.000, 4.544
14.550, 1, Obstacle, -460.042, -147.720, 0.000, 3.892, 0.000, 0.000, 0.000, 0.000, 0.000
14.600, 0, Ego, -454.891, -142.921, 0.000, 3.892, 0.000, 0.000, 0.041, 0.000, 4.550
14.600, 1, Obstacle, -460.042, -147.720, 0.000, 3.892, 0.000, 0.000, 0.000, 0.000, 0.000
14.650, 0, Ego, -454.892, -142.922, 0.000, 3.892, 0.000, 0.000, 0.040, 0.000, 4.555
14.650, 1, Obstacle, -460.042, -147.720, 0.000, 3.892, 0.000, 0.000, 0.000, 0.000, 0.000
14.700, 0, Ego, -454.894, -142.923, 0.000, 3.892, 0.000, 0.000, 0.038, 0.000, 4.561
14.700, 1, Obstacle, -460.042, -147.720, 0.000, 3.892, 0.000, 0.000, 0.000, 0.000, 0.000
14.750, 0, Ego, -454.895, -142.925, 0.000, 3.892, 0.000, 0.000, 0.037, 0.000, 4.566
14.750, 1, Obstacle, -460.042, -147.720, 0.000, 3.892, 0.000, 0.000, 0.000, 0.000, 0.000
14.800, 0, Ego, -454.896, -142.926, 0.000, 3.892, 0.000, 0.000, 0.035, 0.000, 4.571
14.800, 1, Obstacle, -460.042, -147.720, 0.000, 3.892, 0.000, 0.000, 0.000, 0.000, 0.000
14.850, 0, Ego, -454.898, -142.927, 0.000, 3.892, 0.000, 0.000, 0.034, 0.000, 4.576
14.850, 1, Obstacle, -460.042, -147.720, 0.000, 3.892, 0.000, 0.000, 0.000, 0.000, 0.000
14.900, 0, Ego, -454.899, -142.928, 0.000, 3.892, 0.000, 0.000, 0.033, 0.000, 4.581
14.900, 1, Obstacle, -460.042, -147.720, 0.000, 3.892, 0.000, 0.000, 0.000, 0.000, 0.000
14.950, 0, Ego, -454.900, -142.929, 0.000, 3.892, 0.000, 0.000, 0.031, 0.000, 4.585
14.950, 1, Obstacle, -460.042, -147.720, 0.000, 3.892, 0.000, 0.000, 0.000, 0.000, 0.000
15.000, 0, Ego, -454.901, -142.930, 0.000, 3.892, 0.000, 0.000, 0.030, 0.000, 4.589
15.000, 1, Obstacle, -460.042, -147.720, 0.000, 3.892, 0.000, 0.000, 0.000, 0.000, 0.000
15.050, 0, Ego, -454.902, -142.931, 0.000, 3.892, 0.000, 0.000, 0.029, 0.000, 4.594
15.050, 1, Obstacle, -460.042, -147.720, 0.000, 3.892, 0.000, 0.000, 0.000, 0.000, 0.000
15.100, 0, Ego, -454.903, -142.932, 0.000, 3.892, 0.000, 0.000, 0.028, 0.000, 4.598
15.100, 1, Obstacle, -460.042, -147.720, 0.000, 3.892, 0.000, 0.000, 0.000, 0.000, 0.000
15.150, 0, Ego, -454.904, -142.933, 0.000, 3.892, 0.000, 0.000, 0.027, 0.000, 4.601
15.150, 1, Obstacle, -460.042, -147.720, 0.000, 3.892, 0.000, 0.000, 0.000, 0.000, 0.000
15.200, 0, Ego, -454.905, -142.934, 0.000, 3.892, 0.000, 0.000, 0.026, 0.000, 4.605
15.200, 1, Obstacle, -460.042, -147.720, 0.000, 3.892, 0.000, 0.000, 0.000, 0.000, 0.000
15.250, 0, Ego, -454.906, -142.935, 0.000, 3.892, 0.000, 0.000, 0.025, 0.000, 4.608
15.250, 1, Obstacle, -460.042, -147.720, 0.000, 3.892, 0.000, 0.000, 0.000, 0.000, 0.000
15.300, 0, Ego, -454.907, -142.936, 0.000, 3.892, 0.000, 0.000, 0.024, 0.000, 4.612
15.300, 1, Obstacle, -460.042, -147.720, 0.000, 3.892, 0.000, 0.000, 0.000, 0.000, 0.000
15.350, 0, Ego, -454.908, -142.936, 0.000, 3.892, 0.000, 0.000, 0.023, 0.000, 4.615
15.350, 1, Obstacle, -460.042, -147.720, 0.000, 3.892, 0.000, 0.000, 0.000, 0.000, 0.000
15.400, 0, Ego, -454.908, -142.937, 0.000, 3.892, 0.000, 0.000, 0.022, 0.000, 4.618
15.400, 1, Obstacle, -460.042, -147.720, 0.000, 3.892, 0.000, 0.000, 0.000, 0.000, 0.000
15.450, 0, Ego, -454.909, -142.938, 0.000, 3.892, 0.000, 0.000, 0.021, 0.000, 4.621
15.450, 1, Obstacle, -460.042, -147.720, 0.000, 3.892, 0.000, 0.000, 0.000, 0.000, 0.000
15.500, 0, Ego, -454.910, -142.938, 0.000, 3.892, 0.000, 0.000, 0.020, 0.000, 4.624
15.500, 1, Obstacle, -460.042, -147.720, 0.000, 3.892, 0.000, 0.000, 0.000, 0.000, 0.000
15.550, 0, Ego, -454.911, -142.939, 0.000, 3.892, 0.000, 0.000, 0.019, 0.000, 4.627
15.550, 1, Obstacle, -460.042, -147.720, 0.000, 3.892, 0.000, 0.000, 0.000, 0.000, 0.000
15.600, 0, Ego, -454.911, -142.940, 0.000, 3.892, 0.000, 0.000, 0.019, 0.000, 4.629
15.600, 1, Obstacle, -460.042, -147.720, 0.000, 3.892, 0.000, 0.000, 0.000, 0.000, 0.000
15.650, 0, Ego, -454.912, -142.940, 0.000, 3.892, 0.000, 0.000, 0.018, 0.000, 4.632
15.650, 1, Obstacle, -460.042, -147.720, 0.000, 3.892, 0.000, 0.000, 0.000, 0.000, 0.000
15.700, 0, Ego, -454.913, -142.941, 0.000, 3.892, 0.000, 0.000, 0.017, 0.000, 4.634
15.700, 1, Obstacle, -460.042, -147.720, 0.000, 3.892, 0.000, 0.000, 0.000, 0.000, 0.000
15.750, 0, Ego, -454.913, -142.942, 0.000, 3.892, 0.000, 0.000, 0.016, 0.000, 4.637
15.750, 1, Obstacle, -460.042, -147.720, 0.000, 3.892, 0.000, 0.000, 0.000, 0.000, 0.000
15.800, 0, Ego, -454.914, -142.942, 0.000, 3.892, 0.000, 0.000, 0.016, 0.000, 4.639
15.800, 1, Obstacle, -460.042, -147.720, 0.000, 3.892, 0.000, 0.000, 0.000, 0.000, 0.000
15.850, 0, Ego, -454.914, -142.943, 0.000, 3.892, 0.000, 0.000, 0.015, 0.000, 4.641
15.850, 1, Obstacle, -460.042, -147.720, 0.000, 3.892, 0.000, 0.000, 0.000, 0.000, 0.000
15.900, 0, Ego, -454.915, -142.943, 0.000, 3.892, 0.000, 0.000, 0.015, 0.000, 4.643
15.900, 1, Obstacle, -460.042, -147.720, 0.000, 3.892, 0.000, 0.000, 0.000, 0.000, 0.000
15.950, 0, Ego, -454.915, -142.944, 0.000, 3.892, 0.000, 0.000, 0.014, 0.000, 4.645
15.950, 1, Obstacle, -460.042, -147.720, 0.000, 3.892, 0.000, 0.000, 0.000, 0.000, 0.000
16.000, 0, Ego, -454.916, -142.944, 0.000, 3.892, 0.000, 0.000, 0.013, 0.000, 4.647
16.000, 1, Obstacle, -460.042, -147.720, 0.000, 3.892, 0.000, 0.000, 0.000, 0.000, 0.000
16.050, 0, Ego, -454.916, -142.944, 0.000, 3.892, 0.000, 0.000, 0.013, 0.000, 4.649
16.050, 1, Obstacle, -460.042, -147.720, 0.000, 3.892, 0.000, 0.000, 0.000, 0.000, 0.000
16.100, 0, Ego, -454.917, -142.945, 0.000, 3.892, 0.000, 0.000, 0.012, 0.000, 4.651
16.100, 1, Obstacle, -460.042, -147.720, 0.000, 3.892, 0.000, 0.000, 0.000, 0.000, 0.000
16.150, 0, Ego, -454.917, -142.945, 0.000, 3.892, 0.000, 0.000, 0.012, 0.000, 4.653
16.150, 1, Obstacle, -460.042, -147.720, 0.000, 3.892, 0.000, 0.000, 0.000, 0.000, 0.000
16.200, 0, Ego, -454.918, -142.946, 0.000, 3.892, 0.000, 0.000, 0.011, 0.000, 4.654
16.200, 1, Obstacle, -460.042, -147.720, 0.000, 3.892, 0.000, 0.000, 0.000, 0.000, 0.000
16.250, 0, Ego, -454.918, -142.946, 0.000, 3.892, 0.000, 0.000, 0.011, 0.000, 4.656
16.250, 1, Obstacle, -460.042, -147.720, 0.000, 3.892, 0.000, 0.000, 0.000, 0.000, 0.000
16.300, 0, Ego, -454.918, -142.946, 0.000, 3.892, 0.000, 0.000, 0.011, 0.000, 4.657
16.300, 1, Obstacle, -460.042, -147.720, 0.000, 3.892, 0.000, 0.000, 0.000, 0.000, 0.000
16.350, 0, Ego, -454.919, -142.947, 0.000, 3.892, 0.000, 0.000, 0.010, 0.000, 4.659
16.350, 1, Obstacle, -460.042, -147.720, 0.000, 3.892, 0.000, 0.000, 0.000, 0.000, 0.000
16.400, 0, Ego, -454.919, -142.947, 0.000, 3.892, 0.000, 0.000, 0.010, 0.000, 4.660
16.400, 1, Obstacle, -460.042, -147.720, 0.000, 3.892, 0.000, 0.000, 0.000, 0.000, 0.000
16.450, 0, Ego, -454.920, -142.947, 0.000, 3.892, 0.000, 0.000, 0.009, 0.000, 4.661
16.450, 1, Obstacle, -460.042, -147.720, 0.000, 3.892, 0.000, 0.000, 0.000, 0.000, 0.000
16.500, 0, Ego, -454.920, -142.948, 0.000, 3.892, 0.000, 0.000, 0.009, 0.000, 4.663
16.500, 1, Obstacle, -460.042, -147.720, 0.000, 3.892, 0.000, 0.000, 0.000, 0.000, 0.000
16.550, 0, Ego, -454.920, -142.948, 0.000, 3.892, 0.000, 0.000, 0.009, 0.000, 4.664
16.550, 1, Obstacle, -460.042, -147.720, 0.000, 3.892, 0.000, 0.000, 0.000, 0.000, 0.000
16.600, 0, Ego, -454.920, -142.948, 0.000, 3.892, 0.000, 0.000, 0.008, 0.000, 4.665
16.600, 1, Obstacle, -460.042, -147.720, 0.000, 3.892, 0.000, 0.000, 0.000, 0.000, 0.000
16.650, 0, Ego, -454.921, -142.949, 0.000, 3.892, 0.000, 0.000, 0.008, 0.000, 4.666
16.650, 1, Obstacle, -460.042, -147.720, 0.000, 3.892, 0.000, 0.000, 0.000, 0.000, 0.000
16.700, 0, Ego, -454.921, -142.949, 0.000, 3.892, 0.000, 0.000, 0.008, 0.000, 4.667
16.700, 1, Obstacle, -460.042, -147.720, 0.000, 3.892, 0.000, 0.000, 0.000, 0.000, 0.000
16.750, 0, Ego, -454.921, -142.949, 0.000, 3.892, 0.000, 0.000, 0.007, 0.000, 4.668
16.750, 1, Obstacle, -460.042, -147.720, 0.000, 3.892, 0.000, 0.000, 0.000, 0.000, 0.000
16.800, 0, Ego, -454.922, -142.949, 0.000, 3.892, 0.000, 0.000, 0.007, 0.000, 4.669
16.800, 1, Obstacle, -460.042, -147.720, 0.000, 3.892, 0.000, 0.000, 0.000, 0.000, 0.000
16.850, 0, Ego, -454.922, -142.950, 0.000, 3.892, 0.000, 0.000, 0.007, 0.000, 4.670
16.850, 1, Obstacle, -460.042, -147.720, 0.000, 3.892, 0.000, 0.000, 0.000, 0.000, 0.000
16.900, 0, Ego, -454.922, -142.950, 0.000, 3.892, 0.000, 0.000, 0.006, 0.000, 4.671
16.900, 1, Obstacle, -460.042, -147.720, 0.000, 3.892, 0.000, 0.000, 0.000, 0.000, 0.000
16.950, 0, Ego, -454.922, -142.950, 0.000, 3.892, 0.000, 0.000, 0.006, 0.000, 4.672
16.950, 1, Obstacle, -460.042, -147.720, 0.000, 3.892, 0.000, 0.000, 0.000, 0.000, 0.000
17.000, 0, Ego, -454.922, -142.950, 0.000, 3.892, 0.000, 0.000, 0.006, 0.000, 4.673
17.000, 1, Obstacle, -460.042, -147.720, 0.000, 3.892, 0.000, 0.000, 0.000, 0.000, 0.000
17.050, 0, Ego, -454.923, -142.950, 0.000, 3.892, 0.000, 0.000, 0.006, 0.000, 4.674
17.050, 1, Obstacle, -460.042, -147.720, 0.000, 3.892, 0.000, 0.000, 0.000, 0.000, 0.000
17.100, 0, Ego, -454.923, -142.951, 0.000, 3.892, 0.000, 0.000, 0.006, 0.000, 4.675
17.100, 1, Obstacle, -460.042, -147.720, 0.000, 3.892, 0.000, 0.000, 0.000, 0.000, 0.000
17.150, 0, Ego, -454.923, -142.951, 0.000, 3.892, 0.000, 0.000, 0.005, 0.000, 4.675
17.150, 1, Obstacle, -460.042, -147.720, 0.000, 3.892, 0.000, 0.000, 0.000, 0.000, 0.000
17.200, 0, Ego, -454.923, -142.951, 0.000, 3.892, 0.000, 0.000, 0.005, 0.000, 4.676
17.200, 1, Obstacle, -460.042, -147.720, 0.000, 3.892, 0.000, 0.000, 0.000, 0.000, 0.000
17.250, 0, Ego, -454.923, -142.951, 0.000, 3.892, 0.000, 0.000, 0.005, 0.000, 4.677
17.250, 1, Obstacle, -460.042, -147.720, 0.000, 3.892, 0.000, 0.000, 0.000, 0.000, 0.000
17.300, 0, Ego, -454.924, -142.951, 0.000, 3.892, 0.000, 0.000, 0.005, 0.000, 4.677
17.300, 1, Obstacle, -460.042, -147.720, 0.000, 3.892, 0.000, 0.000, 0.000, 0.000, 0.000
17.350, 0, Ego, -454.924, -142.951, 0.000, 3.892, 0.000, 0.000, 0.004, 0.000, 4.678
17.350, 1, Obstacle, -460.042, -147.720, 0.000, 3.892, 0.000, 0.000, 0.000, 0.000, 0.000
17.400, 0, Ego, -454.924, -142.952, 0.000, 3.892, 0.000, 0.000, 0.004, 0.000, 4.679
17.400, 1, Obstacle, -460.042, -147.720, 0.000, 3.892, 0.000, 0.000, 0.000, 0.000, 0.000
17.450, 0, Ego, -454.924, -142.952, 0.000, 3.892, 0.000, 0.000, 0.004, 0.000, 4.679
17.450, 1, Obstacle, -460.042, -147.720, 0.000, 3.892, 0.000, 0.000, 0.000, 0.000, 0.000
17.500, 0, Ego, -454.924, -142.952, 0.000, 3.892, 0.000, 0.000, 0.004, 0.000, 4.680
17.500, 1, Obstacle, -460.042, -147.720, 0.000, 3.892, 0.000, 0.000, 0.000, 0.000, 0.000
17.550, 0, Ego, -454.924, -142.952, 0.000, 3.892, 0.000, 0.000, 0.004, 0.000, 4.680
17.550, 1, Obstacle, -460.042, -147.720, 0.000, 3.892, 0.000, 0.000, 0.000, 0.000, 0.000
17.600, 0, Ego, -454.925, -142.952, 0.000, 3.892, 0.000, 0.000, 0.004, 0.000, 4.681
17.600, 1, Obstacle, -460.042, -147.720, 0.000, 3.892, 0.000, 0.000, 0.000, 0.000, 0.000
17.650, 0, Ego, -454.925, -142.952, 0.000, 3.892, 0.000, 0.000, 0.004, 0.000, 4.681
17.650, 1, Obstacle, -460.042, -147.720, 0.000, 3.892, 0.000, 0.000, 0.000, 0.000, 0.000
17.700, 0, Ego, -454.925, -142.952, 0.000, 3.892, 0.000, 0.000, 0.003, 0.000, 4.682
17.700, 1, Obstacle, -460.042, -147.720, 0.000, 3.892, 0.000, 0.000, 0.000, 0.000, 0.000
17.750, 0, Ego, -454.925, -142.952, 0.000, 3.892, 0.000, 0.000, 0.003, 0.000, 4.682
17.750, 1, Obstacle, -460.042, -147.720, 0.000, 3.892, 0.000, 0.000, 0.000, 0.000, 0.000
17.800, 0, Ego, -454.925, -142.953, 0.000, 3.892, 0.000, 0.000, 0.003, 0.000, 4.683
17.800, 1, Obstacle, -460.042, -147.720, 0.000, 3.892, 0.000, 0.000, 0.000, 0.000, 0.000
17.850, 0, Ego, -454.925, -142.953, 0.000, 3.892, 0.000, 0.000, 0.003, 0.000, 4.683
17.850, 1, Obstacle, -460.042, -147.720, 0.000, 3.892, 0.000, 0.000, 0.000, 0.000, 0.000
17.900, 0, Ego, -454.925, -142.953, 0.000, 3.892, 0.000, 0.000, 0.003, 0.000, 4.684
17.900, 1, Obstacle, -460.042, -147.720, 0.000, 3.892, 0.000, 0.000, 0.000, 0.000, 0.000
17.950, 0, Ego, -454.925, -142.953, 0.000, 3.892, 0.000, 0.000, 0.003, 0.000, 4.684
17.950, 1, Obstacle, -460.042, -147.720, 0.000, 3.892, 0.000, 0.000, 0.000, 0.000, 0.000
18.000, 0, Ego, -454.925, -142.953, 0.000, 3.892, 0.000, 0.000, 0.003, 0.000, 4.684
18.000, 1, Obstacle, -460.042, -147.720, 0.000, 3.892, 0.000, 0.000, 0.000, 0.000, 0.000
18.050, 0, Ego, -454.926, -142.953, 0.000, 3.892, 0.000, 0.000, 0.003, 0.000, 4.685
18.050, 1, Obstacle, -460.042, -147.720, 0.000, 3.892, 0.000, 0.000, 0.000, 0.000, 0.000
18.100, 0, Ego, -454.926, -142.953, 0.000, 3.892, 0.000, 0.000, 0.002, 0.000, 4.685
18.100, 1, Obstacle, -460.042, -147.720, 0.000, 3.892, 0.000, 0.000, 0.000, 0.000, 0.000
18.150, 0, Ego, -454.926, -142.953, 0.000, 3.892, 0.000, 0.000, 0.002, 0.000, 4.685
18.150, 1, Obstacle, -460.042, -147.720, 0.000, 3.892, 0.000, 0.000, 0.000, 0.000, 0.000
18.200, 0, Ego, -454.926, -142.953, 0.000, 3.892, 0.000, 0.000, 0.002, 0.000, 4.686
18.200, 1, Obstacle, -460.042, -147.720, 0.000, 3.892, 0.000, 0.000, 0.000, 0.000, 0.000
18.250, 0, Ego, -454.926, -142.953, 0.000, 3.892, 0.000, 0.000, 0.002, 0.000, 4.686
18.250, 1, Obstacle, -460.042, -147.720, 0.000, 3.892, 0.000, 0.000, 0.000, 0.000, 0.000
18.300, 0, Ego, -454.926, -142.953, 0.000, 3.892, 0.000, 0.000, 0.002, 0.000, 4.686
18.300, 1, Obstacle, -460.042, -147.720, 0.000, 3.892, 0.000, 0.000, 0.000, 0.000, 0.000
18.350, 0, Ego, -454.926, -142.953, 0.000, 3.892, 0.000, 0.000, 0.002, 0.000, 4.687
18.350, 1, Obstacle, -460.042, -147.720, 0.000, 3.892, 0.000, 0.000, 0.000, 0.000, 0.000
18.400, 0, Ego, -454.926, -142.954, 0.000, 3.892, 0.000, 0.000, 0.002, 0.000, 4.687
18.400, 1, Obstacle, -460.042, -147.720, 0.000, 3.892, 0.000, 0.000, 0.000, 0.000, 0.000
18.450, 0, Ego, -454.926, -142.954, 0.000, 3.892, 0.000, 0.000, 0.002, 0.000, 4.687
18.450, 1, Obstacle, -460.042, -147.720, 0.000, 3.892, 0.000, 0.000, 0.000, 0.000, 0.000
18.500, 0, Ego, -454.926, -142.954, 0.000, 3.892, 0.000, 0.000, 0.002, 0.000, 4.688
18.500, 1, Obstacle, -460.042, -147.720, 0.000, 3.892, 0.000, 0.000, 0.000, 0.000, 0.000
18.550, 0, Ego, -454.926, -142.954, 0.000, 3.892, 0.000, 0.000, 0.002, 0.000, 4.688
18.550, 1, Obstacle, -460.042, -147.720, 0.000, 3.892, 0.000, 0.000, 0.000, 0.000, 0.000
18.600, 0, Ego, -454.926, -142.954, 0.000, 3.892, 0.000, 0.000, 0.002, 0.000, 4.688
18.600, 1, Obstacle, -460.042, -147.720, 0.000, 3.892, 0.000, 0.000, 0.000, 0.000, 0.000
18.650, 0, Ego, -454.926, -142.954, 0.000, 3.892, 0.000, 0.000, 0.002, 0.000, 4.688
18.650, 1, Obstacle, -460.042, -147.720, 0.000, 3.892, 0.000, 0.000, 0.000, 0.000, 0.000
18.700, 0, Ego, -454.926, -142.954, 0.000, 3.892, 0.000, 0.000, 0.002, 0.000, 4.688
18.700, 1, Obstacle, -460.042, -147.720, 0.000, 3.892, 0.000, 0.000, 0.000, 0.000, 0.000
18.750, 0, Ego, -454.926, -142.954, 0.000, 3.892, 0.000, 0.000, 0.001, 0.000, 4.689
18.750, 1, Obstacle, -460.042, -147.720, 0.000, 3.892, 0.000, 0.000, 0.000, 0.000, 0.000
18.800, 0, Ego, -454.927, -142.954, 0.000, 3.892, 0.000, 0.000, 0.001, 0.000, 4.689
18.800, 1, Obstacle, -460.042, -147.720, 0.000, 3.892, 0.000, 0.000, 0.000, 0.000, 0.000
18.850, 0, Ego, -454.927, -142.954, 0.000, 3.892, 0.000, 0.000, 0.001, 0.000, 4.689
18.850, 1, Obstacle, -460.042, -147.720, 0.000, 3.892, 0.000, 0.000, 0.000, 0.000, 0.000
18.900, 0, Ego, -454.927, -142.954, 0.000, 3.892, 0.000, 0.000, 0.001, 0.000, 4.689
18.900, 1, Obstacle, -460.042, -147.720, 0.000, 3.892, 0.000, 0.000, 0.000, 0.000, 0.000
18.950, 0, Ego, -454.927, -142.954, 0.000, 3.892, 0.000, 0.000, 0.001, 0.000, 4.689
18.950, 1, Obstacle, -460.042, -147.720, 0.000, 3.892, 0.000, 0.000, 0.000, 0.000, 0.000
19.000, 0, Ego, -454.927, -142.954, 0.000, 3.892, 0.000, 0.000, 0.001, 0.000, 4.690
19.000, 1, Obstacle, -460.042, -147.720, 0.000, 3.892, 0.000, 0.000, 0.000, 0.000, 0.000
19.050, 0, Ego, -454.927, -142.954, 0.000, 3.892, 0.000, 0.000, 0.001, 0.000, 4.690
19.050, 1, Obstacle, -460.042, -147.720, 0.000, 3.892, 0.000, 0.000, 0.000, 0.000, 0.000
19.100, 0, Ego, -454.927, -142.954, 0.000, 3.892, 0.000, 0.000, 0.001, 0.000, 4.690
19.100, 1, Obstacle, -460.042, -147.720, 0.000, 3.892, 0.000, 0.000, 0.000, 0.000, 0.000
19.150, 0, Ego, -454.927, -142.954, 0.000, 3.892, 0.000, 0.000, 0.001, 0.000, 4.690
19.150, 1, Obstacle, -460.042, -147.720, 0.000, 3.892, 0.000, 0.000, 0.000, 0.000, 0.000
19.200, 0, Ego, -454.927, -142.954, 0.000, 3.892, 0.000, 0.000, 0.001, 0.000, 4.690
19.200, 1, Obstacle, -460.042, -147.720, 0.000, 3.892, 0.000, 0.000, 0.000, 0.000, 0.000
19.250, 0, Ego, -454.927, -142.954, 0.000, 3.892, 0.000, 0.000, 0.001, 0.000, 4.690
19.250, 1, Obstacle, -460.042, -147.720, 0.000, 3.892, 0.000, 0.000, 0.000, 0.000, 0.000
19.300, 0, Ego, -454.927, -142.954, 0.000, 3.892, 0.000, 0.000, 0.001, 0.000, 4.690
19.300, 1, Obstacle, -460.042, -147.720, 0.000, 3.892, 0.000, 0.000, 0.000, 0.000, 0.000
19.350, 0, Ego, -454.927, -142.954, 0.000, 3.892, 0.000, 0.000, 0.001, 0.000, 4.691
19.350, 1, Obstacle, -460.042, -147.720, 0.000, 3.892, 0.000, 0.000, 0.000, 0.000, 0.000
19.400, 0, Ego, -454.927, -142.954, 0.000, 3.892, 0.000, 0.000, 0.001, 0.000, 4.691
19.400, 1, Obstacle, -460.042, -147.720, 0.000, 3.892, 0.000, 0.000, 0.000, 0.000, 0.000
19.450, 0, Ego, -454.927, -142.954, 0.000, 3.892, 0.000, 0.000, 0.001, 0.000, 4.691
19.450, 1, Obstacle, -460.042, -147.720, 0.000, 3.892, 0.000, 0.000, 0.000, 0.000, 0.000
19.500, 0, Ego, -454.927, -142.954, 0.000, 3.892, 0.000, 0.000, 0.001, 0.000, 4.691
19.500, 1, Obstacle, -460.042, -147.720, 0.000, 3.892, 0.000, 0.000, 0.000, 0.000, 0.000
19.550, 0, Ego, -454.927, -142.954, 0.000, 3.892, 0.000, 0.000, 0.001, 0.000, 4.691
19.550, 1, Obstacle, -460.042, -147.720, 0.000, 3.892, 0.000, 0.000, 0.000, 0.000, 0.000
19.600, 0, Ego, -454.927, -142.954, 0.000, 3.892, 0.000, 0.000, 0.001, 0.000, 4.691
19.600, 1, Obstacle, -460.042, -147.720, 0.000, 3.892, 0.000, 0.000, 0.000, 0.000, 0.000
19.650, 0, Ego, -454.927, -142.955, 0.000, 3.892, 0.000, 0.000, 0.001, 0.000, 4.691
19.650, 1, Obstacle, -460.042, -147.720, 0.000, 3.892, 0.000, 0.000, 0.000, 0.000, 0.000
19.700, 0, Ego, -454.927, -142.955, 0.000, 3.892, 0.000, 0.000, 0.001, 0.000, 4.691
19.700, 1, Obstacle, -460.042, -147.720, 0.000, 3.892, 0.000, 0.000, 0.000, 0.000, 0.000
19.750, 0, Ego, -454.927, -142.955, 0.000, 3.892, 0.000, 0.000, 0.001, 0.000, 4.691
19.750, 1, Obstacle, -460.042, -147.720, 0.000, 3.892, 0.000, 0.000, 0.000, 0.000, 0.000
19.800, 0, Ego, -454.927, -142.955, 0.000, 3.892, 0.000, 0.000, 0.001, 0.000, 4.691
19.800, 1, Obstacle, -460.042, -147.720, 0.000, 3.892, 0.000, 0.000, 0.000, 0.000, 0.000
19.850, 0, Ego, -454.927, -142.955, 0.000, 3.892, 0.000, 0.000, 0.001, 0.000, 4.692
19.850, 1, Obstacle, -460.042, -147.720, 0.000, 3.892, 0.000, 0.000, 0.000, 0.000, 0.000
19.900, 0, Ego, -454.927, -142.955, 0.000, 3.892, 0.000, 0.000, 0.001, 0.000, 4.692
19.900, 1, Obstacle, -460.042, -147.720, 0.000, 3.892, 0.000, 0.000, 0.000, 0.000, 0.000
19.950, 0, Ego, -454.927, -142.955, 0.000, 3.892, 0.000, 0.000, 0.001, 0.000, 4.692
19.950, 1, Obstacle, -460.042, -147.720, 0.000, 3.892, 0.000, 0.000, 0.000, 0.000, 0.000
20.000, 0, Ego, -454.927, -142.955, 0.000, 3.892, 0.000, 0.000, 0.001, 0.000, 4.692
20.000, 1, Obstacle, -460.042, -147.720, 0.000, 3.892, 0.000, 0.000, 0.000, 0.000, 0.000
20.050, 0, Ego, -454.927, -142.955, 0.000, 3.892, 0.000, 0.000, 0.000, 0.000, 4.692
20.050, 1, Obstacle, -460.042, -147.720, 0.000, 3.892, 0.000, 0.000, 0.000, 0.000, 0.000
20.100, 0, Ego, -454.927, -142.955, 0.000, 3.892, 0.000, 0.000, 0.000, 0.000, 4.692
20.100, 1, Obstacle, -460.042, -147.720, 0.000, 3.892, 0.000, 0.000, 0.000, 0.000, 0.000
20.150, 0, Ego, -454.927, -142.955, 0.000, 3.892, 0.000, 0.000, 0.000, 0.000, 4.692
20.150, 1, Obstacle, -460.042, -147.720, 0.000, 3.892, 0.000, 0.000, 0.000, 0.000, 0.000
20.200, 0, Ego, -454.927, -142.955, 0.000, 3.892, 0.000, 0.000, 0.000, 0.000, 4.692
20.200, 1, Obstacle, -460.042, -147.720, 0.000, 3.892, 0.000, 0.000, 0.000, 0.000, 0.000
20.250, 0, Ego, -454.927, -142.955, 0.000, 3.892, 0.000, 0.000, 0.000, 0.000, 4.692
20.250, 1, Obstacle, -460.042, -147.720, 0.000, 3.892, 0.000, 0.000, 0.000, 0.000, 0.000
20.300, 0, Ego, -454.927, -142.955, 0.000, 3.892, 0.000, 0.000, 0.000, 0.000, 4.692
20.300, 1, Obstacle, -460.042, -147.720, 0.000, 3.892, 0.000, 0.000, 0.000, 0.000, 0.000
20.350, 0, Ego, -454.927, -142.955, 0.000, 3.892, 0.000, 0.000, 0.000, 0.000, 4.692
20.350, 1, Obstacle, -460.042, -147.720, 0.000, 3.892, 0.000, 0.000, 0.000, 0.000, 0.000
20.400, 0, Ego, -454.927, -142.955, 0.000, 3.892, 0.000, 0.000, 0.000, 0.000, 4.692
20.400, 1, Obstacle, -460.042, -147.720, 0.000, 3.892, 0.000, 0.000, 0.000, 0.000, 0.000
20.450, 0, Ego, -454.927, -142.955, 0.000, 3.892, 0.000, 0.000, 0.000, 0.000, 4.692
20.450, 1, Obstacle, -460.042, -147.720, 0.000, 3.892, 0.000, 0.000, 0.000, 0.000, 0.000
20.500, 0, Ego, -454.927, -142.955, 0.000, 3.892, 0.000, 0.000, 0.000, 0.000, 4.692
20.500, 1, Obstacle, -460.042, -147.720, 0.000, 3.892, 0.000, 0.000, 0.000, 0.000, 0.000
20.550, 0, Ego, -454.927, -142.955, 0.000, 3.892, 0.000, 0.000, 0.000, 0.000, 4.692
20.550, 1, Obstacle, -460.042, -147.720, 0.000, 3.892, 0.000, 0.000, 0.000, 0.000, 0.000
20.600, 0, Ego, -454.927, -142.955, 0.000, 3.892, 0.000, 0.000, 0.000, 0.000, 4.692
20.600, 1, Obstacle, -460.042, -147.720, 0.000, 3.892, 0.000, 0.000, 0.000, 0.000, 0.000
20.650, 0, Ego, -454.927, -142.955, 0.000, 3.892, 0.000, 0.000, 0.000, 0.000, 4.693
20.650, 1, Obstacle, -460.042, -147.720, 0.000, 3.892, 0.000, 0.000, 0.000, 0.000, 0.000
20.700, 0, Ego, -454.927, -142.955, 0.000, 3.892, 0.000, 0.000, 0.000, 0.000, 4.693
20.700, 1, Obstacle, -460.042, -147.720, 0.000, 3.892, 0.000, 0.000, 0.000, 0.000, 0.000
20.750, 0, Ego, -454.928, -142.955, 0.000, 3.892, 0.000, 0.000, 0.000, 0.000, 4.693
20.750, 1, Obstacle, -460.042, -147.720, 0.000, 3.892, 0.000, 0.000, 0.000, 0.000, 0.000
20.800, 0, Ego, -454.928, -142.955, 0.000, 3.892, 0.000, 0.000, 0.000, 0.000, 4.693
20.800, 1, Obstacle, -460.042, -147.720, 0.000, 3.892, 0.000, 0.000, 0.000, 0.000, 0.000
20.850, 0, Ego, -454.928, -142.955, 0.000, 3.892, 0.000, 0.000, 0.000, 0.000, 4.693
20.850, 1, Obstacle, -460.042, -147.720, 0.000, 3.892, 0.000, 0.000, 0.000, 0.000, 0.000
20.900, 0, Ego, -454.928, -142.955, 0.000, 3.892, 0.000, 0.000, 0.000, 0.000, 4.693
20.900, 1, Obstacle, -460.042, -147.720, 0.000, 3.892, 0.000, 0.000, 0.000, 0.000, 0.000
20.950, 0, Ego, -454.928, -142.955, 0.000, 3.892, 0.000, 0.000, 0.000, 0.000, 4.693
20.950, 1, Obstacle, -460.042, -147.720, 0.000, 3.892, 0.000, 0.000, 0.000, 0.000, 0.000
21.000, 0, Ego, -454.928, -142.955, 0.000, 3.892, 0.000, 0.000, 0.000, 0.000, 4.693
21.000, 1, Obstacle, -460.042, -147.720, 0.000, 3.892, 0.000, 0.000, 0.000, 0.000, 0.000
21.050, 0, Ego, -454.928, -142.955, 0.000, 3.892, 0.000, 0.000, 0.000, 0.000, 4.693
21.050, 1, Obstacle, -460.042, -147.720, 0.000, 3.892, 0.000, 0.000, 0.000, 0.000, 0.000
21.100, 0, Ego, -454.928, -142.955, 0.000, 3.892, 0.000, 0.000, 0.000, 0.000, 4.693
21.100, 1, Obstacle, -460.042, -147.720, 0.000, 3.892, 0.000, 0.000, 0.000, 0.000, 0.000
21.150, 0, Ego, -454.928, -142.955, 0.000, 3.892, 0.000, 0.000, 0.000, 0.000, 4.693
21.150, 1, Obstacle, -460.042, -147.720, 0.000, 3.892, 0.000, 0.000, 0.000, 0.000, 0.000
21.200, 0, Ego, -454.928, -142.955, 0.000, 3.892, 0.000, 0.000, 0.000, 0.000, 4.693
21.200, 1, Obstacle, -460.042, -147.720, 0.000, 3.892, 0.000, 0.000, 0.000, 0.000, 0.000
21.250, 0, Ego, -454.928, -142.955, 0.000, 3.892, 0.000, 0.000, 0.000, 0.000, 4.693
21.250, 1, Obstacle, -460.042, -147.720, 0.000, 3.892, 0.000, 0.000, 0.000, 0.000, 0.000
21.300, 0, Ego, -454.928, -142.955, 0.000, 3.892, 0.000, 0.000, 0.000, 0.000, 4.693
21.300, 1, Obstacle, -460.042, -147.720, 0.000, 3.892, 0.000, 0.000, 0.000, 0.000, 0.000
21.350, 0, Ego, -454.928, -142.955, 0.000, 3.892, 0.000, 0.000, 0.000, 0.000, 4.693
21.350, 1, Obstacle, -460.042, -147.720, 0.000, 3.892, 0.000, 0.000, 0.000, 0.000, 0.000
21.400, 0, Ego, -454.928, -142.955, 0.000, 3.892, 0.000, 0.000, 0.000, 0.000, 4.693
21.400, 1, Obstacle, -460.042, -147.720, 0.000, 3.892, 0.000, 0.000, 0.000, 0.000, 0.000
21.450, 0, Ego, -454.928, -142.955, 0.000, 3.892, 0.000, 0.000, 0.000, 0.000, 4.693
21.450, 1, Obstacle, -460.042, -147.720, 0.000, 3.892, 0.000, 0.000, 0.000, 0.000, 0.000
21.500, 0, Ego, -454.928, -142.955, 0.000, 3.892, 0.000, 0.000, 0.000, 0.000, 4.693
21.500, 1, Obstacle, -460.042, -147.720, 0.000, 3.892, 0.000, 0.000, 0.000, 0.000, 0.000
21.550, 0, Ego, -454.928, -142.955, 0.000, 3.892, 0.000, 0.000, 0.000, 0.000, 4.693
21.550, 1, Obstacle, -460.042, -147.720, 0.000, 3.892, 0.000, 0.000, 0.000, 0.000, 0.000
21.600, 0, Ego, -454.928, -142.955, 0.000, 3.892, 0.000, 0.000, 0.000, 0.000, 4.693
21.600, 1, Obstacle, -460.042, -147.720, 0.000, 3.892, 0.000, 0.000, 0.000, 0.000, 0.000
21.650, 0, Ego, -454.928, -142.955, 0.000, 3.892, 0.000, 0.000, 0.000, 0.000, 4.693
21.650, 1, Obstacle, -460.042, -147.720, 0.000, 3.892, 0.000, 0.000, 0.000, 0.000, 0.000
21.700, 0, Ego, -454.928, -142.955, 0.000, 3.892, 0.000, 0.000, 0.000, 0.000, 4.693
21.700, 1, Obstacle, -460.042, -147.720, 0.000, 3.892, 0.000, 0.000, 0.000, 0.000, 0.000
21.750, 0, Ego, -454.928, -142.955, 0.000, 3.892, 0.000, 0.000, 0.000, 0.000, 4.693
21.750, 1, Obstacle, -460.042, -147.720, 0.000, 3.892, 0.000, 0.000, 0.000, 0.000, 0.000
21.800, 0, Ego, -454.928, -142.955, 0.000, 3.892, 0.000, 0.000, 0.000, 0.000, 4.693
21.800, 1, Obstacle, -460.042, -147.720, 0.000, 3.892, 0.000, 0.000, 0.000, 0.000, 0.000
21.850, 0, Ego, -454.928, -142.955, 0.000, 3.892, 0.000, 0.000, 0.000, 0.000, 4.693
21.850, 1, Obstacle, -460.042, -147.720, 0.000, 3.892, 0.000, 0.000, 0.000, 0.000, 0.000
21.900, 0, Ego, -454.928, -142.955, 0.000, 3.892, 0.000, 0.000, 0.000, 0.000, 4.693
21.900, 1, Obstacle, -460.042, -147.720, 0.000, 3.892, 0.000, 0.000, 0.000, 0.000, 0.000
21.950, 0, Ego, -454.928, -142.955, 0.000, 3.892, 0.000, 0.000, 0.000, 0.000, 4.693
21.950, 1, Obstacle, -460.042, -147.720, 0.000, 3.892, 0.000, 0.000, 0.000, 0.000, 0.000
22.000, 0, Ego, -454.928, -142.955, 0.000, 3.892, 0.000, 0.000, 0.000, 0.000, 4.693
22.000, 1, Obstacle, -460.042, -147.720, 0.000, 3.892, 0.000, 0.000, 0.000, 0.000, 0.000
22.050, 0, Ego, -454.928, -142.955, 0.000, 3.892, 0.000, 0.000, 0.000, 0.000, 4.693
22.050, 1, Obstacle, -460.042, -147.720, 0.000, 3.892, 0.000, 0.000, 0.000, 0.000, 0.000
22.100, 0, Ego, -454.928, -142.955, 0.000, 3.892, 0.000, 0.000, 0.000, 0.000, 4.693
22.100, 1, Obstacle, -460.042, -147.720, 0.000, 3.892, 0.000, 0.000, 0.000, 0.000, 0.000
22.150, 0, Ego, -454.928, -142.955, 0.000, 3.892, 0.000, 0.000, 0.000, 0.000, 4.693
22.150, 1, Obstacle, -460.042, -147.720, 0.000, 3.892, 0.000, 0.000, 0.000, 0.000, 0.000
22.200, 0, Ego, -454.928, -142.955, 0.000, 3.892, 0.000, 0.000, 0.000, 0.000, 4.693
22.200, 1, Obstacle, -460.042, -147.720, 0.000, 3.892, 0.000, 0.000, 0.000, 0.000, 0.000
22.250, 0, Ego, -454.928, -142.955, 0.000, 3.892, 0.000, 0.000, 0.000, 0.000, 4.693
22.250, 1, Obstacle, -460.042, -147.720, 0.000, 3.892, 0.000, 0.000, 0.000, 0.000, 0.000
22.300, 0, Ego, -454.928, -142.955, 0.000, 3.892, 0.000, 0.000, 0.000, 0.000, 4.693
22.300, 1, Obstacle, -460.042, -147.720, 0.000, 3.892, 0.000, 0.000, 0.000, 0.000, 0.000
22.350, 0, Ego, -454.928, -142.955, 0.000, 3.892, 0.000, 0.000, 0.000, 0.000, 4.693
22.350, 1, Obstacle, -460.042, -147.720, 0.000, 3.892, 0.000, 0.000, 0.000, 0.000, 0.000
22.400, 0, Ego, -454.928, -142.955, 0.000, 3.892, 0.000, 0.000, 0.000, 0.000, 4.693
22.400, 1, Obstacle, -460.042, -147.720, 0.000, 3.892, 0.000, 0.000, 0.000, 0.000, 0.000
22.450, 0, Ego, -454.928, -142.955, 0.000, 3.892, 0.000, 0.000, 0.000, 0.000, 4.693
22.450, 1, Obstacle, -460.042, -147.720, 0.000, 3.892, 0.000, 0.000, 0.000, 0.000, 0.000
22.500, 0, Ego, -454.928, -142.955, 0.000, 3.892, 0.000, 0.000, 0.000, 0.000, 4.693
22.500, 1, Obstacle, -460.042, -147.720, 0.000, 3.892, 0.000, 0.000, 0.000, 0.000, 0.000
22.550, 0, Ego, -454.928, -142.955, 0.000, 3.892, 0.000, 0.000, 0.000, 0.000, 4.693
22.550, 1, Obstacle, -460.042, -147.720, 0.000, 3.892, 0.000, 0.000, 0.000, 0.000, 0.000
22.600, 0, Ego, -454.928, -142.955, 0.000, 3.892, 0.000, 0.000, 0.000, 0.000, 4.693
22.600, 1, Obstacle, -460.042, -147.720, 0.000, 3.892, 0.000, 0.000, 0.000, 0.000, 0.000
22.650, 0, Ego, -454.928, -142.955, 0.000, 3.892, 0.000, 0.000, 0.000, 0.000, 4.693
22.650, 1, Obstacle, -460.042, -147.720, 0.000, 3.892, 0.000, 0.000, 0.000, 0.000, 0.000
22.700, 0, Ego, -454.928, -142.955, 0.000, 3.892, 0.000, 0.000, 0.000, 0.000, 4.693
22.700, 1, Obstacle, -460.042, -147.720, 0.000, 3.892, 0.000, 0.000, 0.000, 0.000, 0.000
22.750, 0, Ego, -454.928, -142.955, 0.000, 3.892, 0.000, 0.000, 0.000, 0.000, 4.693
22.750, 1, Obstacle, -460.042, -147.720, 0.000, 3.892, 0.000, 0.000, 0.000, 0.000, 0.000
22.800, 0, Ego, -454.928, -142.955, 0.000, 3.892, 0.000, 0.000, 0.000, 0.000, 4.693
22.800, 1, Obstacle, -460.042, -147.720, 0.000, 3.892, 0.000, 0.000, 0.000, 0.000, 0.000
22.850, 0, Ego, -454.928, -142.955, 0.000, 3.892, 0.000, 0.000, 0.000, 0.000, 4.693
22.850, 1, Obstacle, -460.042, -147.720, 0.000, 3.892, 0.000, 0.000, 0.000, 0.000, 0.000
22.900, 0, Ego, -454.928, -142.955, 0.000, 3.892, 0.000, 0.000, 0.000, 0.000, 4.693
22.900, 1, Obstacle, -460.042, -147.720, 0.000, 3.892, 0.000, 0.000, 0.000, 0.000, 0.000
22.950, 0, Ego, -454.928, -142.955, 0.000, 3.892, 0.000, 0.000, 0.000, 0.000, 4.693
22.950, 1, Obstacle, -460.042, -147.720, 0.000, 3.892, 0.000, 0.000, 0.000, 0.000, 0.000
23.000, 0, Ego, -454.928, -142.955, 0.000, 3.892, 0.000, 0.000, 0.000, 0.000, 4.693
23.000, 1, Obstacle, -460.042, -147.720, 0.000, 3.892, 0.000, 0.000, 0.000, 0.000, 0.000
23.050, 0, Ego, -454.928, -142.955, 0.000, 3.892, 0.000, 0.000, 0.000, 0.000, 4.693
23.050, 1, Obstacle, -460.042, -147.720, 0.000, 3.892, 0.000, 0.000, 0.000, 0.000, 0.000
23.100, 0, Ego, -454.928, -142.955, 0.000, 3.892, 0.000, 0.000, 0.000, 0.000, 4.693
23.100, 1, Obstacle, -460.042, -147.720, 0.000, 3.892, 0.000, 0.000, 0.000, 0.000, 0.000
23.150, 0, Ego, -454.928, -142.955, 0.000, 3.892, 0.000, 0.000, 0.000, 0.000, 4.693
23.150, 1, Obstacle, -460.042, -147.720, 0.000, 3.892, 0.000, 0.000, 0.000, 0.000, 0.000
23.200, 0, Ego, -454.928, -142.955, 0.000, 3.892, 0.000, 0.000, 0.000, 0.000, 4.693
23.200, 1, Obstacle, -460.042, -147.720, 0.000, 3.892, 0.000, 0.000, 0.000, 0.000, 0.000
23.250, 0, Ego, -454.928, -142.955, 0.000, 3.892, 0.000, 0.000, 0.000, 0.000, 4.693
23.250, 1, Obstacle, -460.042, -147.720, 0.000, 3.892, 0.000, 0.000, 0.000, 0.000, 0.000
23.300, 0, Ego, -454.928, -142.955, 0.000, 3.892, 0.000, 0.000, 0.000, 0.000, 4.693
23.300, 1, Obstacle, -460.042, -147.720, 0.000, 3.892, 0.000, 0.000, 0.000, 0.000, 0.000
23.350, 0, Ego, -454.928, -142.955, 0.000, 3.892, 0.000, 0.000, 0.000, 0.000, 4.693
23.350, 1, Obstacle, -460.042, -147.720, 0.000, 3.892, 0.000, 0.000, 0.000, 0.000, 0.000
23.400, 0, Ego, -454.928, -142.955, 0.000, 3.892, 0.000, 0.000, 0.000, 0.000, 4.693
23.400, 1, Obstacle, -460.042, -147.720, 0.000, 3.892, 0.000, 0.000, 0.000, 0.000, 0.000
23.450, 0, Ego, -454.928, -142.955, 0.000, 3.892, 0.000, 0.000, 0.000, 0.000, 4.693
23.450, 1, Obstacle, -460.042, -147.720, 0.000, 3.892, 0.000, 0.000, 0.000, 0.000, 0.000
23.500, 0, Ego, -454.928, -142.955, 0.000, 3.892, 0.000, 0.000, 0.000, 0.000, 4.693
23.500, 1, Obstacle, -460.042, -147.720, 0.000, 3.892, 0.000, 0.000, 0.000, 0.000, 0.000
23.550, 0, Ego, -454.928, -142.955, 0.000, 3.892, 0.000, 0.000, 0.000, 0.000, 4.693
23.550, 1, Obstacle, -460.042, -147.720, 0.000, 3.892, 0.000, 0.000, 0.000, 0.000, 0.000
23.600, 0, Ego, -454.928, -142.955, 0.000, 3.892, 0.000, 0.000, 0.000, 0.000, 4.693
23.600, 1, Obstacle, -460.042, -147.720, 0.000, 3.892, 0.000, 0.000, 0.000, 0.000, 0.000
23.650, 0, Ego, -454.928, -142.955, 0.000, 3.892, 0.000, 0.000, 0.000, 0.000, 4.693
23.650, 1, Obstacle, -460.042, -147.720, 0.000, 3.892, 0.000, 0.000, 0.000, 0.000, 0.000
23.700, 0, Ego, -454.928, -142.955, 0.000, 3.892, 0.000, 0.000, 0.000, 0.000, 4.693
23.700, 1, Obstacle, -460.042, -147.720, 0.000, 3.892, 0.000, 0.000, 0.000, 0.000, 0.000
23.750, 0, Ego, -454.928, -142.955, 0.000, 3.892, 0.000, 0.000, 0.000, 0.000, 4.693
23.750, 1, Obstacle, -460.042, -147.720, 0.000, 3.892, 0.000, 0.000, 0.000, 0.000, 0.000
23.800, 0, Ego, -454.928, -142.955, 0.000, 3.892, 0.000, 0.000, 0.000, 0.000, 4.693
23.800, 1, Obstacle, -460.042, -147.720, 0.000, 3.892, 0.000, 0.000, 0.000, 0.000, 0.000
23.850, 0, Ego, -454.928, -142.955, 0.000, 3.892, 0.000, 0.000, 0.000, 0.000, 4.693
23.850, 1, Obstacle, -460.042, -147.720, 0.000, 3.892, 0.000, 0.000, 0.000, 0.000, 0.000
23.900, 0, Ego, -454.928, -142.955, 0.000, 3.892, 0.000, 0.000, 0.000, 0.000, 4.693
23.900, 1, Obstacle, -460.042, -147.720, 0.000, 3.892, 0.000, 0.000, 0.000, 0.000, 0.000
23.950, 0, Ego, -454.928, -142.955, 0.000, 3.892, 0.000, 0.000, 0.000, 0.000, 4.694
23.950, 1, Obstacle, -460.042, -147.720, 0.000, 3.892, 0.000, 0.000, 0.000, 0.000, 0.000
24.000, 0, Ego, -454.928, -142.955, 0.000, 3.892, 0.000, 0.000, 0.000, 0.000, 4.694
24.000, 1, Obstacle, -460.042, -147.720, 0.000, 3.892, 0.000, 0.000, 0.000, 0.000, 0.000
24.050, 0, Ego, -454.928, -142.955, 0.000, 3.892, 0.000, 0.000, 0.000, 0.000, 4.694
24.050, 1, Obstacle, -460.042, -147.720, 0.000, 3.892, 0.000, 0.000, 0.000, 0.000, 0.000
24.100, 0, Ego, -454.928, -142.955, 0.000, 3.892, 0.000, 0.000, 0.000, 0.000, 4.694
24.100, 1, Obstacle, -460.042, -147.720, 0.000, 3.892, 0.000, 0.000, 0.000, 0.000, 0.000
24.150, 0, Ego, -454.928, -142.955, 0.000, 3.892, 0.000, 0.000, 0.000, 0.000, 4.694
24.150, 1, Obstacle, -460.042, -147.720, 0.000, 3.892, 0.000, 0.000, 0.000, 0.000, 0.000
24.200, 0, Ego, -454.928, -142.955, 0.000, 3.892, 0.000, 0.000, 0.000, 0.000, 4.694
24.200, 1, Obstacle, -460.042, -147.720, 0.000, 3.892, 0.000, 0.000, 0.000, 0.000, 0.000
24.250, 0, Ego, -454.928, -142.955, 0.000, 3.892, 0.000, 0.000, 0.000, 0.000, 4.694
24.250, 1, Obstacle, -460.042, -147.720, 0.000, 3.892, 0.000, 0.000, 0.000, 0.000, 0.000
24.300, 0, Ego, -454.928, -142.955, 0.000, 3.892, 0.000, 0.000, 0.000, 0.000, 4.694
24.300, 1, Obstacle, -460.042, -147.720, 0.000, 3.892, 0.000, 0.000, 0.000, 0.000, 0.000
24.350, 0, Ego, -454.928, -142.955, 0.000, 3.892, 0.000, 0.000, 0.000, 0.000, 4.694
24.350, 1, Obstacle, -460.042, -147.720, 0.000, 3.892, 0.000, 0.000, 0.000, 0.000, 0.000
24.400, 0, Ego, -454.928, -142.955, 0.000, 3.892, 0.000, 0.000, 0.000, 0.000, 4.694
24.400, 1, Obstacle, -460.042, -147.720, 0.000, 3.892, 0.000, 0.000, 0.000, 0.000, 0.000
24.450, 0, Ego, -454.928, -142.955, 0.000, 3.892, 0.000, 0.000, 0.000, 0.000, 4.694
24.450, 1, Obstacle, -460.042, -147.720, 0.000, 3.892, 0.000, 0.000, 0.000, 0.000, 0.000
24.500, 0, Ego, -454.928, -142.955, 0.000, 3.892, 0.000, 0.000, 0.000, 0.000, 4.694
24.500, 1, Obstacle, -460.042, -147.720, 0.000, 3.892, 0.000, 0.000, 0.000, 0.000, 0.000
24.550, 0, Ego, -454.928, -142.955, 0.000, 3.892, 0.000, 0.000, 0.000, 0.000, 4.694
24.550, 1, Obstacle, -460.042, -147.720, 0.000, 3.892, 0.000, 0.000, 0.000, 0.000, 0.000
24.600, 0, Ego, -454.928, -142.955, 0.000, 3.892, 0.000, 0.000, 0.000, 0.000, 4.694
24.600, 1, Obstacle, -460.042, -147.720, 0.000, 3.892, 0.000, 0.000, 0.000, 0.000, 0.000
24.650, 0, Ego, -454.928, -142.955, 0.000, 3.892, 0.000, 0.000, 0.000, 0.000, 4.694
24.650, 1, Obstacle, -460.042, -147.720, 0.000, 3.892, 0.000, 0.000, 0.000, 0.000, 0.000
24.700, 0, Ego, -454.928, -142.955, 0.000, 3.892, 0.000, 0.000, 0.000, 0.000, 4.694
24.700, 1, Obstacle, -460.042, -147.720, 0.000, 3.892, 0.000, 0.000, 0.000, 0.000, 0.000
24.750, 0, Ego, -454.928, -142.955, 0.000, 3.892, 0.000, 0.000, 0.000, 0.000, 4.694
24.750, 1, Obstacle, -460.042, -147.720, 0.000, 3.892, 0.000, 0.000, 0.000, 0.000, 0.000
24.800, 0, Ego, -454.928, -142.955, 0.000, 3.892, 0.000, 0.000, 0.000, 0.000, 4.694
24.800, 1, Obstacle, -460.042, -147.720, 0.000, 3.892, 0.000, 0.000, 0.000, 0.000, 0.000
24.850, 0, Ego, -454.928, -142.955, 0.000, 3.892, 0.000, 0.000, 0.000, 0.000, 4.694
24.850, 1, Obstacle, -460.042, -147.720, 0.000, 3.892, 0.000, 0.000, 0.000, 0.000, 0.000
24.900, 0, Ego, -454.928, -142.955, 0.000, 3.892, 0.000, 0.000, 0.000, 0.000, 4.694
24.900, 1, Obstacle, -460.042, -147.720, 0.000, 3.892, 0.000, 0.000, 0.000, 0.000, 0.000
24.950, 0, Ego, -454.928, -142.955, 0.000, 3.892, 0.000, 0.000, 0.000, 0.000, 4.694
24.950, 1, Obstacle, -460.042, -147.720, 0.000, 3.892, 0.000, 0.000, 0.000, 0.000, 0.000
25.000, 0, Ego, -454.928, -142.955, 0.000, 3.892, 0.000, 0.000, 0.000, 0.000, 4.694
25.000, 1, Obstacle, -460.042, -147.720, 0.000, 3.892, 0.000, 0.000, 0.000, 0.000, 0.000
25.050, 0, Ego, -454.928, -142.955, 0.000, 3.892, 0.000, 0.000, 0.000, 0.000, 4.694
25.050, 1, Obstacle, -460.042, -147.720, 0.000, 3.892, 0.000, 0.000, 0.000, 0.000, 0.000
25.100, 0, Ego, -454.928, -142.955, 0.000, 3.892, 0.000, 0.000, 0.000, 0.000, 4.694
25.100, 1, Obstacle, -460.042, -147.720, 0.000, 3.892, 0.000, 0.000, 0.000, 0.000, 0.000
25.150, 0, Ego, -454.928, -142.955, 0.000, 3.892, 0.000, 0.000, 0.000, 0.000, 4.694
25.150, 1, Obstacle, -460.042, -147.720, 0.000, 3.892, 0.000, 0.000, 0.000, 0.000, 0.000
25.200, 0, Ego, -454.928, -142.955, 0.000, 3.892, 0.000, 0.000, 0.000, 0.000, 4.694
25.200, 1, Obstacle, -460.042, -147.720, 0.000, 3.892, 0.000, 0.000, 0.000, 0.000, 0.000
25.250, 0, Ego, -454.928, -142.955, 0.000, 3.892, 0.000, 0.000, 0.000, 0.000, 4.694
25.250, 1, Obstacle, -460.042, -147.720, 0.000, 3.892, 0.000, 0.000, 0.000, 0.000, 0.000
25.300, 0, Ego, -454.928, -142.955, 0.000, 3.892, 0.000, 0.000, 0.000, 0.000, 4.694
25.300, 1, Obstacle, -460.042, -147.720, 0.000, 3.892, 0.000, 0.000, 0.000, 0.000, 0.000
25.350, 0, Ego, -454.928, -142.955, 0.000, 3.892, 0.000, 0.000, 0.000, 0.000, 4.694
25.350, 1, Obstacle, -460.042, -147.720, 0.000, 3.892, 0.000, 0.000, 0.000, 0.000, 0.000
25.400, 0, Ego, -454.928, -142.955, 0.000, 3.892, 0.000, 0.000, 0.000, 0.000, 4.694
25.400, 1, Obstacle, -460.042, -147.720, 0.000, 3.892, 0.000, 0.000, 0.000, 0.000, 0.000
25.450, 0, Ego, -454.928, -142.955, 0.000, 3.892, 0.000, 0.000, 0.000, 0.000, 4.694
25.450, 1, Obstacle, -460.042, -147.720, 0.000, 3.892, 0.000, 0.000, 0.000, 0.000, 0.000
25.500, 0, Ego, -454.928, -142.955, 0.000, 3.892, 0.000, 0.000, 0.000, 0.000, 4.694
25.500, 1, Obstacle, -460.042, -147.720, 0.000, 3.892, 0.000, 0.000, 0.000, 0.000, 0.000
25.550, 0, Ego, -454.928, -142.955, 0.000, 3.892, 0.000, 0.000, 0.000, 0.000, 4.694
25.550, 1, Obstacle, -460.042, -147.720, 0.000, 3.892, 0.000, 0.000, 0.000, 0.000, 0.000
25.600, 0, Ego, -454.928, -142.955, 0.000, 3.892, 0.000, 0.000, 0.000, 0.000, 4.694
25.600, 1, Obstacle, -460.042, -147.720, 0.000, 3.892, 0.000, 0.000, 0.000, 0.000, 0.000
25.650, 0, Ego, -454.928, -142.955, 0.000, 3.892, 0.000, 0.000, 0.000, 0.000, 4.694
25.650, 1, Obstacle, -460.042, -147.720, 0.000, 3.892, 0.000, 0.000, 0.000, 0.000, 0.000
25.700, 0, Ego, -454.928, -142.955, 0.000, 3.892, 0.000, 0.000, 0.000, 0.000, 4.694
25.700, 1, Obstacle, -460.042, -147.720, 0.000, 3.892, 0.000, 0.000, 0.000, 0.000, 0.000
25.750, 0, Ego, -454.928, -142.955, 0.000, 3.892, 0.000, 0.000, 0.000, 0.000, 4.694
25.750, 1, Obstacle, -460.042, -147.720, 0.000, 3.892, 0.000, 0.000, 0.000, 0.000, 0.000
25.800, 0, Ego, -454.928, -142.955, 0.000, 3.892, 0.000, 0.000, 0.000, 0.000, 4.694
25.800, 1, Obstacle, -460.042, -147.720, 0.000, 3.892, 0.000, 0.000, 0.000, 0.000, 0.000
25.850, 0, Ego, -454.928, -142.955, 0.000, 3.892, 0.000, 0.000, 0.000, 0.000, 4.694
25.850, 1, Obstacle, -460.042, -147.720, 0.000, 3.892, 0.000, 0.000, 0.000, 0.000, 0.000
25.900, 0, Ego, -454.928, -142.955, 0.000, 3.892, 0.000, 0.000, 0.000, 0.000, 4.694
25.900, 1, Obstacle, -460.042, -147.720, 0.000, 3.892, 0.000, 0.000, 0.000, 0.000, 0.000
25.950, 0, Ego, -454.928, -142.955, 0.000, 3.892, 0.000, 0.000, 0.000, 0.000, 4.694
25.950, 1, Obstacle, -460.042, -147.720, 0.000, 3.892, 0.000, 0.000, 0.000, 0.000, 0.000
26.000, 0, Ego, -454.928, -142.955, 0.000, 3.892, 0.000, 0.000, 0.000, 0.000, 4.694
26.000, 1, Obstacle, -460.042, -147.720, 0.000, 3.892, 0.000, 0.000, 0.000, 0.000, 0.000
26.050, 0, Ego, -454.928, -142.955, 0.000, 3.892, 0.000, 0.000, 0.000, 0.000, 4.694
26.050, 1, Obstacle, -460.042, -147.720, 0.000, 3.892, 0.000, 0.000, 0.000, 0.000, 0.000
26.100, 0, Ego, -454.928, -142.955, 0.000, 3.892, 0.000, 0.000, 0.000, 0.000, 4.694
26.100, 1, Obstacle, -460.042, -147.720, 0.000, 3.892, 0.000, 0.000, 0.000, 0.000, 0.000
26.150, 0, Ego, -454.928, -142.955, 0.000, 3.892, 0.000, 0.000, 0.000, 0.000, 4.694
26.150, 1, Obstacle, -460.042, -147.720, 0.000, 3.892, 0.000, 0.000, 0.000, 0.000, 0.000
26.200, 0, Ego, -454.928, -142.955, 0.000, 3.892, 0.000, 0.000, 0.000, 0.000, 4.694
26.200, 1, Obstacle, -460.042, -147.720, 0.000, 3.892, 0.000, 0.000, 0.000, 0.000, 0.000
26.250, 0, Ego, -454.928, -142.955, 0.000, 3.892, 0.000, 0.000, 0.000, 0.000, 4.694
26.250, 1, Obstacle, -460.042, -147.720, 0.000, 3.892, 0.000, 0.000, 0.000, 0.000, 0.000
26.300, 0, Ego, -454.928, -142.955, 0.000, 3.892, 0.000, 0.000, 0.000, 0.000, 4.694
26.300, 1, Obstacle, -460.042, -147.720, 0.000, 3.892, 0.000, 0.000, 0.000, 0.000, 0.000
26.350, 0, Ego, -454.928, -142.955, 0.000, 3.892, 0.000, 0.000, 0.000, 0.000, 4.694
26.350, 1, Obstacle, -460.042, -147.720, 0.000, 3.892, 0.000, 0.000, 0.000, 0.000, 0.000
26.400, 0, Ego, -454.928, -142.955, 0.000, 3.892, 0.000, 0.000, 0.000, 0.000, 4.694
26.400, 1, Obstacle, -460.042, -147.720, 0.000, 3.892, 0.000, 0.000, 0.000, 0.000, 0.000
26.450, 0, Ego, -454.928, -142.955, 0.000, 3.892, 0.000, 0.000, 0.000, 0.000, 4.694
26.450, 1, Obstacle, -460.042, -147.720, 0.000, 3.892, 0.000, 0.000, 0.000, 0.000, 0.000
26.500, 0, Ego, -454.928, -142.955, 0.000, 3.892, 0.000, 0.000, 0.000, 0.000, 4.694
26.500, 1, Obstacle, -460.042, -147.720, 0.000, 3.892, 0.000, 0.000, 0.000, 0.000, 0.000
26.550, 0, Ego, -454.928, -142.955, 0.000, 3.892, 0.000, 0.000, 0.000, 0.000, 4.694
26.550, 1, Obstacle, -460.042, -147.720, 0.000, 3.892, 0.000, 0.000, 0.000, 0.000, 0.000
26.600, 0, Ego, -454.928, -142.955, 0.000, 3.892, 0.000, 0.000, 0.000, 0.000, 4.694
26.600, 1, Obstacle, -460.042, -147.720, 0.000, 3.892, 0.000, 0.000, 0.000, 0.000, 0.000
26.650, 0, Ego, -454.928, -142.955, 0.000, 3.892, 0.000, 0.000, 0.000, 0.000, 4.694
26.650, 1, Obstacle, -460.042, -147.720, 0.000, 3.892, 0.000, 0.000, 0.000, 0.000, 0.000
26.700, 0, Ego, -454.928, -142.955, 0.000, 3.892, 0.000, 0.000, 0.000, 0.000, 4.694
26.700, 1, Obstacle, -460.042, -147.720, 0.000, 3.892, 0.000, 0.000, 0.000, 0.000, 0.000
26.750, 0, Ego, -454.928, -142.955, 0.000, 3.892, 0.000, 0.000, 0.000, 0.000, 4.694
26.750, 1, Obstacle, -460.042, -147.720, 0.000, 3.892, 0.000, 0.000, 0.000, 0.000, 0.000
26.800, 0, Ego, -454.928, -142.955, 0.000, 3.892, 0.000, 0.000, 0.000, 0.000, 4.694
26.800, 1, Obstacle, -460.042, -147.720, 0.000, 3.892, 0.000, 0.000, 0.000, 0.000, 0.000
26.850, 0, Ego, -454.928, -142.955, 0.000, 3.892, 0.000, 0.000, 0.000, 0.000, 4.694
26.850, 1, Obstacle, -460.042, -147.720, 0.000, 3.892, 0.000, 0.000, 0.000, 0.000, 0.000
26.900, 0, Ego, -454.928, -142.955, 0.000, 3.892, 0.000, 0.000, 0.000, 0.000, 4.694
26.900, 1, Obstacle, -460.042, -147.720, 0.000, 3.892, 0.000, 0.000, 0.000, 0.000, 0.000
26.950, 0, Ego, -454.928, -142.955, 0.000, 3.892, 0.000, 0.000, 0.000, 0.000, 4.694
26.950, 1, Obstacle, -460.042, -147.720, 0.000, 3.892, 0.000, 0.000, 0.000, 0.000, 0.000
27.000, 0, Ego, -454.928, -142.955, 0.000, 3.892, 0.000, 0.000, 0.000, 0.000, 4.694
27.000, 1, Obstacle, -460.042, -147.720, 0.000, 3.892, 0.000, 0.000, 0.000, 0.000, 0.000
27.050, 0, Ego, -454.928, -142.955, 0.000, 3.892, 0.000, 0.000, 0.000, 0.000, 4.694
27.050, 1, Obstacle, -460.042, -147.720, 0.000, 3.892, 0.000, 0.000, 0.000, 0.000, 0.000
27.100, 0, Ego, -454.928, -142.955, 0.000, 3.892, 0.000, 0.000, 0.000, 0.000, 4.694
27.100, 1, Obstacle, -460.042, -147.720, 0.000, 3.892, 0.000, 0.000, 0.000, 0.000, 0.000
27.150, 0, Ego, -454.928, -142.955, 0.000, 3.892, 0.000, 0.000, 0.000, 0.000, 4.694
27.150, 1, Obstacle, -460.042, -147.720, 0.000, 3.892, 0.000, 0.000, 0.000, 0.000, 0.000
27.200, 0, Ego, -454.928, -142.955, 0.000, 3.892, 0.000, 0.000, 0.000, 0.000, 4.694
27.200, 1, Obstacle, -460.042, -147.720, 0.000, 3.892, 0.000, 0.000, 0.000, 0.000, 0.000
27.250, 0, Ego, -454.928, -142.955, 0.000, 3.892, 0.000, 0.000, 0.000, 0.000, 4.694
27.250, 1, Obstacle, -460.042, -147.720, 0.000, 3.892, 0.000, 0.000, 0.000, 0.000, 0.000
27.300, 0, Ego, -454.928, -142.955, 0.000, 3.892, 0.000, 0.000, 0.000, 0.000, 4.694
27.300, 1, Obstacle, -460.042, -147.720, 0.000, 3.892, 0.000, 0.000, 0.000, 0.000, 0.000
27.350, 0, Ego, -454.928, -142.955, 0.000, 3.892, 0.000, 0.000, 0.000, 0.000, 4.694
27.350, 1, Obstacle, -460.042, -147.720, 0.000, 3.892, 0.000, 0.000, 0.000, 0.000, 0.000
27.400, 0, Ego, -454.928, -142.955, 0.000, 3.892, 0.000, 0.000, 0.000, 0.000, 4.694
27.400, 1, Obstacle, -460.042, -147.720, 0.000, 3.892, 0.000, 0.000, 0.000, 0.000, 0.000
27.450, 0, Ego, -454.928, -142.955, 0.000, 3.892, 0.000, 0.000, 0.000, 0.000, 4.694
27.450, 1, Obstacle, -460.042, -147.720, 0.000, 3.892, 0.000, 0.000, 0.000, 0.000, 0.000
27.500, 0, Ego, -454.928, -142.955, 0.000, 3.892, 0.000, 0.000, 0.000, 0.000, 4.694
27.500, 1, Obstacle, -460.042, -147.720, 0.000, 3.892, 0.000, 0.000, 0.000, 0.000, 0.000
27.550, 0, Ego, -454.928, -142.955, 0.000, 3.892, 0.000, 0.000, 0.000, 0.000, 4.694
27.550, 1, Obstacle, -460.042, -147.720, 0.000, 3.892, 0.000, 0.000, 0.000, 0.000, 0.000
27.600, 0, Ego, -454.928, -142.955, 0.000, 3.892, 0.000, 0.000, 0.000, 0.000, 4.694
27.600, 1, Obstacle, -460.042, -147.720, 0.000, 3.892, 0.000, 0.000, 0.000, 0.000, 0.000
27.650, 0, Ego, -454.928, -142.955, 0.000, 3.892, 0.000, 0.000, 0.000, 0.000, 4.694
27.650, 1, Obstacle, -460.042, -147.720, 0.000, 3.892, 0.000, 0.000, 0.000, 0.000, 0.000
27.700, 0, Ego, -454.928, -142.955, 0.000, 3.892, 0.000, 0.000, 0.000, 0.000, 4.694
27.700, 1, Obstacle, -460.042, -147.720, 0.000, 3.892, 0.000, 0.000, 0.000, 0.000, 0.000
27.750, 0, Ego, -454.928, -142.955, 0.000, 3.892, 0.000, 0.000, 0.000, 0.000, 4.694
27.750, 1, Obstacle, -460.042, -147.720, 0.000, 3.892, 0.000, 0.000, 0.000, 0.000, 0.000
27.800, 0, Ego, -454.928, -142.955, 0.000, 3.892, 0.000, 0.000, 0.000, 0.000, 4.694
27.800, 1, Obstacle, -460.042, -147.720, 0.000, 3.892, 0.000, 0.000, 0.000, 0.000, 0.000
27.850, 0, Ego, -454.928, -142.955, 0.000, 3.892, 0.000, 0.000, 0.000, 0.000, 4.694
27.850, 1, Obstacle, -460.042, -147.720, 0.000, 3.892, 0.000, 0.000, 0.000, 0.000, 0.000
27.900, 0, Ego, -454.928, -142.955, 0.000, 3.892, 0.000, 0.000, 0.000, 0.000, 4.694
27.900, 1, Obstacle, -460.042, -147.720, 0.000, 3.892, 0.000, 0.000, 0.000, 0.000, 0.000
27.950, 0, Ego, -454.928, -142.955, 0.000, 3.892, 0.000, 0.000, 0.000, 0.000, 4.694
27.950, 1, Obstacle, -460.042, -147.720, 0.000, 3.892, 0.000, 0.000, 0.000, 0.000, 0.000
28.000, 0, Ego, -454.928, -142.955, 0.000, 3.892, 0.000, 0.000, 0.000, 0.000, 4.694
28.000, 1, Obstacle, -460.042, -147.720, 0.000, 3.892, 0.000, 0.000, 0.000, 0.000, 0.000
28.050, 0, Ego, -454.928, -142.955, 0.000, 3.892, 0.000, 0.000, 0.000, 0.000, 4.694
28.050, 1, Obstacle, -460.042, -147.720, 0.000, 3.892, 0.000, 0.000, 0.000, 0.000, 0.000
28.100, 0, Ego, -454.928, -142.955, 0.000, 3.892, 0.000, 0.000, 0.000, 0.000, 4.694
28.100, 1, Obstacle, -460.042, -147.720, 0.000, 3.892, 0.000, 0.000, 0.000, 0.000, 0.000
28.150, 0, Ego, -454.928, -142.955, 0.000, 3.892, 0.000, 0.000, 0.000, 0.000, 4.694
28.150, 1, Obstacle, -460.042, -147.720, 0.000, 3.892, 0.000, 0.000, 0.000, 0.000, 0.000
28.200, 0, Ego, -454.928, -142.955, 0.000, 3.892, 0.000, 0.000, 0.000, 0.000, 4.694
28.200, 1, Obstacle, -460.042, -147.720, 0.000, 3.892, 0.000, 0.000, 0.000, 0.000, 0.000
28.250, 0, Ego, -454.928, -142.955, 0.000, 3.892, 0.000, 0.000, 0.000, 0.000, 4.694
28.250, 1, Obstacle, -460.042, -147.720, 0.000, 3.892, 0.000, 0.000, 0.000, 0.000, 0.000
28.300, 0, Ego, -454.928, -142.955, 0.000, 3.892, 0.000, 0.000, 0.000, 0.000, 4.694
28.300, 1, Obstacle, -460.042, -147.720, 0.000, 3.892, 0.000, 0.000, 0.000, 0.000, 0.000
28.350, 0, Ego, -454.928, -142.955, 0.000, 3.892, 0.000, 0.000, 0.000, 0.000, 4.694
28.350, 1, Obstacle, -460.042, -147.720, 0.000, 3.892, 0.000, 0.000, 0.000, 0.000, 0.000
28.400, 0, Ego, -454.928, -142.955, 0.000, 3.892, 0.000, 0.000, 0.000, 0.000, 4.694
28.400, 1, Obstacle, -460.042, -147.720, 0.000, 3.892, 0.000, 0.000, 0.000, 0.000, 0.000
28.450, 0, Ego, -454.928, -142.955, 0.000, 3.892, 0.000, 0.000, 0.000, 0.000, 4.694
28.450, 1, Obstacle, -460.042, -147.720, 0.000, 3.892, 0.000, 0.000, 0.000, 0.000, 0.000
28.500, 0, Ego, -454.928, -142.955, 0.000, 3.892, 0.000, 0.000, 0.000, 0.000, 4.694
28.500, 1, Obstacle, -460.042, -147.720, 0.000, 3.892, 0.000, 0.000, 0.000, 0.000, 0.000
28.550, 0, Ego, -454.928, -142.955, 0.000, 3.892, 0.000, 0.000, 0.000, 0.000, 4.694
28.550, 1, Obstacle, -460.042, -147.720, 0.000, 3.892, 0.000, 0.000, 0.000, 0.000, 0.000
28.600, 0, Ego, -454.928, -142.955, 0.000, 3.892, 0.000, 0.000, 0.000, 0.000, 4.694
28.600, 1, Obstacle, -460.042, -147.720, 0.000, 3.892, 0.000, 0.000, 0.000, 0.000, 0.000
28.650, 0, Ego, -454.928, -142.955, 0.000, 3.892, 0.000, 0.000, 0.000, 0.000, 4.694
28.650, 1, Obstacle, -460.042, -147.720, 0.000, 3.892, 0.000, 0.000, 0.000, 0.000, 0.000
28.700, 0, Ego, -454.928, -142.955, 0.000, 3.892, 0.000, 0.000, 0.000, 0.000, 4.694
28.700, 1, Obstacle, -460.042, -147.720, 0.000, 3.892, 0.000, 0.000, 0.000, 0.000, 0.000
28.750, 0, Ego, -454.928, -142.955, 0.000, 3.892, 0.000, 0.000, 0.000, 0.000, 4.694
28.750, 1, Obstacle, -460.042, -147.720, 0.000, 3.892, 0.000, 0.000, 0.000, 0.000, 0.000
28.800, 0, Ego, -454.928, -142.955, 0.000, 3.892, 0.000, 0.000, 0.000, 0.000, 4.694
28.800, 1, Obstacle, -460.042, -147.720, 0.000, 3.892, 0.000, 0.000, 0.000, 0.000, 0.000
28.850, 0, Ego, -454.928, -142.955, 0.000, 3.892, 0.000, 0.000, 0.000, 0.000, 4.694
28.850, 1, Obstacle, -460.042, -147.720, 0.000, 3.892, 0.000, 0.000, 0.000, 0.000, 0.000
28.900, 0, Ego, -454.928, -142.955, 0.000, 3.892, 0.000, 0.000, 0.000, 0.000, 4.694
28.900, 1, Obstacle, -460.042, -147.720, 0.000, 3.892, 0.000, 0.000, 0.000, 0.000, 0.000
28.950, 0, Ego, -454.928, -142.955, 0.000, 3.892, 0.000, 0.000, 0.000, 0.000, 4.694
28.950, 1, Obstacle, -460.042, -147.720, 0.000, 3.892, 0.000, 0.000, 0.000, 0.000, 0.000
29.000, 0, Ego, -454.928, -142.955, 0.000, 3.892, 0.000, 0.000, 0.000, 0.000, 4.694
29.000, 1, Obstacle, -460.042, -147.720, 0.000, 3.892, 0.000, 0.000, 0.000, 0.000, 0.000
29.050, 0, Ego, -454.928, -142.955, 0.000, 3.892, 0.000, 0.000, 0.000, 0.000, 4.694
29.050, 1, Obstacle, -460.042, -147.720, 0.000, 3.892, 0.000, 0.000, 0.000, 0.000, 0.000
29.100, 0, Ego, -454.928, -142.955, 0.000, 3.892, 0.000, 0.000, 0.000, 0.000, 4.694
29.100, 1, Obstacle, -460.042, -147.720, 0.000, 3.892, 0.000, 0.000, 0.000, 0.000, 0.000
29.150, 0, Ego, -454.928, -142.955, 0.000, 3.892, 0.000, 0.000, 0.000, 0.000, 4.694
29.150, 1, Obstacle, -460.042, -147.720, 0.000, 3.892, 0.000, 0.000, 0.000, 0.000, 0.000
29.200, 0, Ego, -454.928, -142.955, 0.000, 3.892, 0.000, 0.000, 0.000, 0.000, 4.694
29.200, 1, Obstacle, -460.042, -147.720, 0.000, 3.892, 0.000, 0.000, 0.000, 0.000, 0.000
29.250, 0, Ego, -454.928, -142.955, 0.000, 3.892, 0.000, 0.000, 0.000, 0.000, 4.694
29.250, 1, Obstacle, -460.042, -147.720, 0.000, 3.892, 0.000, 0.000, 0.000, 0.000, 0.000
29.300, 0, Ego, -454.928, -142.955, 0.000, 3.892, 0.000, 0.000, 0.000, 0.000, 4.694
29.300, 1, Obstacle, -460.042, -147.720, 0.000, 3.892, 0.000, 0.000, 0.000, 0.000, 0.000
29.350, 0, Ego, -454.928, -142.955, 0.000, 3.892, 0.000, 0.000, 0.000, 0.000, 4.694
29.350, 1, Obstacle, -460.042, -147.720, 0.000, 3.892, 0.000, 0.000, 0.000, 0.000, 0.000
29.400, 0, Ego, -454.928, -142.955, 0.000, 3.892, 0.000, 0.000, 0.000, 0.000, 4.694
29.400, 1, Obstacle, -460.042, -147.720, 0.000, 3.892, 0.000, 0.000, 0.000, 0.000, 0.000
29.450, 0, Ego, -454.928, -142.955, 0.000, 3.892, 0.000, 0.000, 0.000, 0.000, 4.694
29.450, 1, Obstacle, -460.042, -147.720, 0.000, 3.892, 0.000, 0.000, 0.000, 0.000, 0.000
29.500, 0, Ego, -454.928, -142.955, 0.000, 3.892, 0.000, 0.000, 0.000, 0.000, 4.694
29.500, 1, Obstacle, -460.042, -147.720, 0.000, 3.892, 0.000, 0.000, 0.000, 0.000, 0.000
29.550, 0, Ego, -454.928, -142.955, 0.000, 3.892, 0.000, 0.000, 0.000, 0.000, 4.694
29.550, 1, Obstacle, -460.042, -147.720, 0.000, 3.892, 0.000, 0.000, 0.000, 0.000, 0.000
29.600, 0, Ego, -454.928, -142.955, 0.000, 3.892, 0.000, 0.000, 0.000, 0.000, 4.694
29.600, 1, Obstacle, -460.042, -147.720, 0.000, 3.892, 0.000, 0.000, 0.000, 0.000, 0.000
29.650, 0, Ego, -454.928, -142.955, 0.000, 3.892, 0.000, 0.000, 0.000, 0.000, 4.694
29.650, 1, Obstacle, -460.042, -147.720, 0.000, 3.892, 0.000, 0.000, 0.000, 0.000, 0.000
29.700, 0, Ego, -454.928, -142.955, 0.000, 3.892, 0.000, 0.000, 0.000, 0.000, 4.694
29.700, 1, Obstacle, -460.042, -147.720, 0.000, 3.892, 0.000, 0.000, 0.000, 0.000, 0.000
29.750, 0, Ego, -454.928, -142.955, 0.000, 3.892, 0.000, 0.000, 0.000, 0.000, 4.694
29.750, 1, Obstacle, -460.042, -147.720, 0.000, 3.892, 0.000, 0.000, 0.000, 0.000, 0.000
29.800, 0, Ego, -454.928, -142.955, 0.000, 3.892, 0.000, 0.000, 0.000, 0.000, 4.694
29.800, 1, Obstacle, -460.042, -147.720, 0.000, 3.892, 0.000, 0.000, 0.000, 0.000, 0.000
29.850, 0, Ego, -454.928, -142.955, 0.000, 3.892, 0.000, 0.000, 0.000, 0.000, 4.694
29.850, 1, Obstacle, -460.042, -147.720, 0.000, 3.892, 0.000, 0.000, 0.000, 0.000, 0.000
29.900, 0, Ego, -454.928, -142.955, 0.000, 3.892, 0.000, 0.000, 0.000, 0.000, 4.694
29.900, 1, Obstacle, -460.042, -147.720, 0.000, 3.892, 0.000, 0.000, 0.000, 0.000, 0.000
29.950, 0, Ego, -454.928, -142.955, 0.000, 3.892, 0.000, 0.000, 0.000, 0.000, 4.694
29.950, 1, Obstacle, -460.042, -147.720, 0.000, 3.892, 0.000, 0.000, 0.000, 0.000, 0.000
30.000, 0, Ego, -454.928, -142.955, 0.000, 3.892, 0.000, 0.000, 0.000, 0.000, 4.694
30.000, 1, Obstacle, -460.042, -147.720, 0.000, 3.892, 0.000, 0.000, 0.000, 0.000, 0.000
30.050, 0, Ego, -454.928, -142.955, 0.000, 3.892, 0.000, 0.000, 0.000, 0.000, 4.694
30.050, 1, Obstacle, -460.042, -147.720, 0.000, 3.892, 0.000, 0.000, 0.000, 0.000, 0.000
30.100, 0, Ego, -454.928, -142.955, 0.000, 3.892, 0.000, 0.000, 0.000, 0.000, 4.694
30.100, 1, Obstacle, -460.042, -147.720, 0.000, 3.892, 0.000, 0.000, 0.000, 0.000, 0.000
30.150, 0, Ego, -454.928, -142.955, 0.000, 3.892, 0.000, 0.000, 0.000, 0.000, 4.694
30.150, 1, Obstacle, -460.042, -147.720, 0.000, 3.892, 0.000, 0.000, 0.000, 0.000, 0.000
30.200, 0, Ego, -454.928, -142.955, 0.000, 3.892, 0.000, 0.000, 0.000, 0.000, 4.694
30.200, 1, Obstacle, -460.042, -147.720, 0.000, 3.892, 0.000, 0.000, 0.000, 0.000, 0.000
30.250, 0, Ego, -454.928, -142.955, 0.000, 3.892, 0.000, 0.000, 0.000, 0.000, 4.694
30.250, 1, Obstacle, -460.042, -147.720, 0.000, 3.892, 0.000, 0.000, 0.000, 0.000, 0.000
30.300, 0, Ego, -454.928, -142.955, 0.000, 3.892, 0.000, 0.000, 0.000, 0.000, 4.694
30.300, 1, Obstacle, -460.042, -147.720, 0.000, 3.892, 0.000, 0.000, 0.000, 0.000, 0.000
30.350, 0, Ego, -454.928, -142.955, 0.000, 3.892, 0.000, 0.000, 0.000, 0.000, 4.694
30.350, 1, Obstacle, -460.042, -147.720, 0.000, 3.892, 0.000, 0.000, 0.000, 0.000, 0.000
30.400, 0, Ego, -454.928, -142.955, 0.000, 3.892, 0.000, 0.000, 0.000, 0.000, 4.694
30.400, 1, Obstacle, -460.042, -147.720, 0.000, 3.892, 0.000, 0.000, 0.000, 0.000, 0.000
30.450, 0, Ego, -454.928, -142.955, 0.000, 3.892, 0.000, 0.000, 0.000, 0.000, 4.694
30.450, 1, Obstacle, -460.042, -147.720, 0.000, 3.892, 0.000, 0.000, 0.000, 0.000, 0.000
30.500, 0, Ego, -454.928, -142.955, 0.000, 3.892, 0.000, 0.000, 0.000, 0.000, 4.694
30.500, 1, Obstacle, -460.042, -147.720, 0.000, 3.892, 0.000, 0.000, 0.000, 0.000, 0.000
30.550, 0, Ego, -454.928, -142.955, 0.000, 3.892, 0.000, 0.000, 0.000, 0.000, 4.694
30.550, 1, Obstacle, -460.042, -147.720, 0.000, 3.892, 0.000, 0.000, 0.000, 0.000, 0.000
30.600, 0, Ego, -454.928, -142.955, 0.000, 3.892, 0.000, 0.000, 0.000, 0.000, 4.694
30.600, 1, Obstacle, -460.042, -147.720, 0.000, 3.892, 0.000, 0.000, 0.000, 0.000, 0.000
30.650, 0, Ego, -454.928, -142.955, 0.000, 3.892, 0.000, 0.000, 0.000, 0.000, 4.694
30.650, 1, Obstacle, -460.042, -147.720, 0.000, 3.892, 0.000, 0.000, 0.000, 0.000, 0.000
30.700, 0, Ego, -454.928, -142.955, 0.000, 3.892, 0.000, 0.000, 0.000, 0.000, 4.694
30.700, 1, Obstacle, -460.042, -147.720, 0.000, 3.892, 0.000, 0.000, 0.000, 0.000, 0.000
30.750, 0, Ego, -454.928, -142.955, 0.000, 3.892, 0.000, 0.000, 0.000, 0.000, 4.694
30.750, 1, Obstacle, -460.042, -147.720, 0.000, 3.892, 0.000, 0.000, 0.000, 0.000, 0.000
30.800, 0, Ego, -454.928, -142.955, 0.000, 3.892, 0.000, 0.000, 0.000, 0.000, 4.694
30.800, 1, Obstacle, -460.042, -147.720, 0.000, 3.892, 0.000, 0.000, 0.000, 0.000, 0.000
30.850, 0, Ego, -454.928, -142.955, 0.000, 3.892, 0.000, 0.000, 0.000, 0.000, 4.694
30.850, 1, Obstacle, -460.042, -147.720, 0.000, 3.892, 0.000, 0.000, 0.000, 0.000, 0.000
30.900, 0, Ego, -454.928, -142.955, 0.000, 3.892, 0.000, 0.000, 0.000, 0.000, 4.694
30.900, 1, Obstacle, -460.042, -147.720, 0.000, 3.892, 0.000, 0.000, 0.000, 0.000, 0.000
30.950, 0, Ego, -454.928, -142.955, 0.000, 3.892, 0.000, 0.000, 0.000, 0.000, 4.694
30.950, 1, Obstacle, -460.042, -147.720, 0.000, 3.892, 0.000, 0.000, 0.000, 0.000, 0.000
31.000, 0, Ego, -454.928, -142.955, 0.000, 3.892, 0.000, 0.000, 0.000, 0.000, 4.694
31.000, 1, Obstacle, -460.042, -147.720, 0.000, 3.892, 0.000, 0.000, 0.000, 0.000, 0.000
31.050, 0, Ego, -454.928, -142.955, 0.000, 3.892, 0.000, 0.000, 0.000, 0.000, 4.694
31.050, 1, Obstacle, -460.042, -147.720, 0.000, 3.892, 0.000, 0.000, 0.000, 0.000, 0.000
31.100, 0, Ego, -454.928, -142.955, 0.000, 3.892, 0.000, 0.000, 0.000, 0.000, 4.694
31.100, 1, Obstacle, -460.042, -147.720, 0.000, 3.892, 0.000, 0.000, 0.000, 0.000, 0.000
31.150, 0, Ego, -454.928, -142.955, 0.000, 3.892, 0.000, 0.000, 0.000, 0.000, 4.694
31.150, 1, Obstacle, -460.042, -147.720, 0.000, 3.892, 0.000, 0.000, 0.000, 0.000, 0.000
31.200, 0, Ego, -454.928, -142.955, 0.000, 3.892, 0.000, 0.000, 0.000, 0.000, 4.694
31.200, 1, Obstacle, -460.042, -147.720, 0.000, 3.892, 0.000, 0.000, 0.000, 0.000, 0.000
31.250, 0, Ego, -454.928, -142.955, 0.000, 3.892, 0.000, 0.000, 0.000, 0.000, 4.694
31.250, 1, Obstacle, -460.042, -147.720, 0.000, 3.892, 0.000, 0.000, 0.000, 0.000, 0.000
31.300, 0, Ego, -454.928, -142.955, 0.000, 3.892, 0.000, 0.000, 0.000, 0.000, 4.694
31.300, 1, Obstacle, -460.042, -147.720, 0.000, 3.892, 0.000, 0.000, 0.000, 0.000, 0.000
31.350, 0, Ego, -454.928, -142.955, 0.000, 3.892, 0.000, 0.000, 0.000, 0.000, 4.694
31.350, 1, Obstacle, -460.042, -147.720, 0.000, 3.892, 0.000, 0.000, 0.000, 0.000, 0.000
31.400, 0, Ego, -454.928, -142.955, 0.000, 3.892, 0.000, 0.000, 0.000, 0.000, 4.694
31.400, 1, Obstacle, -460.042, -147.720, 0.000, 3.892, 0.000, 0.000, 0.000, 0.000, 0.000
31.450, 0, Ego, -454.928, -142.955, 0.000, 3.892, 0.000, 0.000, 0.000, 0.000, 4.694
31.450, 1, Obstacle, -460.042, -147.720, 0.000, 3.892, 0.000, 0.000, 0.000, 0.000, 0.000
31.500, 0, Ego, -454.928, -142.955, 0.000, 3.892, 0.000, 0.000, 0.000, 0.000, 4.694
31.500, 1, Obstacle, -460.042, -147.720, 0.000, 3.892, 0.000, 0.000, 0.000, 0.000, 0.000
31.550, 0, Ego, -454.928, -142.955, 0.000, 3.892, 0.000, 0.000, 0.000, 0.000, 4.694
31.550, 1, Obstacle, -460.042, -147.720, 0.000, 3.892, 0.000, 0.000, 0.000, 0.000, 0.000
31.600, 0, Ego, -454.928, -142.955, 0.000, 3.892, 0.000, 0.000, 0.000, 0.000, 4.694
31.600, 1, Obstacle, -460.042, -147.720, 0.000, 3.892, 0.000, 0.000, 0.000, 0.000, 0.000
31.650, 0, Ego, -454.928, -142.955, 0.000, 3.892, 0.000, 0.000, 0.000, 0.000, 4.694
31.650, 1, Obstacle, -460.042, -147.720, 0.000, 3.892, 0.000, 0.000, 0.000, 0.000, 0.000
31.700, 0, Ego, -454.928, -142.955, 0.000, 3.892, 0.000, 0.000, 0.000, 0.000, 4.694
31.700, 1, Obstacle, -460.042, -147.720, 0.000, 3.892, 0.000, 0.000, 0.000, 0.000, 0.000
31.750, 0, Ego, -454.928, -142.955, 0.000, 3.892, 0.000, 0.000, 0.000, 0.000, 4.694
31.750, 1, Obstacle, -460.042, -147.720, 0.000, 3.892, 0.000, 0.000, 0.000, 0.000, 0.000
31.800, 0, Ego, -454.928, -142.955, 0.000, 3.892, 0.000, 0.000, 0.000, 0.000, 4.694
31.800, 1, Obstacle, -460.042, -147.720, 0.000, 3.892, 0.000, 0.000, 0.000, 0.000, 0.000
31.850, 0, Ego, -454.928, -142.955, 0.000, 3.892, 0.000, 0.000, 0.000, 0.000, 4.694
31.850, 1, Obstacle, -460.042, -147.720, 0.000, 3.892, 0.000, 0.000, 0.000, 0.000, 0.000
31.900, 0, Ego, -454.928, -142.955, 0.000, 3.892, 0.000, 0.000, 0.000, 0.000, 4.694
31.900, 1, Obstacle, -460.042, -147.720, 0.000, 3.892, 0.000, 0.000, 0.000, 0.000, 0.000
31.950, 0, Ego, -454.928, -142.955, 0.000, 3.892, 0.000, 0.000, 0.000, 0.000, 4.694
31.950, 1, Obstacle, -460.042, -147.720, 0.000, 3.892, 0.000, 0.000, 0.000, 0.000, 0.000
32.000, 0, Ego, -454.928, -142.955, 0.000, 3.892, 0.000, 0.000, 0.000, 0.000, 4.694
32.000, 1, Obstacle, -460.042, -147.720, 0.000, 3.892, 0.000, 0.000, 0.000, 0.000, 0.000
32.050, 0, Ego, -454.928, -142.955, 0.000, 3.892, 0.000, 0.000, 0.000, 0.000, 4.694
32.050, 1, Obstacle, -460.042, -147.720, 0.000, 3.892, 0.000, 0.000, 0.000, 0.000, 0.000
32.100, 0, Ego, -454.928, -142.955, 0.000, 3.892, 0.000, 0.000, 0.000, 0.000, 4.694
32.100, 1, Obstacle, -460.042, -147.720, 0.000, 3.892, 0.000, 0.000, 0.000, 0.000, 0.000
32.150, 0, Ego, -454.928, -142.955, 0.000, 3.892, 0.000, 0.000, 0.000, 0.000, 4.694
32.150, 1, Obstacle, -460.042, -147.720, 0.000, 3.892, 0.000, 0.000, 0.000, 0.000, 0.000
32.200, 0, Ego, -454.928, -142.955, 0.000, 3.892, 0.000, 0.000, 0.000, 0.000, 4.694
32.200, 1, Obstacle, -460.042, -147.720, 0.000, 3.892, 0.000, 0.000, 0.000, 0.000, 0.000
32.250, 0, Ego, -454.928, -142.955, 0.000, 3.892, 0.000, 0.000, 0.000, 0.000, 4.694
32.250, 1, Obstacle, -460.042, -147.720, 0.000, 3.892, 0.000, 0.000, 0.000, 0.000, 0.000
32.300, 0, Ego, -454.928, -142.955, 0.000, 3.892, 0.000, 0.000, 0.000, 0.000, 4.694
32.300, 1, Obstacle, -460.042, -147.720, 0.000, 3.892, 0.000, 0.000, 0.000, 0.000, 0.000
32.350, 0, Ego, -454.928, -142.955, 0.000, 3.892, 0.000, 0.000, 0.000, 0.000, 4.694
32.350, 1, Obstacle, -460.042, -147.720, 0.000, 3.892, 0.000, 0.000, 0.000, 0.000, 0.000
32.400, 0, Ego, -454.928, -142.955, 0.000, 3.892, 0.000, 0.000, 0.000, 0.000, 4.694
32.400, 1, Obstacle, -460.042, -147.720, 0.000, 3.892, 0.000, 0.000, 0.000, 0.000, 0.000
32.450, 0, Ego, -454.928, -142.955, 0.000, 3.892, 0.000, 0.000, 0.000, 0.000, 4.694
32.450, 1, Obstacle, -460.042, -147.720, 0.000, 3.892, 0.000, 0.000, 0.000, 0.000, 0.000
32.500, 0, Ego, -454.928, -142.955, 0.000, 3.892, 0.000, 0.000, 0.000, 0.000, 4.694
32.500, 1, Obstacle, -460.042, -147.720, 0.000, 3.892, 0.000, 0.000, 0.000, 0.000, 0.000
32.550, 0, Ego, -454.928, -142.955, 0.000, 3.892, 0.000, 0.000, 0.000, 0.000, 4.694
32.550, 1, Obstacle, -460.042, -147.720, 0.000, 3.892, 0.000, 0.000, 0.000, 0.000, 0.000
32.600, 0, Ego, -454.928, -142.955, 0.000, 3.892, 0.000, 0.000, 0.000, 0.000, 4.694
32.600, 1, Obstacle, -460.042, -147.720, 0.000, 3.892, 0.000, 0.000, 0.000, 0.000, 0.000
32.650, 0, Ego, -454.928, -142.955, 0.000, 3.892, 0.000, 0.000, 0.000, 0.000, 4.694
32.650, 1, Obstacle, -460.042, -147.720, 0.000, 3.892, 0.000, 0.000, 0.000, 0.000, 0.000
32.700, 0, Ego, -454.928, -142.955, 0.000, 3.892, 0.000, 0.000, 0.000, 0.000, 4.694
32.700, 1, Obstacle, -460.042, -147.720, 0.000, 3.892, 0.000, 0.000, 0.000, 0.000, 0.000
32.750, 0, Ego, -454.928, -142.955, 0.000, 3.892, 0.000, 0.000, 0.000, 0.000, 4.694
32.750, 1, Obstacle, -460.042, -147.720, 0.000, 3.892, 0.000, 0.000, 0.000, 0.000, 0.000
32.800, 0, Ego, -454.928, -142.955, 0.000, 3.892, 0.000, 0.000, 0.000, 0.000, 4.694
32.800, 1, Obstacle, -460.042, -147.720, 0.000, 3.892, 0.000, 0.000, 0.000, 0.000, 0.000
32.850, 0, Ego, -454.928, -142.955, 0.000, 3.892, 0.000, 0.000, 0.000, 0.000, 4.694
32.850, 1, Obstacle, -460.042, -147.720, 0.000, 3.892, 0.000, 0.000, 0.000, 0.000, 0.000
32.900, 0, Ego, -454.928, -142.955, 0.000, 3.892, 0.000, 0.000, 0.000, 0.000, 4.694
32.900, 1, Obstacle, -460.042, -147.720, 0.000, 3.892, 0.000, 0.000, 0.000, 0.000, 0.000
32.950, 0, Ego, -454.928, -142.955, 0.000, 3.892, 0.000, 0.000, 0.000, 0.000, 4.694
32.950, 1, Obstacle, -460.042, -147.720, 0.000, 3.892, 0.000, 0.000, 0.000, 0.000, 0.000
33.000, 0, Ego, -454.928, -142.955, 0.000, 3.892, 0.000, 0.000, 0.000, 0.000, 4.694
33.000, 1, Obstacle, -460.042, -147.720, 0.000, 3.892, 0.000, 0.000, 0.000, 0.000, 0.000
33.050, 0, Ego, -454.928, -142.955, 0.000, 3.892, 0.000, 0.000, 0.000, 0.000, 4.694
33.050, 1, Obstacle, -460.042, -147.720, 0.000, 3.892, 0.000, 0.000, 0.000, 0.000, 0.000
33.100, 0, Ego, -454.928, -142.955, 0.000, 3.892, 0.000, 0.000, 0.000, 0.000, 4.694
33.100, 1, Obstacle, -460.042, -147.720, 0.000, 3.892, 0.000, 0.000, 0.000, 0.000, 0.000
33.150, 0, Ego, -454.928, -142.955, 0.000, 3.892, 0.000, 0.000, 0.000, 0.000, 4.694
33.150, 1, Obstacle, -460.042, -147.720, 0.000, 3.892, 0.000, 0.000, 0.000, 0.000, 0.000
33.200, 0, Ego, -454.928, -142.955, 0.000, 3.892, 0.000, 0.000, 0.000, 0.000, 4.694
33.200, 1, Obstacle, -460.042, -147.720, 0.000, 3.892, 0.000, 0.000, 0.000, 0.000, 0.000
33.250, 0, Ego, -454.928, -142.955, 0.000, 3.892, 0.000, 0.000, 0.000, 0.000, 4.694
33.250, 1, Obstacle, -460.042, -147.720, 0.000, 3.892, 0.000, 0.000, 0.000, 0.000, 0.000
33.300, 0, Ego, -454.928, -142.955, 0.000, 3.892, 0.000, 0.000, 0.000, 0.000, 4.694
33.300, 1, Obstacle, -460.042, -147.720, 0.000, 3.892, 0.000, 0.000, 0.000, 0.000, 0.000
33.350, 0, Ego, -454.928, -142.955, 0.000, 3.892, 0.000, 0.000, 0.000, 0.000, 4.694
33.350, 1, Obstacle, -460.042, -147.720, 0.000, 3.892, 0.000, 0.000, 0.000, 0.000, 0.000
33.400, 0, Ego, -454.928, -142.955, 0.000, 3.892, 0.000, 0.000, 0.000, 0.000, 4.694
33.400, 1, Obstacle, -460.042, -147.720, 0.000, 3.892, 0.000, 0.000, 0.000, 0.000, 0.000
33.450, 0, Ego, -454.928, -142.955, 0.000, 3.892, 0.000, 0.000, 0.000, 0.000, 4.694
33.450, 1, Obstacle, -460.042, -147.720, 0.000, 3.892, 0.000, 0.000, 0.000, 0.000, 0.000
33.500, 0, Ego, -454.928, -142.955, 0.000, 3.892, 0.000, 0.000, 0.000, 0.000, 4.694
33.500, 1, Obstacle, -460.042, -147.720, 0.000, 3.892, 0.000, 0.000, 0.000, 0.000, 0.000
33.550, 0, Ego, -454.928, -142.955, 0.000, 3.892, 0.000, 0.000, 0.000, 0.000, 4.694
33.550, 1, Obstacle, -460.042, -147.720, 0.000, 3.892, 0.000, 0.000, 0.000, 0.000, 0.000
33.600, 0, Ego, -454.928, -142.955, 0.000, 3.892, 0.000, 0.000, 0.000, 0.000, 4.694
33.600, 1, Obstacle, -460.042, -147.720, 0.000, 3.892, 0.000, 0.000, 0.000, 0.000, 0.000
33.650, 0, Ego, -454.928, -142.955, 0.000, 3.892, 0.000, 0.000, 0.000, 0.000, 4.694
33.650, 1, Obstacle, -460.042, -147.720, 0.000, 3.892, 0.000, 0.000, 0.000, 0.000, 0.000
33.700, 0, Ego, -454.928, -142.955, 0.000, 3.892, 0.000, 0.000, 0.000, 0.000, 4.694
33.700, 1, Obstacle, -460.042, -147.720, 0.000, 3.892, 0.000, 0.000, 0.000, 0.000, 0.000
33.750, 0, Ego, -454.928, -142.955, 0.000, 3.892, 0.000, 0.000, 0.000, 0.000, 4.694
33.750, 1, Obstacle, -460.042, -147.720, 0.000, 3.892, 0.000, 0.000, 0.000, 0.000, 0.000
33.800, 0, Ego, -454.928, -142.955, 0.000, 3.892, 0.000, 0.000, 0.000, 0.000, 4.694
33.800, 1, Obstacle, -460.042, -147.720, 0.000, 3.892, 0.000, 0.000, 0.000, 0.000, 0.000
33.850, 0, Ego, -454.928, -142.955, 0.000, 3.892, 0.000, 0.000, 0.000, 0.000, 4.694
33.850, 1, Obstacle, -460.042, -147.720, 0.000, 3.892, 0.000, 0.000, 0.000, 0.000, 0.000
33.900, 0, Ego, -454.928, -142.955, 0.000, 3.892, 0.000, 0.000, 0.000, 0.000, 4.694
33.900, 1, Obstacle, -460.042, -147.720, 0.000, 3.892, 0.000, 0.000, 0.000, 0.000, 0.000
33.950, 0, Ego, -454.928, -142.955, 0.000, 3.892, 0.000, 0.000, 0.000, 0.000, 4.694
33.950, 1, Obstacle, -460.042, -147.720, 0.000, 3.892, 0.000, 0.000, 0.000, 0.000, 0.000
34.000, 0, Ego, -454.928, -142.955, 0.000, 3.892, 0.000, 0.000, 0.000, 0.000, 4.694
34.000, 1, Obstacle, -460.042, -147.720, 0.000, 3.892, 0.000, 0.000, 0.000, 0.000, 0.000
34.050, 0, Ego, -454.928, -142.955, 0.000, 3.892, 0.000, 0.000, 0.000, 0.000, 4.694
34.050, 1, Obstacle, -460.042, -147.720, 0.000, 3.892, 0.000, 0.000, 0.000, 0.000, 0.000
34.100, 0, Ego, -454.928, -142.955, 0.000, 3.892, 0.000, 0.000, 0.000, 0.000, 4.694
34.100, 1, Obstacle, -460.042, -147.720, 0.000, 3.892, 0.000, 0.000, 0.000, 0.000, 0.000
34.150, 0, Ego, -454.928, -142.955, 0.000, 3.892, 0.000, 0.000, 0.000, 0.000, 4.694
34.150, 1, Obstacle, -460.042, -147.720, 0.000, 3.892, 0.000, 0.000, 0.000, 0.000, 0.000
34.200, 0, Ego, -454.928, -142.955, 0.000, 3.892, 0.000, 0.000, 0.000, 0.000, 4.694
34.200, 1, Obstacle, -460.042, -147.720, 0.000, 3.892, 0.000, 0.000, 0.000, 0.000, 0.000
34.250, 0, Ego, -454.928, -142.955, 0.000, 3.892, 0.000, 0.000, 0.000, 0.000, 4.694
34.250, 1, Obstacle, -460.042, -147.720, 0.000, 3.892, 0.000, 0.000, 0.000, 0.000, 0.000
34.300, 0, Ego, -454.928, -142.955, 0.000, 3.892, 0.000, 0.000, 0.000, 0.000, 4.694
34.300, 1, Obstacle, -460.042, -147.720, 0.000, 3.892, 0.000, 0.000, 0.000, 0.000, 0.000
34.350, 0, Ego, -454.928, -142.955, 0.000, 3.892, 0.000, 0.000, 0.000, 0.000, 4.694
34.350, 1, Obstacle, -460.042, -147.720, 0.000, 3.892, 0.000, 0.000, 0.000, 0.000, 0.000
34.400, 0, Ego, -454.928, -142.955, 0.000, 3.892, 0.000, 0.000, 0.000, 0.000, 4.694
34.400, 1, Obstacle, -460.042, -147.720, 0.000, 3.892, 0.000, 0.000, 0.000, 0.000, 0.000
34.450, 0, Ego, -454.928, -142.955, 0.000, 3.892, 0.000, 0.000, 0.000, 0.000, 4.694
34.450, 1, Obstacle, -460.042, -147.720, 0.000, 3.892, 0.000, 0.000, 0.000, 0.000, 0.000
34.500, 0, Ego, -454.928, -142.955, 0.000, 3.892, 0.000, 0.000, 0.000, 0.000, 4.694
34.500, 1, Obstacle, -460.042, -147.720, 0.000, 3.892, 0.000, 0.000, 0.000, 0.000, 0.000
34.550, 0, Ego, -454.928, -142.955, 0.000, 3.892, 0.000, 0.000, 0.000, 0.000, 4.694
34.550, 1, Obstacle, -460.042, -147.720, 0.000, 3.892, 0.000, 0.000, 0.000, 0.000, 0.000
34.600, 0, Ego, -454.928, -142.955, 0.000, 3.892, 0.000, 0.000, 0.000, 0.000, 4.694
34.600, 1, Obstacle, -460.042, -147.720, 0.000, 3.892, 0.000, 0.000, 0.000, 0.000, 0.000
34.650, 0, Ego, -454.928, -142.955, 0.000, 3.892, 0.000, 0.000, 0.000, 0.000, 4.694
34.650, 1, Obstacle, -460.042, -147.720, 0.000, 3.892, 0.000, 0.000, 0.000, 0.000, 0.000
34.700, 0, Ego, -454.928, -142.955, 0.000, 3.892, 0.000, 0.000, 0.000, 0.000, 4.694
34.700, 1, Obstacle, -460.042, -147.720, 0.000, 3.892, 0.000, 0.000, 0.000, 0.000, 0.000
34.750, 0, Ego, -454.928, -142.955, 0.000, 3.892, 0.000, 0.000, 0.000, 0.000, 4.694
34.750, 1, Obstacle, -460.042, -147.720, 0.000, 3.892, 0.000, 0.000, 0.000, 0.000, 0.000
34.800, 0, Ego, -454.928, -142.955, 0.000, 3.892, 0.000, 0.000, 0.000, 0.000, 4.694
34.800, 1, Obstacle, -460.042, -147.720, 0.000, 3.892, 0.000, 0.000, 0.000, 0.000, 0.000
34.850, 0, Ego, -454.928, -142.955, 0.000, 3.892, 0.000, 0.000, 0.000, 0.000, 4.694
34.850, 1, Obstacle, -460.042, -147.720, 0.000, 3.892, 0.000, 0.000, 0.000, 0.000, 0.000
34.900, 0, Ego, -454.928, -142.955, 0.000, 3.892, 0.000, 0.000, 0.000, 0.000, 4.694
34.900, 1, Obstacle, -460.042, -147.720, 0.000, 3.892, 0.000, 0.000, 0.000, 0.000, 0.000
34.950, 0, Ego, -454.928, -142.955, 0.000, 3.892, 0.000, 0.000, 0.000, 0.000, 4.694
34.950, 1, Obstacle, -460.042, -147.720, 0.000, 3.892, 0.000, 0.000, 0.000, 0.000, 0.000
35.000, 0, Ego, -454.928, -142.955, 0.000, 3.892, 0.000, 0.000, 0.000, 0.000, 4.694
35.000, 1, Obstacle, -460.042, -147.720, 0.000, 3.892, 0.000, 0.000, 0.000, 0.000, 0.000
35.050, 0, Ego, -454.928, -142.955, 0.000, 3.892, 0.000, 0.000, 0.000, 0.000, 4.694
35.050, 1, Obstacle, -460.042, -147.720, 0.000, 3.892, 0.000, 0.000, 0.000, 0.000, 0.000
